2026-05-10 00:01:12 [INFO] ?? ENTER: StudentService.updateStudentEnrollmentStatus(..)
2026-05-10 00:01:13 [INFO] ?? EXIT: StudentService.updateStudentEnrollmentStatus(..) | Time: 468ms
2026-05-10 00:01:13 [INFO] ?? ENTER: StudentService.updateStudentEnrollmentStatus(..)
2026-05-10 00:01:13 [INFO] ?? EXIT: StudentService.updateStudentEnrollmentStatus(..) | Time: 16ms
2026-05-10 00:01:13 [INFO] ?? ENTER: StudentService.updateStudentEnrollmentStatus(..)
2026-05-10 00:01:13 [INFO] ?? EXIT: StudentService.updateStudentEnrollmentStatus(..) | Time: 43ms
2026-05-10 00:01:13 [INFO] ?? ENTER: StudentService.updateStudentEnrollmentStatus(..)
2026-05-10 00:01:13 [INFO] ?? EXIT: StudentService.updateStudentEnrollmentStatus(..) | Time: 52ms
2026-05-10 00:01:13 [INFO] ?? ENTER: StudentService.updateStudentEnrollmentStatus(..)
2026-05-10 00:01:13 [INFO] ?? EXIT: StudentService.updateStudentEnrollmentStatus(..) | Time: 14ms
2026-05-10 00:03:36 [INFO] [Consumer clientId=consumer-school-group-1, groupId=school-group] Node -1 disconnected.
2026-05-10 00:04:55 [INFO] ?? ENTER: StudentService.updateStudentEnrollmentStatus(..)
2026-05-10 00:04:55 [INFO] ?? EXIT: StudentService.updateStudentEnrollmentStatus(..) | Time: 33ms
2026-05-10 00:07:20 [INFO] ?? ENTER: StudentService.updateStudentEnrollmentStatus(..)
2026-05-10 00:07:20 [INFO] ?? EXIT: StudentService.updateStudentEnrollmentStatus(..) | Time: 12ms
2026-05-10 00:11:18 [INFO] [Consumer clientId=consumer-school-group-1, groupId=school-group] Revoke previously assigned partitions enrollment-topic-0
2026-05-10 00:11:18 [INFO] [Consumer clientId=consumer-school-group-1, groupId=school-group] Member consumer-school-group-1-7591b62b-7ec5-4ab0-92fc-1c65627bc917 sending LeaveGroup request to coordinator DESKTOP-8IHU6CM:9092 (id: 2147483647 rack: null) due to the consumer unsubscribed from all topics
2026-05-10 00:11:18 [INFO] [Consumer clientId=consumer-school-group-1, groupId=school-group] Resetting generation and member id due to: consumer pro-actively leaving the group
2026-05-10 00:11:18 [INFO] [Consumer clientId=consumer-school-group-1, groupId=school-group] Request joining group due to: consumer pro-actively leaving the group
2026-05-10 00:11:18 [INFO] [Consumer clientId=consumer-school-group-1, groupId=school-group] Resetting generation and member id due to: consumer pro-actively leaving the group
2026-05-10 00:11:18 [INFO] [Consumer clientId=consumer-school-group-1, groupId=school-group] Request joining group due to: consumer pro-actively leaving the group
2026-05-10 00:11:18 [INFO] Metrics scheduler closed
2026-05-10 00:11:18 [INFO] Closing reporter org.apache.kafka.common.metrics.JmxReporter
2026-05-10 00:11:18 [INFO] Metrics reporters closed
2026-05-10 00:11:18 [INFO] App info kafka.consumer for consumer-school-group-1 unregistered
2026-05-10 00:11:19 [INFO] HikariPool-1 - Shutdown initiated...
2026-05-10 00:11:19 [INFO] HikariPool-1 - Shutdown completed.
2026-05-10 00:11:20 [INFO] Starting StudentManagementApplication using Java 17.0.12 with PID 468 (A:\Faculty\year-3 semester-2\SA-2\New folder\Backend\student_management\target\classes started by ahmed in A:\Faculty\year-3 semester-2\SA-2\New folder\Backend\student_management)
2026-05-10 00:11:20 [INFO] No active profile set, falling back to 1 default profile: "default"
2026-05-10 00:11:21 [INFO] Starting service [Tomcat]
2026-05-10 00:11:21 [INFO] Starting Servlet engine: [Apache Tomcat/10.1.20]
2026-05-10 00:11:21 [INFO] Initializing Spring embedded WebApplicationContext
2026-05-10 00:11:22 [INFO] HikariPool-2 - Starting...
2026-05-10 00:11:22 [INFO] HikariPool-2 - Added connection com.mysql.cj.jdbc.ConnectionImpl@23f3ea40
2026-05-10 00:11:22 [INFO] HikariPool-2 - Start completed.
2026-05-10 00:11:22 [WARN] HHH90000025: MySQLDialect does not need to be specified explicitly using 'hibernate.dialect' (remove the property setting and it will be selected by default)
2026-05-10 00:11:22 [WARN] GenerationTarget encountered exception accepting command : Error executing DDL "alter table parents modify column id integer not null" via JDBC [Referencing column 'parent_id' and referenced column 'id' in foreign key constraint 'FK6vyvnm5ubl6y01i6oa1xa23h3' are incompatible.]
org.hibernate.tool.schema.spi.CommandAcceptanceException: Error executing DDL "alter table parents modify column id integer not null" via JDBC [Referencing column 'parent_id' and referenced column 'id' in foreign key constraint 'FK6vyvnm5ubl6y01i6oa1xa23h3' are incompatible.]
	at org.hibernate.tool.schema.internal.exec.GenerationTargetToDatabase.accept(GenerationTargetToDatabase.java:94) ~[hibernate-core-6.4.4.Final.jar:6.4.4.Final]
	at org.hibernate.tool.schema.internal.AbstractSchemaMigrator.applySqlString(AbstractSchemaMigrator.java:574) ~[hibernate-core-6.4.4.Final.jar:6.4.4.Final]
	at org.hibernate.tool.schema.internal.AbstractSchemaMigrator.applySqlStrings(AbstractSchemaMigrator.java:514) ~[hibernate-core-6.4.4.Final.jar:6.4.4.Final]
	at org.hibernate.tool.schema.internal.AbstractSchemaMigrator.migrateTable(AbstractSchemaMigrator.java:333) ~[hibernate-core-6.4.4.Final.jar:6.4.4.Final]
	at org.hibernate.tool.schema.internal.GroupedSchemaMigratorImpl.performTablesMigration(GroupedSchemaMigratorImpl.java:84) ~[hibernate-core-6.4.4.Final.jar:6.4.4.Final]
	at org.hibernate.tool.schema.internal.AbstractSchemaMigrator.performMigration(AbstractSchemaMigrator.java:232) ~[hibernate-core-6.4.4.Final.jar:6.4.4.Final]
	at org.hibernate.tool.schema.internal.AbstractSchemaMigrator.doMigration(AbstractSchemaMigrator.java:117) ~[hibernate-core-6.4.4.Final.jar:6.4.4.Final]
	at org.hibernate.tool.schema.spi.SchemaManagementToolCoordinator.performDatabaseAction(SchemaManagementToolCoordinator.java:286) ~[hibernate-core-6.4.4.Final.jar:6.4.4.Final]
	at org.hibernate.tool.schema.spi.SchemaManagementToolCoordinator.lambda$process$5(SchemaManagementToolCoordinator.java:145) ~[hibernate-core-6.4.4.Final.jar:6.4.4.Final]
	at java.base/java.util.HashMap.forEach(HashMap.java:1421) ~[na:na]
	at org.hibernate.tool.schema.spi.SchemaManagementToolCoordinator.process(SchemaManagementToolCoordinator.java:142) ~[hibernate-core-6.4.4.Final.jar:6.4.4.Final]
	at org.hibernate.boot.internal.SessionFactoryObserverForSchemaExport.sessionFactoryCreated(SessionFactoryObserverForSchemaExport.java:37) ~[hibernate-core-6.4.4.Final.jar:6.4.4.Final]
	at org.hibernate.internal.SessionFactoryObserverChain.sessionFactoryCreated(SessionFactoryObserverChain.java:35) ~[hibernate-core-6.4.4.Final.jar:6.4.4.Final]
	at org.hibernate.internal.SessionFactoryImpl.<init>(SessionFactoryImpl.java:315) ~[hibernate-core-6.4.4.Final.jar:6.4.4.Final]
	at org.hibernate.boot.internal.SessionFactoryBuilderImpl.build(SessionFactoryBuilderImpl.java:450) ~[hibernate-core-6.4.4.Final.jar:6.4.4.Final]
	at org.hibernate.jpa.boot.internal.EntityManagerFactoryBuilderImpl.build(EntityManagerFactoryBuilderImpl.java:1507) ~[hibernate-core-6.4.4.Final.jar:6.4.4.Final]
	at org.springframework.orm.jpa.vendor.SpringHibernateJpaPersistenceProvider.createContainerEntityManagerFactory(SpringHibernateJpaPersistenceProvider.java:75) ~[spring-orm-6.1.6.jar:6.1.6]
	at org.springframework.orm.jpa.LocalContainerEntityManagerFactoryBean.createNativeEntityManagerFactory(LocalContainerEntityManagerFactoryBean.java:390) ~[spring-orm-6.1.6.jar:6.1.6]
	at org.springframework.orm.jpa.AbstractEntityManagerFactoryBean.buildNativeEntityManagerFactory(AbstractEntityManagerFactoryBean.java:409) ~[spring-orm-6.1.6.jar:6.1.6]
	at org.springframework.orm.jpa.AbstractEntityManagerFactoryBean.afterPropertiesSet(AbstractEntityManagerFactoryBean.java:396) ~[spring-orm-6.1.6.jar:6.1.6]
	at org.springframework.orm.jpa.LocalContainerEntityManagerFactoryBean.afterPropertiesSet(LocalContainerEntityManagerFactoryBean.java:366) ~[spring-orm-6.1.6.jar:6.1.6]
	at org.springframework.beans.factory.support.AbstractAutowireCapableBeanFactory.invokeInitMethods(AbstractAutowireCapableBeanFactory.java:1833) ~[spring-beans-6.1.6.jar:6.1.6]
	at org.springframework.beans.factory.support.AbstractAutowireCapableBeanFactory.initializeBean(AbstractAutowireCapableBeanFactory.java:1782) ~[spring-beans-6.1.6.jar:6.1.6]
	at org.springframework.beans.factory.support.AbstractAutowireCapableBeanFactory.doCreateBean(AbstractAutowireCapableBeanFactory.java:600) ~[spring-beans-6.1.6.jar:6.1.6]
	at org.springframework.beans.factory.support.AbstractAutowireCapableBeanFactory.createBean(AbstractAutowireCapableBeanFactory.java:522) ~[spring-beans-6.1.6.jar:6.1.6]
	at org.springframework.beans.factory.support.AbstractBeanFactory.lambda$doGetBean$0(AbstractBeanFactory.java:326) ~[spring-beans-6.1.6.jar:6.1.6]
	at org.springframework.beans.factory.support.DefaultSingletonBeanRegistry.getSingleton(DefaultSingletonBeanRegistry.java:234) ~[spring-beans-6.1.6.jar:6.1.6]
	at org.springframework.beans.factory.support.AbstractBeanFactory.doGetBean(AbstractBeanFactory.java:324) ~[spring-beans-6.1.6.jar:6.1.6]
	at org.springframework.beans.factory.support.AbstractBeanFactory.getBean(AbstractBeanFactory.java:200) ~[spring-beans-6.1.6.jar:6.1.6]
	at org.springframework.context.support.AbstractApplicationContext.getBean(AbstractApplicationContext.java:1234) ~[spring-context-6.1.6.jar:6.1.6]
	at org.springframework.context.support.AbstractApplicationContext.finishBeanFactoryInitialization(AbstractApplicationContext.java:952) ~[spring-context-6.1.6.jar:6.1.6]
	at org.springframework.context.support.AbstractApplicationContext.refresh(AbstractApplicationContext.java:624) ~[spring-context-6.1.6.jar:6.1.6]
	at org.springframework.boot.web.servlet.context.ServletWebServerApplicationContext.refresh(ServletWebServerApplicationContext.java:146) ~[spring-boot-3.2.5.jar:3.2.5]
	at org.springframework.boot.SpringApplication.refresh(SpringApplication.java:754) ~[spring-boot-3.2.5.jar:3.2.5]
	at org.springframework.boot.SpringApplication.refreshContext(SpringApplication.java:456) ~[spring-boot-3.2.5.jar:3.2.5]
	at org.springframework.boot.SpringApplication.run(SpringApplication.java:334) ~[spring-boot-3.2.5.jar:3.2.5]
	at org.springframework.boot.SpringApplication.run(SpringApplication.java:1354) ~[spring-boot-3.2.5.jar:3.2.5]
	at org.springframework.boot.SpringApplication.run(SpringApplication.java:1343) ~[spring-boot-3.2.5.jar:3.2.5]
	at com.student_managment_service.student_management.StudentManagementApplication.main(StudentManagementApplication.java:13) ~[classes/:na]
	at java.base/jdk.internal.reflect.NativeMethodAccessorImpl.invoke0(Native Method) ~[na:na]
	at java.base/jdk.internal.reflect.NativeMethodAccessorImpl.invoke(NativeMethodAccessorImpl.java:77) ~[na:na]
	at java.base/jdk.internal.reflect.DelegatingMethodAccessorImpl.invoke(DelegatingMethodAccessorImpl.java:43) ~[na:na]
	at java.base/java.lang.reflect.Method.invoke(Method.java:568) ~[na:na]
	at org.springframework.boot.devtools.restart.RestartLauncher.run(RestartLauncher.java:50) ~[spring-boot-devtools-3.2.5.jar:3.2.5]
Caused by: java.sql.SQLException: Referencing column 'parent_id' and referenced column 'id' in foreign key constraint 'FK6vyvnm5ubl6y01i6oa1xa23h3' are incompatible.
	at com.mysql.cj.jdbc.exceptions.SQLError.createSQLException(SQLError.java:130) ~[mysql-connector-j-8.3.0.jar:8.3.0]
	at com.mysql.cj.jdbc.exceptions.SQLExceptionsMapping.translateException(SQLExceptionsMapping.java:122) ~[mysql-connector-j-8.3.0.jar:8.3.0]
	at com.mysql.cj.jdbc.StatementImpl.executeInternal(StatementImpl.java:770) ~[mysql-connector-j-8.3.0.jar:8.3.0]
	at com.mysql.cj.jdbc.StatementImpl.execute(StatementImpl.java:653) ~[mysql-connector-j-8.3.0.jar:8.3.0]
	at com.zaxxer.hikari.pool.ProxyStatement.execute(ProxyStatement.java:94) ~[HikariCP-5.0.1.jar:na]
	at com.zaxxer.hikari.pool.HikariProxyStatement.execute(HikariProxyStatement.java) ~[HikariCP-5.0.1.jar:na]
	at org.hibernate.tool.schema.internal.exec.GenerationTargetToDatabase.accept(GenerationTargetToDatabase.java:80) ~[hibernate-core-6.4.4.Final.jar:6.4.4.Final]
	... 43 common frames omitted
2026-05-10 00:11:22 [WARN] GenerationTarget encountered exception accepting command : Error executing DDL "alter table student_parent_map modify column student_id integer not null" via JDBC [Referencing column 'student_id' and referenced column 'id' in foreign key constraint 'FKdj3vh5omwntbvwvu40rbv5um' are incompatible.]
org.hibernate.tool.schema.spi.CommandAcceptanceException: Error executing DDL "alter table student_parent_map modify column student_id integer not null" via JDBC [Referencing column 'student_id' and referenced column 'id' in foreign key constraint 'FKdj3vh5omwntbvwvu40rbv5um' are incompatible.]
	at org.hibernate.tool.schema.internal.exec.GenerationTargetToDatabase.accept(GenerationTargetToDatabase.java:94) ~[hibernate-core-6.4.4.Final.jar:6.4.4.Final]
	at org.hibernate.tool.schema.internal.AbstractSchemaMigrator.applySqlString(AbstractSchemaMigrator.java:574) ~[hibernate-core-6.4.4.Final.jar:6.4.4.Final]
	at org.hibernate.tool.schema.internal.AbstractSchemaMigrator.applySqlStrings(AbstractSchemaMigrator.java:514) ~[hibernate-core-6.4.4.Final.jar:6.4.4.Final]
	at org.hibernate.tool.schema.internal.AbstractSchemaMigrator.migrateTable(AbstractSchemaMigrator.java:333) ~[hibernate-core-6.4.4.Final.jar:6.4.4.Final]
	at org.hibernate.tool.schema.internal.GroupedSchemaMigratorImpl.performTablesMigration(GroupedSchemaMigratorImpl.java:84) ~[hibernate-core-6.4.4.Final.jar:6.4.4.Final]
	at org.hibernate.tool.schema.internal.AbstractSchemaMigrator.performMigration(AbstractSchemaMigrator.java:232) ~[hibernate-core-6.4.4.Final.jar:6.4.4.Final]
	at org.hibernate.tool.schema.internal.AbstractSchemaMigrator.doMigration(AbstractSchemaMigrator.java:117) ~[hibernate-core-6.4.4.Final.jar:6.4.4.Final]
	at org.hibernate.tool.schema.spi.SchemaManagementToolCoordinator.performDatabaseAction(SchemaManagementToolCoordinator.java:286) ~[hibernate-core-6.4.4.Final.jar:6.4.4.Final]
	at org.hibernate.tool.schema.spi.SchemaManagementToolCoordinator.lambda$process$5(SchemaManagementToolCoordinator.java:145) ~[hibernate-core-6.4.4.Final.jar:6.4.4.Final]
	at java.base/java.util.HashMap.forEach(HashMap.java:1421) ~[na:na]
	at org.hibernate.tool.schema.spi.SchemaManagementToolCoordinator.process(SchemaManagementToolCoordinator.java:142) ~[hibernate-core-6.4.4.Final.jar:6.4.4.Final]
	at org.hibernate.boot.internal.SessionFactoryObserverForSchemaExport.sessionFactoryCreated(SessionFactoryObserverForSchemaExport.java:37) ~[hibernate-core-6.4.4.Final.jar:6.4.4.Final]
	at org.hibernate.internal.SessionFactoryObserverChain.sessionFactoryCreated(SessionFactoryObserverChain.java:35) ~[hibernate-core-6.4.4.Final.jar:6.4.4.Final]
	at org.hibernate.internal.SessionFactoryImpl.<init>(SessionFactoryImpl.java:315) ~[hibernate-core-6.4.4.Final.jar:6.4.4.Final]
	at org.hibernate.boot.internal.SessionFactoryBuilderImpl.build(SessionFactoryBuilderImpl.java:450) ~[hibernate-core-6.4.4.Final.jar:6.4.4.Final]
	at org.hibernate.jpa.boot.internal.EntityManagerFactoryBuilderImpl.build(EntityManagerFactoryBuilderImpl.java:1507) ~[hibernate-core-6.4.4.Final.jar:6.4.4.Final]
	at org.springframework.orm.jpa.vendor.SpringHibernateJpaPersistenceProvider.createContainerEntityManagerFactory(SpringHibernateJpaPersistenceProvider.java:75) ~[spring-orm-6.1.6.jar:6.1.6]
	at org.springframework.orm.jpa.LocalContainerEntityManagerFactoryBean.createNativeEntityManagerFactory(LocalContainerEntityManagerFactoryBean.java:390) ~[spring-orm-6.1.6.jar:6.1.6]
	at org.springframework.orm.jpa.AbstractEntityManagerFactoryBean.buildNativeEntityManagerFactory(AbstractEntityManagerFactoryBean.java:409) ~[spring-orm-6.1.6.jar:6.1.6]
	at org.springframework.orm.jpa.AbstractEntityManagerFactoryBean.afterPropertiesSet(AbstractEntityManagerFactoryBean.java:396) ~[spring-orm-6.1.6.jar:6.1.6]
	at org.springframework.orm.jpa.LocalContainerEntityManagerFactoryBean.afterPropertiesSet(LocalContainerEntityManagerFactoryBean.java:366) ~[spring-orm-6.1.6.jar:6.1.6]
	at org.springframework.beans.factory.support.AbstractAutowireCapableBeanFactory.invokeInitMethods(AbstractAutowireCapableBeanFactory.java:1833) ~[spring-beans-6.1.6.jar:6.1.6]
	at org.springframework.beans.factory.support.AbstractAutowireCapableBeanFactory.initializeBean(AbstractAutowireCapableBeanFactory.java:1782) ~[spring-beans-6.1.6.jar:6.1.6]
	at org.springframework.beans.factory.support.AbstractAutowireCapableBeanFactory.doCreateBean(AbstractAutowireCapableBeanFactory.java:600) ~[spring-beans-6.1.6.jar:6.1.6]
	at org.springframework.beans.factory.support.AbstractAutowireCapableBeanFactory.createBean(AbstractAutowireCapableBeanFactory.java:522) ~[spring-beans-6.1.6.jar:6.1.6]
	at org.springframework.beans.factory.support.AbstractBeanFactory.lambda$doGetBean$0(AbstractBeanFactory.java:326) ~[spring-beans-6.1.6.jar:6.1.6]
	at org.springframework.beans.factory.support.DefaultSingletonBeanRegistry.getSingleton(DefaultSingletonBeanRegistry.java:234) ~[spring-beans-6.1.6.jar:6.1.6]
	at org.springframework.beans.factory.support.AbstractBeanFactory.doGetBean(AbstractBeanFactory.java:324) ~[spring-beans-6.1.6.jar:6.1.6]
	at org.springframework.beans.factory.support.AbstractBeanFactory.getBean(AbstractBeanFactory.java:200) ~[spring-beans-6.1.6.jar:6.1.6]
	at org.springframework.context.support.AbstractApplicationContext.getBean(AbstractApplicationContext.java:1234) ~[spring-context-6.1.6.jar:6.1.6]
	at org.springframework.context.support.AbstractApplicationContext.finishBeanFactoryInitialization(AbstractApplicationContext.java:952) ~[spring-context-6.1.6.jar:6.1.6]
	at org.springframework.context.support.AbstractApplicationContext.refresh(AbstractApplicationContext.java:624) ~[spring-context-6.1.6.jar:6.1.6]
	at org.springframework.boot.web.servlet.context.ServletWebServerApplicationContext.refresh(ServletWebServerApplicationContext.java:146) ~[spring-boot-3.2.5.jar:3.2.5]
	at org.springframework.boot.SpringApplication.refresh(SpringApplication.java:754) ~[spring-boot-3.2.5.jar:3.2.5]
	at org.springframework.boot.SpringApplication.refreshContext(SpringApplication.java:456) ~[spring-boot-3.2.5.jar:3.2.5]
	at org.springframework.boot.SpringApplication.run(SpringApplication.java:334) ~[spring-boot-3.2.5.jar:3.2.5]
	at org.springframework.boot.SpringApplication.run(SpringApplication.java:1354) ~[spring-boot-3.2.5.jar:3.2.5]
	at org.springframework.boot.SpringApplication.run(SpringApplication.java:1343) ~[spring-boot-3.2.5.jar:3.2.5]
	at com.student_managment_service.student_management.StudentManagementApplication.main(StudentManagementApplication.java:13) ~[classes/:na]
	at java.base/jdk.internal.reflect.NativeMethodAccessorImpl.invoke0(Native Method) ~[na:na]
	at java.base/jdk.internal.reflect.NativeMethodAccessorImpl.invoke(NativeMethodAccessorImpl.java:77) ~[na:na]
	at java.base/jdk.internal.reflect.DelegatingMethodAccessorImpl.invoke(DelegatingMethodAccessorImpl.java:43) ~[na:na]
	at java.base/java.lang.reflect.Method.invoke(Method.java:568) ~[na:na]
	at org.springframework.boot.devtools.restart.RestartLauncher.run(RestartLauncher.java:50) ~[spring-boot-devtools-3.2.5.jar:3.2.5]
Caused by: java.sql.SQLException: Referencing column 'student_id' and referenced column 'id' in foreign key constraint 'FKdj3vh5omwntbvwvu40rbv5um' are incompatible.
	at com.mysql.cj.jdbc.exceptions.SQLError.createSQLException(SQLError.java:130) ~[mysql-connector-j-8.3.0.jar:8.3.0]
	at com.mysql.cj.jdbc.exceptions.SQLExceptionsMapping.translateException(SQLExceptionsMapping.java:122) ~[mysql-connector-j-8.3.0.jar:8.3.0]
	at com.mysql.cj.jdbc.StatementImpl.executeInternal(StatementImpl.java:770) ~[mysql-connector-j-8.3.0.jar:8.3.0]
	at com.mysql.cj.jdbc.StatementImpl.execute(StatementImpl.java:653) ~[mysql-connector-j-8.3.0.jar:8.3.0]
	at com.zaxxer.hikari.pool.ProxyStatement.execute(ProxyStatement.java:94) ~[HikariCP-5.0.1.jar:na]
	at com.zaxxer.hikari.pool.HikariProxyStatement.execute(HikariProxyStatement.java) ~[HikariCP-5.0.1.jar:na]
	at org.hibernate.tool.schema.internal.exec.GenerationTargetToDatabase.accept(GenerationTargetToDatabase.java:80) ~[hibernate-core-6.4.4.Final.jar:6.4.4.Final]
	... 43 common frames omitted
2026-05-10 00:11:22 [WARN] GenerationTarget encountered exception accepting command : Error executing DDL "alter table student_parent_map modify column parent_id integer not null" via JDBC [Referencing column 'parent_id' and referenced column 'id' in foreign key constraint 'FK6vyvnm5ubl6y01i6oa1xa23h3' are incompatible.]
org.hibernate.tool.schema.spi.CommandAcceptanceException: Error executing DDL "alter table student_parent_map modify column parent_id integer not null" via JDBC [Referencing column 'parent_id' and referenced column 'id' in foreign key constraint 'FK6vyvnm5ubl6y01i6oa1xa23h3' are incompatible.]
	at org.hibernate.tool.schema.internal.exec.GenerationTargetToDatabase.accept(GenerationTargetToDatabase.java:94) ~[hibernate-core-6.4.4.Final.jar:6.4.4.Final]
	at org.hibernate.tool.schema.internal.AbstractSchemaMigrator.applySqlString(AbstractSchemaMigrator.java:574) ~[hibernate-core-6.4.4.Final.jar:6.4.4.Final]
	at org.hibernate.tool.schema.internal.AbstractSchemaMigrator.applySqlStrings(AbstractSchemaMigrator.java:514) ~[hibernate-core-6.4.4.Final.jar:6.4.4.Final]
	at org.hibernate.tool.schema.internal.AbstractSchemaMigrator.migrateTable(AbstractSchemaMigrator.java:333) ~[hibernate-core-6.4.4.Final.jar:6.4.4.Final]
	at org.hibernate.tool.schema.internal.GroupedSchemaMigratorImpl.performTablesMigration(GroupedSchemaMigratorImpl.java:84) ~[hibernate-core-6.4.4.Final.jar:6.4.4.Final]
	at org.hibernate.tool.schema.internal.AbstractSchemaMigrator.performMigration(AbstractSchemaMigrator.java:232) ~[hibernate-core-6.4.4.Final.jar:6.4.4.Final]
	at org.hibernate.tool.schema.internal.AbstractSchemaMigrator.doMigration(AbstractSchemaMigrator.java:117) ~[hibernate-core-6.4.4.Final.jar:6.4.4.Final]
	at org.hibernate.tool.schema.spi.SchemaManagementToolCoordinator.performDatabaseAction(SchemaManagementToolCoordinator.java:286) ~[hibernate-core-6.4.4.Final.jar:6.4.4.Final]
	at org.hibernate.tool.schema.spi.SchemaManagementToolCoordinator.lambda$process$5(SchemaManagementToolCoordinator.java:145) ~[hibernate-core-6.4.4.Final.jar:6.4.4.Final]
	at java.base/java.util.HashMap.forEach(HashMap.java:1421) ~[na:na]
	at org.hibernate.tool.schema.spi.SchemaManagementToolCoordinator.process(SchemaManagementToolCoordinator.java:142) ~[hibernate-core-6.4.4.Final.jar:6.4.4.Final]
	at org.hibernate.boot.internal.SessionFactoryObserverForSchemaExport.sessionFactoryCreated(SessionFactoryObserverForSchemaExport.java:37) ~[hibernate-core-6.4.4.Final.jar:6.4.4.Final]
	at org.hibernate.internal.SessionFactoryObserverChain.sessionFactoryCreated(SessionFactoryObserverChain.java:35) ~[hibernate-core-6.4.4.Final.jar:6.4.4.Final]
	at org.hibernate.internal.SessionFactoryImpl.<init>(SessionFactoryImpl.java:315) ~[hibernate-core-6.4.4.Final.jar:6.4.4.Final]
	at org.hibernate.boot.internal.SessionFactoryBuilderImpl.build(SessionFactoryBuilderImpl.java:450) ~[hibernate-core-6.4.4.Final.jar:6.4.4.Final]
	at org.hibernate.jpa.boot.internal.EntityManagerFactoryBuilderImpl.build(EntityManagerFactoryBuilderImpl.java:1507) ~[hibernate-core-6.4.4.Final.jar:6.4.4.Final]
	at org.springframework.orm.jpa.vendor.SpringHibernateJpaPersistenceProvider.createContainerEntityManagerFactory(SpringHibernateJpaPersistenceProvider.java:75) ~[spring-orm-6.1.6.jar:6.1.6]
	at org.springframework.orm.jpa.LocalContainerEntityManagerFactoryBean.createNativeEntityManagerFactory(LocalContainerEntityManagerFactoryBean.java:390) ~[spring-orm-6.1.6.jar:6.1.6]
	at org.springframework.orm.jpa.AbstractEntityManagerFactoryBean.buildNativeEntityManagerFactory(AbstractEntityManagerFactoryBean.java:409) ~[spring-orm-6.1.6.jar:6.1.6]
	at org.springframework.orm.jpa.AbstractEntityManagerFactoryBean.afterPropertiesSet(AbstractEntityManagerFactoryBean.java:396) ~[spring-orm-6.1.6.jar:6.1.6]
	at org.springframework.orm.jpa.LocalContainerEntityManagerFactoryBean.afterPropertiesSet(LocalContainerEntityManagerFactoryBean.java:366) ~[spring-orm-6.1.6.jar:6.1.6]
	at org.springframework.beans.factory.support.AbstractAutowireCapableBeanFactory.invokeInitMethods(AbstractAutowireCapableBeanFactory.java:1833) ~[spring-beans-6.1.6.jar:6.1.6]
	at org.springframework.beans.factory.support.AbstractAutowireCapableBeanFactory.initializeBean(AbstractAutowireCapableBeanFactory.java:1782) ~[spring-beans-6.1.6.jar:6.1.6]
	at org.springframework.beans.factory.support.AbstractAutowireCapableBeanFactory.doCreateBean(AbstractAutowireCapableBeanFactory.java:600) ~[spring-beans-6.1.6.jar:6.1.6]
	at org.springframework.beans.factory.support.AbstractAutowireCapableBeanFactory.createBean(AbstractAutowireCapableBeanFactory.java:522) ~[spring-beans-6.1.6.jar:6.1.6]
	at org.springframework.beans.factory.support.AbstractBeanFactory.lambda$doGetBean$0(AbstractBeanFactory.java:326) ~[spring-beans-6.1.6.jar:6.1.6]
	at org.springframework.beans.factory.support.DefaultSingletonBeanRegistry.getSingleton(DefaultSingletonBeanRegistry.java:234) ~[spring-beans-6.1.6.jar:6.1.6]
	at org.springframework.beans.factory.support.AbstractBeanFactory.doGetBean(AbstractBeanFactory.java:324) ~[spring-beans-6.1.6.jar:6.1.6]
	at org.springframework.beans.factory.support.AbstractBeanFactory.getBean(AbstractBeanFactory.java:200) ~[spring-beans-6.1.6.jar:6.1.6]
	at org.springframework.context.support.AbstractApplicationContext.getBean(AbstractApplicationContext.java:1234) ~[spring-context-6.1.6.jar:6.1.6]
	at org.springframework.context.support.AbstractApplicationContext.finishBeanFactoryInitialization(AbstractApplicationContext.java:952) ~[spring-context-6.1.6.jar:6.1.6]
	at org.springframework.context.support.AbstractApplicationContext.refresh(AbstractApplicationContext.java:624) ~[spring-context-6.1.6.jar:6.1.6]
	at org.springframework.boot.web.servlet.context.ServletWebServerApplicationContext.refresh(ServletWebServerApplicationContext.java:146) ~[spring-boot-3.2.5.jar:3.2.5]
	at org.springframework.boot.SpringApplication.refresh(SpringApplication.java:754) ~[spring-boot-3.2.5.jar:3.2.5]
	at org.springframework.boot.SpringApplication.refreshContext(SpringApplication.java:456) ~[spring-boot-3.2.5.jar:3.2.5]
	at org.springframework.boot.SpringApplication.run(SpringApplication.java:334) ~[spring-boot-3.2.5.jar:3.2.5]
	at org.springframework.boot.SpringApplication.run(SpringApplication.java:1354) ~[spring-boot-3.2.5.jar:3.2.5]
	at org.springframework.boot.SpringApplication.run(SpringApplication.java:1343) ~[spring-boot-3.2.5.jar:3.2.5]
	at com.student_managment_service.student_management.StudentManagementApplication.main(StudentManagementApplication.java:13) ~[classes/:na]
	at java.base/jdk.internal.reflect.NativeMethodAccessorImpl.invoke0(Native Method) ~[na:na]
	at java.base/jdk.internal.reflect.NativeMethodAccessorImpl.invoke(NativeMethodAccessorImpl.java:77) ~[na:na]
	at java.base/jdk.internal.reflect.DelegatingMethodAccessorImpl.invoke(DelegatingMethodAccessorImpl.java:43) ~[na:na]
	at java.base/java.lang.reflect.Method.invoke(Method.java:568) ~[na:na]
	at org.springframework.boot.devtools.restart.RestartLauncher.run(RestartLauncher.java:50) ~[spring-boot-devtools-3.2.5.jar:3.2.5]
Caused by: java.sql.SQLException: Referencing column 'parent_id' and referenced column 'id' in foreign key constraint 'FK6vyvnm5ubl6y01i6oa1xa23h3' are incompatible.
	at com.mysql.cj.jdbc.exceptions.SQLError.createSQLException(SQLError.java:130) ~[mysql-connector-j-8.3.0.jar:8.3.0]
	at com.mysql.cj.jdbc.exceptions.SQLExceptionsMapping.translateException(SQLExceptionsMapping.java:122) ~[mysql-connector-j-8.3.0.jar:8.3.0]
	at com.mysql.cj.jdbc.StatementImpl.executeInternal(StatementImpl.java:770) ~[mysql-connector-j-8.3.0.jar:8.3.0]
	at com.mysql.cj.jdbc.StatementImpl.execute(StatementImpl.java:653) ~[mysql-connector-j-8.3.0.jar:8.3.0]
	at com.zaxxer.hikari.pool.ProxyStatement.execute(ProxyStatement.java:94) ~[HikariCP-5.0.1.jar:na]
	at com.zaxxer.hikari.pool.HikariProxyStatement.execute(HikariProxyStatement.java) ~[HikariCP-5.0.1.jar:na]
	at org.hibernate.tool.schema.internal.exec.GenerationTargetToDatabase.accept(GenerationTargetToDatabase.java:80) ~[hibernate-core-6.4.4.Final.jar:6.4.4.Final]
	... 43 common frames omitted
2026-05-10 00:11:22 [WARN] GenerationTarget encountered exception accepting command : Error executing DDL "alter table students modify column id integer not null" via JDBC [Referencing column 'student_id' and referenced column 'id' in foreign key constraint 'FKdj3vh5omwntbvwvu40rbv5um' are incompatible.]
org.hibernate.tool.schema.spi.CommandAcceptanceException: Error executing DDL "alter table students modify column id integer not null" via JDBC [Referencing column 'student_id' and referenced column 'id' in foreign key constraint 'FKdj3vh5omwntbvwvu40rbv5um' are incompatible.]
	at org.hibernate.tool.schema.internal.exec.GenerationTargetToDatabase.accept(GenerationTargetToDatabase.java:94) ~[hibernate-core-6.4.4.Final.jar:6.4.4.Final]
	at org.hibernate.tool.schema.internal.AbstractSchemaMigrator.applySqlString(AbstractSchemaMigrator.java:574) ~[hibernate-core-6.4.4.Final.jar:6.4.4.Final]
	at org.hibernate.tool.schema.internal.AbstractSchemaMigrator.applySqlStrings(AbstractSchemaMigrator.java:514) ~[hibernate-core-6.4.4.Final.jar:6.4.4.Final]
	at org.hibernate.tool.schema.internal.AbstractSchemaMigrator.migrateTable(AbstractSchemaMigrator.java:333) ~[hibernate-core-6.4.4.Final.jar:6.4.4.Final]
	at org.hibernate.tool.schema.internal.GroupedSchemaMigratorImpl.performTablesMigration(GroupedSchemaMigratorImpl.java:84) ~[hibernate-core-6.4.4.Final.jar:6.4.4.Final]
	at org.hibernate.tool.schema.internal.AbstractSchemaMigrator.performMigration(AbstractSchemaMigrator.java:232) ~[hibernate-core-6.4.4.Final.jar:6.4.4.Final]
	at org.hibernate.tool.schema.internal.AbstractSchemaMigrator.doMigration(AbstractSchemaMigrator.java:117) ~[hibernate-core-6.4.4.Final.jar:6.4.4.Final]
	at org.hibernate.tool.schema.spi.SchemaManagementToolCoordinator.performDatabaseAction(SchemaManagementToolCoordinator.java:286) ~[hibernate-core-6.4.4.Final.jar:6.4.4.Final]
	at org.hibernate.tool.schema.spi.SchemaManagementToolCoordinator.lambda$process$5(SchemaManagementToolCoordinator.java:145) ~[hibernate-core-6.4.4.Final.jar:6.4.4.Final]
	at java.base/java.util.HashMap.forEach(HashMap.java:1421) ~[na:na]
	at org.hibernate.tool.schema.spi.SchemaManagementToolCoordinator.process(SchemaManagementToolCoordinator.java:142) ~[hibernate-core-6.4.4.Final.jar:6.4.4.Final]
	at org.hibernate.boot.internal.SessionFactoryObserverForSchemaExport.sessionFactoryCreated(SessionFactoryObserverForSchemaExport.java:37) ~[hibernate-core-6.4.4.Final.jar:6.4.4.Final]
	at org.hibernate.internal.SessionFactoryObserverChain.sessionFactoryCreated(SessionFactoryObserverChain.java:35) ~[hibernate-core-6.4.4.Final.jar:6.4.4.Final]
	at org.hibernate.internal.SessionFactoryImpl.<init>(SessionFactoryImpl.java:315) ~[hibernate-core-6.4.4.Final.jar:6.4.4.Final]
	at org.hibernate.boot.internal.SessionFactoryBuilderImpl.build(SessionFactoryBuilderImpl.java:450) ~[hibernate-core-6.4.4.Final.jar:6.4.4.Final]
	at org.hibernate.jpa.boot.internal.EntityManagerFactoryBuilderImpl.build(EntityManagerFactoryBuilderImpl.java:1507) ~[hibernate-core-6.4.4.Final.jar:6.4.4.Final]
	at org.springframework.orm.jpa.vendor.SpringHibernateJpaPersistenceProvider.createContainerEntityManagerFactory(SpringHibernateJpaPersistenceProvider.java:75) ~[spring-orm-6.1.6.jar:6.1.6]
	at org.springframework.orm.jpa.LocalContainerEntityManagerFactoryBean.createNativeEntityManagerFactory(LocalContainerEntityManagerFactoryBean.java:390) ~[spring-orm-6.1.6.jar:6.1.6]
	at org.springframework.orm.jpa.AbstractEntityManagerFactoryBean.buildNativeEntityManagerFactory(AbstractEntityManagerFactoryBean.java:409) ~[spring-orm-6.1.6.jar:6.1.6]
	at org.springframework.orm.jpa.AbstractEntityManagerFactoryBean.afterPropertiesSet(AbstractEntityManagerFactoryBean.java:396) ~[spring-orm-6.1.6.jar:6.1.6]
	at org.springframework.orm.jpa.LocalContainerEntityManagerFactoryBean.afterPropertiesSet(LocalContainerEntityManagerFactoryBean.java:366) ~[spring-orm-6.1.6.jar:6.1.6]
	at org.springframework.beans.factory.support.AbstractAutowireCapableBeanFactory.invokeInitMethods(AbstractAutowireCapableBeanFactory.java:1833) ~[spring-beans-6.1.6.jar:6.1.6]
	at org.springframework.beans.factory.support.AbstractAutowireCapableBeanFactory.initializeBean(AbstractAutowireCapableBeanFactory.java:1782) ~[spring-beans-6.1.6.jar:6.1.6]
	at org.springframework.beans.factory.support.AbstractAutowireCapableBeanFactory.doCreateBean(AbstractAutowireCapableBeanFactory.java:600) ~[spring-beans-6.1.6.jar:6.1.6]
	at org.springframework.beans.factory.support.AbstractAutowireCapableBeanFactory.createBean(AbstractAutowireCapableBeanFactory.java:522) ~[spring-beans-6.1.6.jar:6.1.6]
	at org.springframework.beans.factory.support.AbstractBeanFactory.lambda$doGetBean$0(AbstractBeanFactory.java:326) ~[spring-beans-6.1.6.jar:6.1.6]
	at org.springframework.beans.factory.support.DefaultSingletonBeanRegistry.getSingleton(DefaultSingletonBeanRegistry.java:234) ~[spring-beans-6.1.6.jar:6.1.6]
	at org.springframework.beans.factory.support.AbstractBeanFactory.doGetBean(AbstractBeanFactory.java:324) ~[spring-beans-6.1.6.jar:6.1.6]
	at org.springframework.beans.factory.support.AbstractBeanFactory.getBean(AbstractBeanFactory.java:200) ~[spring-beans-6.1.6.jar:6.1.6]
	at org.springframework.context.support.AbstractApplicationContext.getBean(AbstractApplicationContext.java:1234) ~[spring-context-6.1.6.jar:6.1.6]
	at org.springframework.context.support.AbstractApplicationContext.finishBeanFactoryInitialization(AbstractApplicationContext.java:952) ~[spring-context-6.1.6.jar:6.1.6]
	at org.springframework.context.support.AbstractApplicationContext.refresh(AbstractApplicationContext.java:624) ~[spring-context-6.1.6.jar:6.1.6]
	at org.springframework.boot.web.servlet.context.ServletWebServerApplicationContext.refresh(ServletWebServerApplicationContext.java:146) ~[spring-boot-3.2.5.jar:3.2.5]
	at org.springframework.boot.SpringApplication.refresh(SpringApplication.java:754) ~[spring-boot-3.2.5.jar:3.2.5]
	at org.springframework.boot.SpringApplication.refreshContext(SpringApplication.java:456) ~[spring-boot-3.2.5.jar:3.2.5]
	at org.springframework.boot.SpringApplication.run(SpringApplication.java:334) ~[spring-boot-3.2.5.jar:3.2.5]
	at org.springframework.boot.SpringApplication.run(SpringApplication.java:1354) ~[spring-boot-3.2.5.jar:3.2.5]
	at org.springframework.boot.SpringApplication.run(SpringApplication.java:1343) ~[spring-boot-3.2.5.jar:3.2.5]
	at com.student_managment_service.student_management.StudentManagementApplication.main(StudentManagementApplication.java:13) ~[classes/:na]
	at java.base/jdk.internal.reflect.NativeMethodAccessorImpl.invoke0(Native Method) ~[na:na]
	at java.base/jdk.internal.reflect.NativeMethodAccessorImpl.invoke(NativeMethodAccessorImpl.java:77) ~[na:na]
	at java.base/jdk.internal.reflect.DelegatingMethodAccessorImpl.invoke(DelegatingMethodAccessorImpl.java:43) ~[na:na]
	at java.base/java.lang.reflect.Method.invoke(Method.java:568) ~[na:na]
	at org.springframework.boot.devtools.restart.RestartLauncher.run(RestartLauncher.java:50) ~[spring-boot-devtools-3.2.5.jar:3.2.5]
Caused by: java.sql.SQLException: Referencing column 'student_id' and referenced column 'id' in foreign key constraint 'FKdj3vh5omwntbvwvu40rbv5um' are incompatible.
	at com.mysql.cj.jdbc.exceptions.SQLError.createSQLException(SQLError.java:130) ~[mysql-connector-j-8.3.0.jar:8.3.0]
	at com.mysql.cj.jdbc.exceptions.SQLExceptionsMapping.translateException(SQLExceptionsMapping.java:122) ~[mysql-connector-j-8.3.0.jar:8.3.0]
	at com.mysql.cj.jdbc.StatementImpl.executeInternal(StatementImpl.java:770) ~[mysql-connector-j-8.3.0.jar:8.3.0]
	at com.mysql.cj.jdbc.StatementImpl.execute(StatementImpl.java:653) ~[mysql-connector-j-8.3.0.jar:8.3.0]
	at com.zaxxer.hikari.pool.ProxyStatement.execute(ProxyStatement.java:94) ~[HikariCP-5.0.1.jar:na]
	at com.zaxxer.hikari.pool.HikariProxyStatement.execute(HikariProxyStatement.java) ~[HikariCP-5.0.1.jar:na]
	at org.hibernate.tool.schema.internal.exec.GenerationTargetToDatabase.accept(GenerationTargetToDatabase.java:80) ~[hibernate-core-6.4.4.Final.jar:6.4.4.Final]
	... 43 common frames omitted
2026-05-10 00:11:23 [WARN] spring.jpa.open-in-view is enabled by default. Therefore, database queries may be performed during view rendering. Explicitly configure spring.jpa.open-in-view to disable this warning
2026-05-10 00:11:25 [INFO] Started StudentManagementApplication in 5.947 seconds (process running for 1022.358)
2026-05-10 00:13:18 [INFO] HikariPool-2 - Shutdown initiated...
2026-05-10 00:13:18 [INFO] HikariPool-2 - Shutdown completed.
2026-05-10 00:13:18 [INFO] Starting StudentManagementApplication using Java 17.0.12 with PID 468 (A:\Faculty\year-3 semester-2\SA-2\New folder\Backend\student_management\target\classes started by ahmed in A:\Faculty\year-3 semester-2\SA-2\New folder\Backend\student_management)
2026-05-10 00:13:18 [INFO] No active profile set, falling back to 1 default profile: "default"
2026-05-10 00:13:19 [INFO] Starting service [Tomcat]
2026-05-10 00:13:19 [INFO] Starting Servlet engine: [Apache Tomcat/10.1.20]
2026-05-10 00:13:19 [INFO] Initializing Spring embedded WebApplicationContext
2026-05-10 00:13:19 [INFO] HikariPool-3 - Starting...
2026-05-10 00:13:19 [INFO] HikariPool-3 - Added connection com.mysql.cj.jdbc.ConnectionImpl@73583804
2026-05-10 00:13:19 [INFO] HikariPool-3 - Start completed.
2026-05-10 00:13:19 [WARN] HHH90000025: MySQLDialect does not need to be specified explicitly using 'hibernate.dialect' (remove the property setting and it will be selected by default)
2026-05-10 00:13:19 [WARN] GenerationTarget encountered exception accepting command : Error executing DDL "alter table parents modify column id integer not null" via JDBC [Referencing column 'parent_id' and referenced column 'id' in foreign key constraint 'FK6vyvnm5ubl6y01i6oa1xa23h3' are incompatible.]
org.hibernate.tool.schema.spi.CommandAcceptanceException: Error executing DDL "alter table parents modify column id integer not null" via JDBC [Referencing column 'parent_id' and referenced column 'id' in foreign key constraint 'FK6vyvnm5ubl6y01i6oa1xa23h3' are incompatible.]
	at org.hibernate.tool.schema.internal.exec.GenerationTargetToDatabase.accept(GenerationTargetToDatabase.java:94) ~[hibernate-core-6.4.4.Final.jar:6.4.4.Final]
	at org.hibernate.tool.schema.internal.AbstractSchemaMigrator.applySqlString(AbstractSchemaMigrator.java:574) ~[hibernate-core-6.4.4.Final.jar:6.4.4.Final]
	at org.hibernate.tool.schema.internal.AbstractSchemaMigrator.applySqlStrings(AbstractSchemaMigrator.java:514) ~[hibernate-core-6.4.4.Final.jar:6.4.4.Final]
	at org.hibernate.tool.schema.internal.AbstractSchemaMigrator.migrateTable(AbstractSchemaMigrator.java:333) ~[hibernate-core-6.4.4.Final.jar:6.4.4.Final]
	at org.hibernate.tool.schema.internal.GroupedSchemaMigratorImpl.performTablesMigration(GroupedSchemaMigratorImpl.java:84) ~[hibernate-core-6.4.4.Final.jar:6.4.4.Final]
	at org.hibernate.tool.schema.internal.AbstractSchemaMigrator.performMigration(AbstractSchemaMigrator.java:232) ~[hibernate-core-6.4.4.Final.jar:6.4.4.Final]
	at org.hibernate.tool.schema.internal.AbstractSchemaMigrator.doMigration(AbstractSchemaMigrator.java:117) ~[hibernate-core-6.4.4.Final.jar:6.4.4.Final]
	at org.hibernate.tool.schema.spi.SchemaManagementToolCoordinator.performDatabaseAction(SchemaManagementToolCoordinator.java:286) ~[hibernate-core-6.4.4.Final.jar:6.4.4.Final]
	at org.hibernate.tool.schema.spi.SchemaManagementToolCoordinator.lambda$process$5(SchemaManagementToolCoordinator.java:145) ~[hibernate-core-6.4.4.Final.jar:6.4.4.Final]
	at java.base/java.util.HashMap.forEach(HashMap.java:1421) ~[na:na]
	at org.hibernate.tool.schema.spi.SchemaManagementToolCoordinator.process(SchemaManagementToolCoordinator.java:142) ~[hibernate-core-6.4.4.Final.jar:6.4.4.Final]
	at org.hibernate.boot.internal.SessionFactoryObserverForSchemaExport.sessionFactoryCreated(SessionFactoryObserverForSchemaExport.java:37) ~[hibernate-core-6.4.4.Final.jar:6.4.4.Final]
	at org.hibernate.internal.SessionFactoryObserverChain.sessionFactoryCreated(SessionFactoryObserverChain.java:35) ~[hibernate-core-6.4.4.Final.jar:6.4.4.Final]
	at org.hibernate.internal.SessionFactoryImpl.<init>(SessionFactoryImpl.java:315) ~[hibernate-core-6.4.4.Final.jar:6.4.4.Final]
	at org.hibernate.boot.internal.SessionFactoryBuilderImpl.build(SessionFactoryBuilderImpl.java:450) ~[hibernate-core-6.4.4.Final.jar:6.4.4.Final]
	at org.hibernate.jpa.boot.internal.EntityManagerFactoryBuilderImpl.build(EntityManagerFactoryBuilderImpl.java:1507) ~[hibernate-core-6.4.4.Final.jar:6.4.4.Final]
	at org.springframework.orm.jpa.vendor.SpringHibernateJpaPersistenceProvider.createContainerEntityManagerFactory(SpringHibernateJpaPersistenceProvider.java:75) ~[spring-orm-6.1.6.jar:6.1.6]
	at org.springframework.orm.jpa.LocalContainerEntityManagerFactoryBean.createNativeEntityManagerFactory(LocalContainerEntityManagerFactoryBean.java:390) ~[spring-orm-6.1.6.jar:6.1.6]
	at org.springframework.orm.jpa.AbstractEntityManagerFactoryBean.buildNativeEntityManagerFactory(AbstractEntityManagerFactoryBean.java:409) ~[spring-orm-6.1.6.jar:6.1.6]
	at org.springframework.orm.jpa.AbstractEntityManagerFactoryBean.afterPropertiesSet(AbstractEntityManagerFactoryBean.java:396) ~[spring-orm-6.1.6.jar:6.1.6]
	at org.springframework.orm.jpa.LocalContainerEntityManagerFactoryBean.afterPropertiesSet(LocalContainerEntityManagerFactoryBean.java:366) ~[spring-orm-6.1.6.jar:6.1.6]
	at org.springframework.beans.factory.support.AbstractAutowireCapableBeanFactory.invokeInitMethods(AbstractAutowireCapableBeanFactory.java:1833) ~[spring-beans-6.1.6.jar:6.1.6]
	at org.springframework.beans.factory.support.AbstractAutowireCapableBeanFactory.initializeBean(AbstractAutowireCapableBeanFactory.java:1782) ~[spring-beans-6.1.6.jar:6.1.6]
	at org.springframework.beans.factory.support.AbstractAutowireCapableBeanFactory.doCreateBean(AbstractAutowireCapableBeanFactory.java:600) ~[spring-beans-6.1.6.jar:6.1.6]
	at org.springframework.beans.factory.support.AbstractAutowireCapableBeanFactory.createBean(AbstractAutowireCapableBeanFactory.java:522) ~[spring-beans-6.1.6.jar:6.1.6]
	at org.springframework.beans.factory.support.AbstractBeanFactory.lambda$doGetBean$0(AbstractBeanFactory.java:326) ~[spring-beans-6.1.6.jar:6.1.6]
	at org.springframework.beans.factory.support.DefaultSingletonBeanRegistry.getSingleton(DefaultSingletonBeanRegistry.java:234) ~[spring-beans-6.1.6.jar:6.1.6]
	at org.springframework.beans.factory.support.AbstractBeanFactory.doGetBean(AbstractBeanFactory.java:324) ~[spring-beans-6.1.6.jar:6.1.6]
	at org.springframework.beans.factory.support.AbstractBeanFactory.getBean(AbstractBeanFactory.java:200) ~[spring-beans-6.1.6.jar:6.1.6]
	at org.springframework.context.support.AbstractApplicationContext.getBean(AbstractApplicationContext.java:1234) ~[spring-context-6.1.6.jar:6.1.6]
	at org.springframework.context.support.AbstractApplicationContext.finishBeanFactoryInitialization(AbstractApplicationContext.java:952) ~[spring-context-6.1.6.jar:6.1.6]
	at org.springframework.context.support.AbstractApplicationContext.refresh(AbstractApplicationContext.java:624) ~[spring-context-6.1.6.jar:6.1.6]
	at org.springframework.boot.web.servlet.context.ServletWebServerApplicationContext.refresh(ServletWebServerApplicationContext.java:146) ~[spring-boot-3.2.5.jar:3.2.5]
	at org.springframework.boot.SpringApplication.refresh(SpringApplication.java:754) ~[spring-boot-3.2.5.jar:3.2.5]
	at org.springframework.boot.SpringApplication.refreshContext(SpringApplication.java:456) ~[spring-boot-3.2.5.jar:3.2.5]
	at org.springframework.boot.SpringApplication.run(SpringApplication.java:334) ~[spring-boot-3.2.5.jar:3.2.5]
	at org.springframework.boot.SpringApplication.run(SpringApplication.java:1354) ~[spring-boot-3.2.5.jar:3.2.5]
	at org.springframework.boot.SpringApplication.run(SpringApplication.java:1343) ~[spring-boot-3.2.5.jar:3.2.5]
	at com.student_managment_service.student_management.StudentManagementApplication.main(StudentManagementApplication.java:13) ~[classes/:na]
	at java.base/jdk.internal.reflect.NativeMethodAccessorImpl.invoke0(Native Method) ~[na:na]
	at java.base/jdk.internal.reflect.NativeMethodAccessorImpl.invoke(NativeMethodAccessorImpl.java:77) ~[na:na]
	at java.base/jdk.internal.reflect.DelegatingMethodAccessorImpl.invoke(DelegatingMethodAccessorImpl.java:43) ~[na:na]
	at java.base/java.lang.reflect.Method.invoke(Method.java:568) ~[na:na]
	at org.springframework.boot.devtools.restart.RestartLauncher.run(RestartLauncher.java:50) ~[spring-boot-devtools-3.2.5.jar:3.2.5]
Caused by: java.sql.SQLException: Referencing column 'parent_id' and referenced column 'id' in foreign key constraint 'FK6vyvnm5ubl6y01i6oa1xa23h3' are incompatible.
	at com.mysql.cj.jdbc.exceptions.SQLError.createSQLException(SQLError.java:130) ~[mysql-connector-j-8.3.0.jar:8.3.0]
	at com.mysql.cj.jdbc.exceptions.SQLExceptionsMapping.translateException(SQLExceptionsMapping.java:122) ~[mysql-connector-j-8.3.0.jar:8.3.0]
	at com.mysql.cj.jdbc.StatementImpl.executeInternal(StatementImpl.java:770) ~[mysql-connector-j-8.3.0.jar:8.3.0]
	at com.mysql.cj.jdbc.StatementImpl.execute(StatementImpl.java:653) ~[mysql-connector-j-8.3.0.jar:8.3.0]
	at com.zaxxer.hikari.pool.ProxyStatement.execute(ProxyStatement.java:94) ~[HikariCP-5.0.1.jar:na]
	at com.zaxxer.hikari.pool.HikariProxyStatement.execute(HikariProxyStatement.java) ~[HikariCP-5.0.1.jar:na]
	at org.hibernate.tool.schema.internal.exec.GenerationTargetToDatabase.accept(GenerationTargetToDatabase.java:80) ~[hibernate-core-6.4.4.Final.jar:6.4.4.Final]
	... 43 common frames omitted
2026-05-10 00:13:19 [WARN] GenerationTarget encountered exception accepting command : Error executing DDL "alter table student_parent_map modify column student_id integer not null" via JDBC [Referencing column 'student_id' and referenced column 'id' in foreign key constraint 'FKdj3vh5omwntbvwvu40rbv5um' are incompatible.]
org.hibernate.tool.schema.spi.CommandAcceptanceException: Error executing DDL "alter table student_parent_map modify column student_id integer not null" via JDBC [Referencing column 'student_id' and referenced column 'id' in foreign key constraint 'FKdj3vh5omwntbvwvu40rbv5um' are incompatible.]
	at org.hibernate.tool.schema.internal.exec.GenerationTargetToDatabase.accept(GenerationTargetToDatabase.java:94) ~[hibernate-core-6.4.4.Final.jar:6.4.4.Final]
	at org.hibernate.tool.schema.internal.AbstractSchemaMigrator.applySqlString(AbstractSchemaMigrator.java:574) ~[hibernate-core-6.4.4.Final.jar:6.4.4.Final]
	at org.hibernate.tool.schema.internal.AbstractSchemaMigrator.applySqlStrings(AbstractSchemaMigrator.java:514) ~[hibernate-core-6.4.4.Final.jar:6.4.4.Final]
	at org.hibernate.tool.schema.internal.AbstractSchemaMigrator.migrateTable(AbstractSchemaMigrator.java:333) ~[hibernate-core-6.4.4.Final.jar:6.4.4.Final]
	at org.hibernate.tool.schema.internal.GroupedSchemaMigratorImpl.performTablesMigration(GroupedSchemaMigratorImpl.java:84) ~[hibernate-core-6.4.4.Final.jar:6.4.4.Final]
	at org.hibernate.tool.schema.internal.AbstractSchemaMigrator.performMigration(AbstractSchemaMigrator.java:232) ~[hibernate-core-6.4.4.Final.jar:6.4.4.Final]
	at org.hibernate.tool.schema.internal.AbstractSchemaMigrator.doMigration(AbstractSchemaMigrator.java:117) ~[hibernate-core-6.4.4.Final.jar:6.4.4.Final]
	at org.hibernate.tool.schema.spi.SchemaManagementToolCoordinator.performDatabaseAction(SchemaManagementToolCoordinator.java:286) ~[hibernate-core-6.4.4.Final.jar:6.4.4.Final]
	at org.hibernate.tool.schema.spi.SchemaManagementToolCoordinator.lambda$process$5(SchemaManagementToolCoordinator.java:145) ~[hibernate-core-6.4.4.Final.jar:6.4.4.Final]
	at java.base/java.util.HashMap.forEach(HashMap.java:1421) ~[na:na]
	at org.hibernate.tool.schema.spi.SchemaManagementToolCoordinator.process(SchemaManagementToolCoordinator.java:142) ~[hibernate-core-6.4.4.Final.jar:6.4.4.Final]
	at org.hibernate.boot.internal.SessionFactoryObserverForSchemaExport.sessionFactoryCreated(SessionFactoryObserverForSchemaExport.java:37) ~[hibernate-core-6.4.4.Final.jar:6.4.4.Final]
	at org.hibernate.internal.SessionFactoryObserverChain.sessionFactoryCreated(SessionFactoryObserverChain.java:35) ~[hibernate-core-6.4.4.Final.jar:6.4.4.Final]
	at org.hibernate.internal.SessionFactoryImpl.<init>(SessionFactoryImpl.java:315) ~[hibernate-core-6.4.4.Final.jar:6.4.4.Final]
	at org.hibernate.boot.internal.SessionFactoryBuilderImpl.build(SessionFactoryBuilderImpl.java:450) ~[hibernate-core-6.4.4.Final.jar:6.4.4.Final]
	at org.hibernate.jpa.boot.internal.EntityManagerFactoryBuilderImpl.build(EntityManagerFactoryBuilderImpl.java:1507) ~[hibernate-core-6.4.4.Final.jar:6.4.4.Final]
	at org.springframework.orm.jpa.vendor.SpringHibernateJpaPersistenceProvider.createContainerEntityManagerFactory(SpringHibernateJpaPersistenceProvider.java:75) ~[spring-orm-6.1.6.jar:6.1.6]
	at org.springframework.orm.jpa.LocalContainerEntityManagerFactoryBean.createNativeEntityManagerFactory(LocalContainerEntityManagerFactoryBean.java:390) ~[spring-orm-6.1.6.jar:6.1.6]
	at org.springframework.orm.jpa.AbstractEntityManagerFactoryBean.buildNativeEntityManagerFactory(AbstractEntityManagerFactoryBean.java:409) ~[spring-orm-6.1.6.jar:6.1.6]
	at org.springframework.orm.jpa.AbstractEntityManagerFactoryBean.afterPropertiesSet(AbstractEntityManagerFactoryBean.java:396) ~[spring-orm-6.1.6.jar:6.1.6]
	at org.springframework.orm.jpa.LocalContainerEntityManagerFactoryBean.afterPropertiesSet(LocalContainerEntityManagerFactoryBean.java:366) ~[spring-orm-6.1.6.jar:6.1.6]
	at org.springframework.beans.factory.support.AbstractAutowireCapableBeanFactory.invokeInitMethods(AbstractAutowireCapableBeanFactory.java:1833) ~[spring-beans-6.1.6.jar:6.1.6]
	at org.springframework.beans.factory.support.AbstractAutowireCapableBeanFactory.initializeBean(AbstractAutowireCapableBeanFactory.java:1782) ~[spring-beans-6.1.6.jar:6.1.6]
	at org.springframework.beans.factory.support.AbstractAutowireCapableBeanFactory.doCreateBean(AbstractAutowireCapableBeanFactory.java:600) ~[spring-beans-6.1.6.jar:6.1.6]
	at org.springframework.beans.factory.support.AbstractAutowireCapableBeanFactory.createBean(AbstractAutowireCapableBeanFactory.java:522) ~[spring-beans-6.1.6.jar:6.1.6]
	at org.springframework.beans.factory.support.AbstractBeanFactory.lambda$doGetBean$0(AbstractBeanFactory.java:326) ~[spring-beans-6.1.6.jar:6.1.6]
	at org.springframework.beans.factory.support.DefaultSingletonBeanRegistry.getSingleton(DefaultSingletonBeanRegistry.java:234) ~[spring-beans-6.1.6.jar:6.1.6]
	at org.springframework.beans.factory.support.AbstractBeanFactory.doGetBean(AbstractBeanFactory.java:324) ~[spring-beans-6.1.6.jar:6.1.6]
	at org.springframework.beans.factory.support.AbstractBeanFactory.getBean(AbstractBeanFactory.java:200) ~[spring-beans-6.1.6.jar:6.1.6]
	at org.springframework.context.support.AbstractApplicationContext.getBean(AbstractApplicationContext.java:1234) ~[spring-context-6.1.6.jar:6.1.6]
	at org.springframework.context.support.AbstractApplicationContext.finishBeanFactoryInitialization(AbstractApplicationContext.java:952) ~[spring-context-6.1.6.jar:6.1.6]
	at org.springframework.context.support.AbstractApplicationContext.refresh(AbstractApplicationContext.java:624) ~[spring-context-6.1.6.jar:6.1.6]
	at org.springframework.boot.web.servlet.context.ServletWebServerApplicationContext.refresh(ServletWebServerApplicationContext.java:146) ~[spring-boot-3.2.5.jar:3.2.5]
	at org.springframework.boot.SpringApplication.refresh(SpringApplication.java:754) ~[spring-boot-3.2.5.jar:3.2.5]
	at org.springframework.boot.SpringApplication.refreshContext(SpringApplication.java:456) ~[spring-boot-3.2.5.jar:3.2.5]
	at org.springframework.boot.SpringApplication.run(SpringApplication.java:334) ~[spring-boot-3.2.5.jar:3.2.5]
	at org.springframework.boot.SpringApplication.run(SpringApplication.java:1354) ~[spring-boot-3.2.5.jar:3.2.5]
	at org.springframework.boot.SpringApplication.run(SpringApplication.java:1343) ~[spring-boot-3.2.5.jar:3.2.5]
	at com.student_managment_service.student_management.StudentManagementApplication.main(StudentManagementApplication.java:13) ~[classes/:na]
	at java.base/jdk.internal.reflect.NativeMethodAccessorImpl.invoke0(Native Method) ~[na:na]
	at java.base/jdk.internal.reflect.NativeMethodAccessorImpl.invoke(NativeMethodAccessorImpl.java:77) ~[na:na]
	at java.base/jdk.internal.reflect.DelegatingMethodAccessorImpl.invoke(DelegatingMethodAccessorImpl.java:43) ~[na:na]
	at java.base/java.lang.reflect.Method.invoke(Method.java:568) ~[na:na]
	at org.springframework.boot.devtools.restart.RestartLauncher.run(RestartLauncher.java:50) ~[spring-boot-devtools-3.2.5.jar:3.2.5]
Caused by: java.sql.SQLException: Referencing column 'student_id' and referenced column 'id' in foreign key constraint 'FKdj3vh5omwntbvwvu40rbv5um' are incompatible.
	at com.mysql.cj.jdbc.exceptions.SQLError.createSQLException(SQLError.java:130) ~[mysql-connector-j-8.3.0.jar:8.3.0]
	at com.mysql.cj.jdbc.exceptions.SQLExceptionsMapping.translateException(SQLExceptionsMapping.java:122) ~[mysql-connector-j-8.3.0.jar:8.3.0]
	at com.mysql.cj.jdbc.StatementImpl.executeInternal(StatementImpl.java:770) ~[mysql-connector-j-8.3.0.jar:8.3.0]
	at com.mysql.cj.jdbc.StatementImpl.execute(StatementImpl.java:653) ~[mysql-connector-j-8.3.0.jar:8.3.0]
	at com.zaxxer.hikari.pool.ProxyStatement.execute(ProxyStatement.java:94) ~[HikariCP-5.0.1.jar:na]
	at com.zaxxer.hikari.pool.HikariProxyStatement.execute(HikariProxyStatement.java) ~[HikariCP-5.0.1.jar:na]
	at org.hibernate.tool.schema.internal.exec.GenerationTargetToDatabase.accept(GenerationTargetToDatabase.java:80) ~[hibernate-core-6.4.4.Final.jar:6.4.4.Final]
	... 43 common frames omitted
2026-05-10 00:13:19 [WARN] GenerationTarget encountered exception accepting command : Error executing DDL "alter table student_parent_map modify column parent_id integer not null" via JDBC [Referencing column 'parent_id' and referenced column 'id' in foreign key constraint 'FK6vyvnm5ubl6y01i6oa1xa23h3' are incompatible.]
org.hibernate.tool.schema.spi.CommandAcceptanceException: Error executing DDL "alter table student_parent_map modify column parent_id integer not null" via JDBC [Referencing column 'parent_id' and referenced column 'id' in foreign key constraint 'FK6vyvnm5ubl6y01i6oa1xa23h3' are incompatible.]
	at org.hibernate.tool.schema.internal.exec.GenerationTargetToDatabase.accept(GenerationTargetToDatabase.java:94) ~[hibernate-core-6.4.4.Final.jar:6.4.4.Final]
	at org.hibernate.tool.schema.internal.AbstractSchemaMigrator.applySqlString(AbstractSchemaMigrator.java:574) ~[hibernate-core-6.4.4.Final.jar:6.4.4.Final]
	at org.hibernate.tool.schema.internal.AbstractSchemaMigrator.applySqlStrings(AbstractSchemaMigrator.java:514) ~[hibernate-core-6.4.4.Final.jar:6.4.4.Final]
	at org.hibernate.tool.schema.internal.AbstractSchemaMigrator.migrateTable(AbstractSchemaMigrator.java:333) ~[hibernate-core-6.4.4.Final.jar:6.4.4.Final]
	at org.hibernate.tool.schema.internal.GroupedSchemaMigratorImpl.performTablesMigration(GroupedSchemaMigratorImpl.java:84) ~[hibernate-core-6.4.4.Final.jar:6.4.4.Final]
	at org.hibernate.tool.schema.internal.AbstractSchemaMigrator.performMigration(AbstractSchemaMigrator.java:232) ~[hibernate-core-6.4.4.Final.jar:6.4.4.Final]
	at org.hibernate.tool.schema.internal.AbstractSchemaMigrator.doMigration(AbstractSchemaMigrator.java:117) ~[hibernate-core-6.4.4.Final.jar:6.4.4.Final]
	at org.hibernate.tool.schema.spi.SchemaManagementToolCoordinator.performDatabaseAction(SchemaManagementToolCoordinator.java:286) ~[hibernate-core-6.4.4.Final.jar:6.4.4.Final]
	at org.hibernate.tool.schema.spi.SchemaManagementToolCoordinator.lambda$process$5(SchemaManagementToolCoordinator.java:145) ~[hibernate-core-6.4.4.Final.jar:6.4.4.Final]
	at java.base/java.util.HashMap.forEach(HashMap.java:1421) ~[na:na]
	at org.hibernate.tool.schema.spi.SchemaManagementToolCoordinator.process(SchemaManagementToolCoordinator.java:142) ~[hibernate-core-6.4.4.Final.jar:6.4.4.Final]
	at org.hibernate.boot.internal.SessionFactoryObserverForSchemaExport.sessionFactoryCreated(SessionFactoryObserverForSchemaExport.java:37) ~[hibernate-core-6.4.4.Final.jar:6.4.4.Final]
	at org.hibernate.internal.SessionFactoryObserverChain.sessionFactoryCreated(SessionFactoryObserverChain.java:35) ~[hibernate-core-6.4.4.Final.jar:6.4.4.Final]
	at org.hibernate.internal.SessionFactoryImpl.<init>(SessionFactoryImpl.java:315) ~[hibernate-core-6.4.4.Final.jar:6.4.4.Final]
	at org.hibernate.boot.internal.SessionFactoryBuilderImpl.build(SessionFactoryBuilderImpl.java:450) ~[hibernate-core-6.4.4.Final.jar:6.4.4.Final]
	at org.hibernate.jpa.boot.internal.EntityManagerFactoryBuilderImpl.build(EntityManagerFactoryBuilderImpl.java:1507) ~[hibernate-core-6.4.4.Final.jar:6.4.4.Final]
	at org.springframework.orm.jpa.vendor.SpringHibernateJpaPersistenceProvider.createContainerEntityManagerFactory(SpringHibernateJpaPersistenceProvider.java:75) ~[spring-orm-6.1.6.jar:6.1.6]
	at org.springframework.orm.jpa.LocalContainerEntityManagerFactoryBean.createNativeEntityManagerFactory(LocalContainerEntityManagerFactoryBean.java:390) ~[spring-orm-6.1.6.jar:6.1.6]
	at org.springframework.orm.jpa.AbstractEntityManagerFactoryBean.buildNativeEntityManagerFactory(AbstractEntityManagerFactoryBean.java:409) ~[spring-orm-6.1.6.jar:6.1.6]
	at org.springframework.orm.jpa.AbstractEntityManagerFactoryBean.afterPropertiesSet(AbstractEntityManagerFactoryBean.java:396) ~[spring-orm-6.1.6.jar:6.1.6]
	at org.springframework.orm.jpa.LocalContainerEntityManagerFactoryBean.afterPropertiesSet(LocalContainerEntityManagerFactoryBean.java:366) ~[spring-orm-6.1.6.jar:6.1.6]
	at org.springframework.beans.factory.support.AbstractAutowireCapableBeanFactory.invokeInitMethods(AbstractAutowireCapableBeanFactory.java:1833) ~[spring-beans-6.1.6.jar:6.1.6]
	at org.springframework.beans.factory.support.AbstractAutowireCapableBeanFactory.initializeBean(AbstractAutowireCapableBeanFactory.java:1782) ~[spring-beans-6.1.6.jar:6.1.6]
	at org.springframework.beans.factory.support.AbstractAutowireCapableBeanFactory.doCreateBean(AbstractAutowireCapableBeanFactory.java:600) ~[spring-beans-6.1.6.jar:6.1.6]
	at org.springframework.beans.factory.support.AbstractAutowireCapableBeanFactory.createBean(AbstractAutowireCapableBeanFactory.java:522) ~[spring-beans-6.1.6.jar:6.1.6]
	at org.springframework.beans.factory.support.AbstractBeanFactory.lambda$doGetBean$0(AbstractBeanFactory.java:326) ~[spring-beans-6.1.6.jar:6.1.6]
	at org.springframework.beans.factory.support.DefaultSingletonBeanRegistry.getSingleton(DefaultSingletonBeanRegistry.java:234) ~[spring-beans-6.1.6.jar:6.1.6]
	at org.springframework.beans.factory.support.AbstractBeanFactory.doGetBean(AbstractBeanFactory.java:324) ~[spring-beans-6.1.6.jar:6.1.6]
	at org.springframework.beans.factory.support.AbstractBeanFactory.getBean(AbstractBeanFactory.java:200) ~[spring-beans-6.1.6.jar:6.1.6]
	at org.springframework.context.support.AbstractApplicationContext.getBean(AbstractApplicationContext.java:1234) ~[spring-context-6.1.6.jar:6.1.6]
	at org.springframework.context.support.AbstractApplicationContext.finishBeanFactoryInitialization(AbstractApplicationContext.java:952) ~[spring-context-6.1.6.jar:6.1.6]
	at org.springframework.context.support.AbstractApplicationContext.refresh(AbstractApplicationContext.java:624) ~[spring-context-6.1.6.jar:6.1.6]
	at org.springframework.boot.web.servlet.context.ServletWebServerApplicationContext.refresh(ServletWebServerApplicationContext.java:146) ~[spring-boot-3.2.5.jar:3.2.5]
	at org.springframework.boot.SpringApplication.refresh(SpringApplication.java:754) ~[spring-boot-3.2.5.jar:3.2.5]
	at org.springframework.boot.SpringApplication.refreshContext(SpringApplication.java:456) ~[spring-boot-3.2.5.jar:3.2.5]
	at org.springframework.boot.SpringApplication.run(SpringApplication.java:334) ~[spring-boot-3.2.5.jar:3.2.5]
	at org.springframework.boot.SpringApplication.run(SpringApplication.java:1354) ~[spring-boot-3.2.5.jar:3.2.5]
	at org.springframework.boot.SpringApplication.run(SpringApplication.java:1343) ~[spring-boot-3.2.5.jar:3.2.5]
	at com.student_managment_service.student_management.StudentManagementApplication.main(StudentManagementApplication.java:13) ~[classes/:na]
	at java.base/jdk.internal.reflect.NativeMethodAccessorImpl.invoke0(Native Method) ~[na:na]
	at java.base/jdk.internal.reflect.NativeMethodAccessorImpl.invoke(NativeMethodAccessorImpl.java:77) ~[na:na]
	at java.base/jdk.internal.reflect.DelegatingMethodAccessorImpl.invoke(DelegatingMethodAccessorImpl.java:43) ~[na:na]
	at java.base/java.lang.reflect.Method.invoke(Method.java:568) ~[na:na]
	at org.springframework.boot.devtools.restart.RestartLauncher.run(RestartLauncher.java:50) ~[spring-boot-devtools-3.2.5.jar:3.2.5]
Caused by: java.sql.SQLException: Referencing column 'parent_id' and referenced column 'id' in foreign key constraint 'FK6vyvnm5ubl6y01i6oa1xa23h3' are incompatible.
	at com.mysql.cj.jdbc.exceptions.SQLError.createSQLException(SQLError.java:130) ~[mysql-connector-j-8.3.0.jar:8.3.0]
	at com.mysql.cj.jdbc.exceptions.SQLExceptionsMapping.translateException(SQLExceptionsMapping.java:122) ~[mysql-connector-j-8.3.0.jar:8.3.0]
	at com.mysql.cj.jdbc.StatementImpl.executeInternal(StatementImpl.java:770) ~[mysql-connector-j-8.3.0.jar:8.3.0]
	at com.mysql.cj.jdbc.StatementImpl.execute(StatementImpl.java:653) ~[mysql-connector-j-8.3.0.jar:8.3.0]
	at com.zaxxer.hikari.pool.ProxyStatement.execute(ProxyStatement.java:94) ~[HikariCP-5.0.1.jar:na]
	at com.zaxxer.hikari.pool.HikariProxyStatement.execute(HikariProxyStatement.java) ~[HikariCP-5.0.1.jar:na]
	at org.hibernate.tool.schema.internal.exec.GenerationTargetToDatabase.accept(GenerationTargetToDatabase.java:80) ~[hibernate-core-6.4.4.Final.jar:6.4.4.Final]
	... 43 common frames omitted
2026-05-10 00:13:19 [WARN] GenerationTarget encountered exception accepting command : Error executing DDL "alter table students modify column id integer not null" via JDBC [Referencing column 'student_id' and referenced column 'id' in foreign key constraint 'FKdj3vh5omwntbvwvu40rbv5um' are incompatible.]
org.hibernate.tool.schema.spi.CommandAcceptanceException: Error executing DDL "alter table students modify column id integer not null" via JDBC [Referencing column 'student_id' and referenced column 'id' in foreign key constraint 'FKdj3vh5omwntbvwvu40rbv5um' are incompatible.]
	at org.hibernate.tool.schema.internal.exec.GenerationTargetToDatabase.accept(GenerationTargetToDatabase.java:94) ~[hibernate-core-6.4.4.Final.jar:6.4.4.Final]
	at org.hibernate.tool.schema.internal.AbstractSchemaMigrator.applySqlString(AbstractSchemaMigrator.java:574) ~[hibernate-core-6.4.4.Final.jar:6.4.4.Final]
	at org.hibernate.tool.schema.internal.AbstractSchemaMigrator.applySqlStrings(AbstractSchemaMigrator.java:514) ~[hibernate-core-6.4.4.Final.jar:6.4.4.Final]
	at org.hibernate.tool.schema.internal.AbstractSchemaMigrator.migrateTable(AbstractSchemaMigrator.java:333) ~[hibernate-core-6.4.4.Final.jar:6.4.4.Final]
	at org.hibernate.tool.schema.internal.GroupedSchemaMigratorImpl.performTablesMigration(GroupedSchemaMigratorImpl.java:84) ~[hibernate-core-6.4.4.Final.jar:6.4.4.Final]
	at org.hibernate.tool.schema.internal.AbstractSchemaMigrator.performMigration(AbstractSchemaMigrator.java:232) ~[hibernate-core-6.4.4.Final.jar:6.4.4.Final]
	at org.hibernate.tool.schema.internal.AbstractSchemaMigrator.doMigration(AbstractSchemaMigrator.java:117) ~[hibernate-core-6.4.4.Final.jar:6.4.4.Final]
	at org.hibernate.tool.schema.spi.SchemaManagementToolCoordinator.performDatabaseAction(SchemaManagementToolCoordinator.java:286) ~[hibernate-core-6.4.4.Final.jar:6.4.4.Final]
	at org.hibernate.tool.schema.spi.SchemaManagementToolCoordinator.lambda$process$5(SchemaManagementToolCoordinator.java:145) ~[hibernate-core-6.4.4.Final.jar:6.4.4.Final]
	at java.base/java.util.HashMap.forEach(HashMap.java:1421) ~[na:na]
	at org.hibernate.tool.schema.spi.SchemaManagementToolCoordinator.process(SchemaManagementToolCoordinator.java:142) ~[hibernate-core-6.4.4.Final.jar:6.4.4.Final]
	at org.hibernate.boot.internal.SessionFactoryObserverForSchemaExport.sessionFactoryCreated(SessionFactoryObserverForSchemaExport.java:37) ~[hibernate-core-6.4.4.Final.jar:6.4.4.Final]
	at org.hibernate.internal.SessionFactoryObserverChain.sessionFactoryCreated(SessionFactoryObserverChain.java:35) ~[hibernate-core-6.4.4.Final.jar:6.4.4.Final]
	at org.hibernate.internal.SessionFactoryImpl.<init>(SessionFactoryImpl.java:315) ~[hibernate-core-6.4.4.Final.jar:6.4.4.Final]
	at org.hibernate.boot.internal.SessionFactoryBuilderImpl.build(SessionFactoryBuilderImpl.java:450) ~[hibernate-core-6.4.4.Final.jar:6.4.4.Final]
	at org.hibernate.jpa.boot.internal.EntityManagerFactoryBuilderImpl.build(EntityManagerFactoryBuilderImpl.java:1507) ~[hibernate-core-6.4.4.Final.jar:6.4.4.Final]
	at org.springframework.orm.jpa.vendor.SpringHibernateJpaPersistenceProvider.createContainerEntityManagerFactory(SpringHibernateJpaPersistenceProvider.java:75) ~[spring-orm-6.1.6.jar:6.1.6]
	at org.springframework.orm.jpa.LocalContainerEntityManagerFactoryBean.createNativeEntityManagerFactory(LocalContainerEntityManagerFactoryBean.java:390) ~[spring-orm-6.1.6.jar:6.1.6]
	at org.springframework.orm.jpa.AbstractEntityManagerFactoryBean.buildNativeEntityManagerFactory(AbstractEntityManagerFactoryBean.java:409) ~[spring-orm-6.1.6.jar:6.1.6]
	at org.springframework.orm.jpa.AbstractEntityManagerFactoryBean.afterPropertiesSet(AbstractEntityManagerFactoryBean.java:396) ~[spring-orm-6.1.6.jar:6.1.6]
	at org.springframework.orm.jpa.LocalContainerEntityManagerFactoryBean.afterPropertiesSet(LocalContainerEntityManagerFactoryBean.java:366) ~[spring-orm-6.1.6.jar:6.1.6]
	at org.springframework.beans.factory.support.AbstractAutowireCapableBeanFactory.invokeInitMethods(AbstractAutowireCapableBeanFactory.java:1833) ~[spring-beans-6.1.6.jar:6.1.6]
	at org.springframework.beans.factory.support.AbstractAutowireCapableBeanFactory.initializeBean(AbstractAutowireCapableBeanFactory.java:1782) ~[spring-beans-6.1.6.jar:6.1.6]
	at org.springframework.beans.factory.support.AbstractAutowireCapableBeanFactory.doCreateBean(AbstractAutowireCapableBeanFactory.java:600) ~[spring-beans-6.1.6.jar:6.1.6]
	at org.springframework.beans.factory.support.AbstractAutowireCapableBeanFactory.createBean(AbstractAutowireCapableBeanFactory.java:522) ~[spring-beans-6.1.6.jar:6.1.6]
	at org.springframework.beans.factory.support.AbstractBeanFactory.lambda$doGetBean$0(AbstractBeanFactory.java:326) ~[spring-beans-6.1.6.jar:6.1.6]
	at org.springframework.beans.factory.support.DefaultSingletonBeanRegistry.getSingleton(DefaultSingletonBeanRegistry.java:234) ~[spring-beans-6.1.6.jar:6.1.6]
	at org.springframework.beans.factory.support.AbstractBeanFactory.doGetBean(AbstractBeanFactory.java:324) ~[spring-beans-6.1.6.jar:6.1.6]
	at org.springframework.beans.factory.support.AbstractBeanFactory.getBean(AbstractBeanFactory.java:200) ~[spring-beans-6.1.6.jar:6.1.6]
	at org.springframework.context.support.AbstractApplicationContext.getBean(AbstractApplicationContext.java:1234) ~[spring-context-6.1.6.jar:6.1.6]
	at org.springframework.context.support.AbstractApplicationContext.finishBeanFactoryInitialization(AbstractApplicationContext.java:952) ~[spring-context-6.1.6.jar:6.1.6]
	at org.springframework.context.support.AbstractApplicationContext.refresh(AbstractApplicationContext.java:624) ~[spring-context-6.1.6.jar:6.1.6]
	at org.springframework.boot.web.servlet.context.ServletWebServerApplicationContext.refresh(ServletWebServerApplicationContext.java:146) ~[spring-boot-3.2.5.jar:3.2.5]
	at org.springframework.boot.SpringApplication.refresh(SpringApplication.java:754) ~[spring-boot-3.2.5.jar:3.2.5]
	at org.springframework.boot.SpringApplication.refreshContext(SpringApplication.java:456) ~[spring-boot-3.2.5.jar:3.2.5]
	at org.springframework.boot.SpringApplication.run(SpringApplication.java:334) ~[spring-boot-3.2.5.jar:3.2.5]
	at org.springframework.boot.SpringApplication.run(SpringApplication.java:1354) ~[spring-boot-3.2.5.jar:3.2.5]
	at org.springframework.boot.SpringApplication.run(SpringApplication.java:1343) ~[spring-boot-3.2.5.jar:3.2.5]
	at com.student_managment_service.student_management.StudentManagementApplication.main(StudentManagementApplication.java:13) ~[classes/:na]
	at java.base/jdk.internal.reflect.NativeMethodAccessorImpl.invoke0(Native Method) ~[na:na]
	at java.base/jdk.internal.reflect.NativeMethodAccessorImpl.invoke(NativeMethodAccessorImpl.java:77) ~[na:na]
	at java.base/jdk.internal.reflect.DelegatingMethodAccessorImpl.invoke(DelegatingMethodAccessorImpl.java:43) ~[na:na]
	at java.base/java.lang.reflect.Method.invoke(Method.java:568) ~[na:na]
	at org.springframework.boot.devtools.restart.RestartLauncher.run(RestartLauncher.java:50) ~[spring-boot-devtools-3.2.5.jar:3.2.5]
Caused by: java.sql.SQLException: Referencing column 'student_id' and referenced column 'id' in foreign key constraint 'FKdj3vh5omwntbvwvu40rbv5um' are incompatible.
	at com.mysql.cj.jdbc.exceptions.SQLError.createSQLException(SQLError.java:130) ~[mysql-connector-j-8.3.0.jar:8.3.0]
	at com.mysql.cj.jdbc.exceptions.SQLExceptionsMapping.translateException(SQLExceptionsMapping.java:122) ~[mysql-connector-j-8.3.0.jar:8.3.0]
	at com.mysql.cj.jdbc.StatementImpl.executeInternal(StatementImpl.java:770) ~[mysql-connector-j-8.3.0.jar:8.3.0]
	at com.mysql.cj.jdbc.StatementImpl.execute(StatementImpl.java:653) ~[mysql-connector-j-8.3.0.jar:8.3.0]
	at com.zaxxer.hikari.pool.ProxyStatement.execute(ProxyStatement.java:94) ~[HikariCP-5.0.1.jar:na]
	at com.zaxxer.hikari.pool.HikariProxyStatement.execute(HikariProxyStatement.java) ~[HikariCP-5.0.1.jar:na]
	at org.hibernate.tool.schema.internal.exec.GenerationTargetToDatabase.accept(GenerationTargetToDatabase.java:80) ~[hibernate-core-6.4.4.Final.jar:6.4.4.Final]
	... 43 common frames omitted
2026-05-10 00:13:20 [WARN] spring.jpa.open-in-view is enabled by default. Therefore, database queries may be performed during view rendering. Explicitly configure spring.jpa.open-in-view to disable this warning
2026-05-10 00:13:21 [INFO] ConsumerConfig values: 
	allow.auto.create.topics = true
	auto.commit.interval.ms = 5000
	auto.include.jmx.reporter = true
	auto.offset.reset = latest
	bootstrap.servers = [localhost:9092]
	check.crcs = true
	client.dns.lookup = use_all_dns_ips
	client.id = consumer-school-group-2
	client.rack = 
	connections.max.idle.ms = 540000
	default.api.timeout.ms = 60000
	enable.auto.commit = false
	exclude.internal.topics = true
	fetch.max.bytes = 52428800
	fetch.max.wait.ms = 500
	fetch.min.bytes = 1
	group.id = school-group
	group.instance.id = null
	heartbeat.interval.ms = 3000
	interceptor.classes = []
	internal.leave.group.on.close = true
	internal.throw.on.fetch.stable.offset.unsupported = false
	isolation.level = read_uncommitted
	key.deserializer = class org.apache.kafka.common.serialization.StringDeserializer
	max.partition.fetch.bytes = 1048576
	max.poll.interval.ms = 300000
	max.poll.records = 500
	metadata.max.age.ms = 300000
	metric.reporters = []
	metrics.num.samples = 2
	metrics.recording.level = INFO
	metrics.sample.window.ms = 30000
	partition.assignment.strategy = [class org.apache.kafka.clients.consumer.RangeAssignor, class org.apache.kafka.clients.consumer.CooperativeStickyAssignor]
	receive.buffer.bytes = 65536
	reconnect.backoff.max.ms = 1000
	reconnect.backoff.ms = 50
	request.timeout.ms = 30000
	retry.backoff.ms = 100
	sasl.client.callback.handler.class = null
	sasl.jaas.config = null
	sasl.kerberos.kinit.cmd = /usr/bin/kinit
	sasl.kerberos.min.time.before.relogin = 60000
	sasl.kerberos.service.name = null
	sasl.kerberos.ticket.renew.jitter = 0.05
	sasl.kerberos.ticket.renew.window.factor = 0.8
	sasl.login.callback.handler.class = null
	sasl.login.class = null
	sasl.login.connect.timeout.ms = null
	sasl.login.read.timeout.ms = null
	sasl.login.refresh.buffer.seconds = 300
	sasl.login.refresh.min.period.seconds = 60
	sasl.login.refresh.window.factor = 0.8
	sasl.login.refresh.window.jitter = 0.05
	sasl.login.retry.backoff.max.ms = 10000
	sasl.login.retry.backoff.ms = 100
	sasl.mechanism = GSSAPI
	sasl.oauthbearer.clock.skew.seconds = 30
	sasl.oauthbearer.expected.audience = null
	sasl.oauthbearer.expected.issuer = null
	sasl.oauthbearer.jwks.endpoint.refresh.ms = 3600000
	sasl.oauthbearer.jwks.endpoint.retry.backoff.max.ms = 10000
	sasl.oauthbearer.jwks.endpoint.retry.backoff.ms = 100
	sasl.oauthbearer.jwks.endpoint.url = null
	sasl.oauthbearer.scope.claim.name = scope
	sasl.oauthbearer.sub.claim.name = sub
	sasl.oauthbearer.token.endpoint.url = null
	security.protocol = PLAINTEXT
	security.providers = null
	send.buffer.bytes = 131072
	session.timeout.ms = 45000
	socket.connection.setup.timeout.max.ms = 30000
	socket.connection.setup.timeout.ms = 10000
	ssl.cipher.suites = null
	ssl.enabled.protocols = [TLSv1.2, TLSv1.3]
	ssl.endpoint.identification.algorithm = https
	ssl.engine.factory.class = null
	ssl.key.password = null
	ssl.keymanager.algorithm = SunX509
	ssl.keystore.certificate.chain = null
	ssl.keystore.key = null
	ssl.keystore.location = null
	ssl.keystore.password = null
	ssl.keystore.type = JKS
	ssl.protocol = TLSv1.3
	ssl.provider = null
	ssl.secure.random.implementation = null
	ssl.trustmanager.algorithm = PKIX
	ssl.truststore.certificates = null
	ssl.truststore.location = null
	ssl.truststore.password = null
	ssl.truststore.type = JKS
	value.deserializer = class org.springframework.kafka.support.serializer.JsonDeserializer

2026-05-10 00:13:21 [INFO] Kafka version: 3.6.2
2026-05-10 00:13:21 [INFO] Kafka commitId: c4deed513057c94e
2026-05-10 00:13:21 [INFO] Kafka startTimeMs: 1778361201245
2026-05-10 00:13:21 [INFO] [Consumer clientId=consumer-school-group-2, groupId=school-group] Cluster ID: kzmlwi9_QdiWk4uvwdzROg
2026-05-10 00:13:21 [INFO] [Consumer clientId=consumer-school-group-2, groupId=school-group] Discovered group coordinator DESKTOP-8IHU6CM:9092 (id: 2147483647 rack: null)
2026-05-10 00:13:21 [INFO] [Consumer clientId=consumer-school-group-2, groupId=school-group] (Re-)joining group
2026-05-10 00:13:21 [INFO] Started StudentManagementApplication in 2.74 seconds (process running for 1138.149)
2026-05-10 00:13:21 [INFO] [Consumer clientId=consumer-school-group-2, groupId=school-group] Request joining group due to: need to re-join with the given member-id: consumer-school-group-2-53e88b89-3644-42a4-b3be-0271638c404d
2026-05-10 00:13:21 [INFO] [Consumer clientId=consumer-school-group-2, groupId=school-group] Request joining group due to: rebalance failed due to 'The group member needs to have a valid member id before actually entering a consumer group.' (MemberIdRequiredException)
2026-05-10 00:13:21 [INFO] [Consumer clientId=consumer-school-group-2, groupId=school-group] (Re-)joining group
2026-05-10 00:13:21 [INFO] [Consumer clientId=consumer-school-group-2, groupId=school-group] Successfully joined group with generation Generation{generationId=183, memberId='consumer-school-group-2-53e88b89-3644-42a4-b3be-0271638c404d', protocol='range'}
2026-05-10 00:13:21 [INFO] [Consumer clientId=consumer-school-group-2, groupId=school-group] Finished assignment for group at generation 183: {consumer-school-group-2-53e88b89-3644-42a4-b3be-0271638c404d=Assignment(partitions=[enrollment-topic-0])}
2026-05-10 00:13:21 [INFO] [Consumer clientId=consumer-school-group-2, groupId=school-group] Successfully synced group in generation Generation{generationId=183, memberId='consumer-school-group-2-53e88b89-3644-42a4-b3be-0271638c404d', protocol='range'}
2026-05-10 00:13:21 [INFO] [Consumer clientId=consumer-school-group-2, groupId=school-group] Notifying assignor about the new Assignment(partitions=[enrollment-topic-0])
2026-05-10 00:13:21 [INFO] [Consumer clientId=consumer-school-group-2, groupId=school-group] Adding newly assigned partitions: enrollment-topic-0
2026-05-10 00:13:21 [INFO] [Consumer clientId=consumer-school-group-2, groupId=school-group] Setting offset for partition enrollment-topic-0 to the committed offset FetchPosition{offset=151, offsetEpoch=Optional.empty, currentLeader=LeaderAndEpoch{leader=Optional[DESKTOP-8IHU6CM:9092 (id: 0 rack: null)], epoch=0}}
2026-05-10 00:22:21 [INFO] [Consumer clientId=consumer-school-group-2, groupId=school-group] Node -1 disconnected.
2026-05-10 00:46:37 [INFO] ?? ENTER: StudentService.updateStudentEnrollmentStatus(..)
2026-05-10 00:46:38 [INFO] ?? EXIT: StudentService.updateStudentEnrollmentStatus(..) | Time: 210ms
2026-05-10 00:46:38 [INFO] ?? ENTER: StudentService.updateStudentEnrollmentStatus(..)
2026-05-10 00:46:38 [INFO] ?? EXIT: StudentService.updateStudentEnrollmentStatus(..) | Time: 9ms
2026-05-10 00:46:38 [INFO] ?? ENTER: StudentService.updateStudentEnrollmentStatus(..)
2026-05-10 00:46:38 [INFO] ?? EXIT: StudentService.updateStudentEnrollmentStatus(..) | Time: 19ms
2026-05-10 00:46:38 [INFO] ?? ENTER: StudentService.updateStudentEnrollmentStatus(..)
2026-05-10 00:46:38 [INFO] ?? EXIT: StudentService.updateStudentEnrollmentStatus(..) | Time: 14ms
2026-05-10 00:46:38 [INFO] ?? ENTER: StudentService.updateStudentEnrollmentStatus(..)
2026-05-10 00:46:38 [INFO] ?? EXIT: StudentService.updateStudentEnrollmentStatus(..) | Time: 10ms
2026-05-10 01:00:17 [INFO] [Consumer clientId=consumer-school-group-2, groupId=school-group] Node 0 disconnected.
2026-05-10 01:00:17 [INFO] [Consumer clientId=consumer-school-group-2, groupId=school-group] Cancelled in-flight FETCH request with correlation id 6629 due to node 0 being disconnected (elapsed time since creation: 695ms, elapsed time since send: 695ms, request timeout: 30000ms)
2026-05-10 01:00:17 [INFO] [Consumer clientId=consumer-school-group-2, groupId=school-group] Cancelled in-flight METADATA request with correlation id 6630 due to node 0 being disconnected (elapsed time since creation: 690ms, elapsed time since send: 690ms, request timeout: 30000ms)
2026-05-10 01:00:17 [INFO] [Consumer clientId=consumer-school-group-2, groupId=school-group] Node 2147483647 disconnected.
2026-05-10 01:00:17 [INFO] [Consumer clientId=consumer-school-group-2, groupId=school-group] Cancelled in-flight HEARTBEAT request with correlation id 6631 due to node 2147483647 being disconnected (elapsed time since creation: 444ms, elapsed time since send: 444ms, request timeout: 30000ms)
2026-05-10 01:00:17 [INFO] [Consumer clientId=consumer-school-group-2, groupId=school-group] Group coordinator DESKTOP-8IHU6CM:9092 (id: 2147483647 rack: null) is unavailable or invalid due to cause: null. isDisconnected: true. Rediscovery will be attempted.
2026-05-10 01:00:17 [INFO] [Consumer clientId=consumer-school-group-2, groupId=school-group] Error sending fetch request (sessionId=1999736093, epoch=5671) to node 0:
org.apache.kafka.common.errors.DisconnectException: null
2026-05-10 01:00:19 [INFO] [Consumer clientId=consumer-school-group-2, groupId=school-group] Node 0 disconnected.
2026-05-10 01:00:19 [WARN] [Consumer clientId=consumer-school-group-2, groupId=school-group] Connection to node 0 (DESKTOP-8IHU6CM/192.168.137.1:9092) could not be established. Broker may not be available.
2026-05-10 01:00:21 [INFO] [Consumer clientId=consumer-school-group-2, groupId=school-group] Node 0 disconnected.
2026-05-10 01:00:21 [WARN] [Consumer clientId=consumer-school-group-2, groupId=school-group] Connection to node 0 (DESKTOP-8IHU6CM/192.168.1.9:9092) could not be established. Broker may not be available.
2026-05-10 01:00:23 [INFO] [Consumer clientId=consumer-school-group-2, groupId=school-group] Node 0 disconnected.
2026-05-10 01:00:23 [WARN] [Consumer clientId=consumer-school-group-2, groupId=school-group] Connection to node 0 (DESKTOP-8IHU6CM/192.168.56.1:9092) could not be established. Broker may not be available.
2026-05-10 01:00:26 [INFO] [Consumer clientId=consumer-school-group-2, groupId=school-group] Node 0 disconnected.
2026-05-10 01:00:26 [WARN] [Consumer clientId=consumer-school-group-2, groupId=school-group] Connection to node 0 (DESKTOP-8IHU6CM/192.168.137.1:9092) could not be established. Broker may not be available.
2026-05-10 01:00:26 [INFO] [Consumer clientId=consumer-school-group-2, groupId=school-group] Error sending fetch request (sessionId=1999736093, epoch=INITIAL) to node 0:
org.apache.kafka.common.errors.DisconnectException: null
2026-05-10 01:00:29 [INFO] [Consumer clientId=consumer-school-group-2, groupId=school-group] Node 0 disconnected.
2026-05-10 01:00:29 [WARN] [Consumer clientId=consumer-school-group-2, groupId=school-group] Connection to node 0 (DESKTOP-8IHU6CM/192.168.1.9:9092) could not be established. Broker may not be available.
2026-05-10 01:00:31 [INFO] [Consumer clientId=consumer-school-group-2, groupId=school-group] Node 0 disconnected.
2026-05-10 01:00:31 [WARN] [Consumer clientId=consumer-school-group-2, groupId=school-group] Connection to node 0 (DESKTOP-8IHU6CM/192.168.56.1:9092) could not be established. Broker may not be available.
2026-05-10 01:00:35 [INFO] [Consumer clientId=consumer-school-group-2, groupId=school-group] Node 0 disconnected.
2026-05-10 01:00:35 [WARN] [Consumer clientId=consumer-school-group-2, groupId=school-group] Connection to node 0 (DESKTOP-8IHU6CM/192.168.137.1:9092) could not be established. Broker may not be available.
2026-05-10 01:00:35 [INFO] [Consumer clientId=consumer-school-group-2, groupId=school-group] Error sending fetch request (sessionId=1999736093, epoch=INITIAL) to node 0:
org.apache.kafka.common.errors.DisconnectException: null
2026-05-10 01:00:38 [INFO] [Consumer clientId=consumer-school-group-2, groupId=school-group] Node 0 disconnected.
2026-05-10 01:00:38 [WARN] [Consumer clientId=consumer-school-group-2, groupId=school-group] Connection to node 0 (DESKTOP-8IHU6CM/192.168.1.9:9092) could not be established. Broker may not be available.
2026-05-10 01:00:41 [INFO] [Consumer clientId=consumer-school-group-2, groupId=school-group] Node 0 disconnected.
2026-05-10 01:00:41 [WARN] [Consumer clientId=consumer-school-group-2, groupId=school-group] Connection to node 0 (DESKTOP-8IHU6CM/192.168.56.1:9092) could not be established. Broker may not be available.
2026-05-10 01:00:41 [INFO] [Consumer clientId=consumer-school-group-2, groupId=school-group] Error sending fetch request (sessionId=1999736093, epoch=INITIAL) to node 0:
org.apache.kafka.common.errors.DisconnectException: null
2026-05-10 01:00:44 [INFO] [Consumer clientId=consumer-school-group-2, groupId=school-group] Node 0 disconnected.
2026-05-10 01:00:44 [WARN] [Consumer clientId=consumer-school-group-2, groupId=school-group] Connection to node 0 (DESKTOP-8IHU6CM/192.168.137.1:9092) could not be established. Broker may not be available.
2026-05-10 01:00:44 [INFO] [Consumer clientId=consumer-school-group-2, groupId=school-group] Error sending fetch request (sessionId=1999736093, epoch=INITIAL) to node 0:
org.apache.kafka.common.errors.DisconnectException: null
2026-05-10 01:00:47 [INFO] [Consumer clientId=consumer-school-group-2, groupId=school-group] Node 0 disconnected.
2026-05-10 01:00:47 [WARN] [Consumer clientId=consumer-school-group-2, groupId=school-group] Connection to node 0 (DESKTOP-8IHU6CM/192.168.1.9:9092) could not be established. Broker may not be available.
2026-05-10 01:00:50 [INFO] [Consumer clientId=consumer-school-group-2, groupId=school-group] Node 0 disconnected.
2026-05-10 01:00:50 [WARN] [Consumer clientId=consumer-school-group-2, groupId=school-group] Connection to node 0 (DESKTOP-8IHU6CM/192.168.56.1:9092) could not be established. Broker may not be available.
2026-05-10 01:00:50 [INFO] [Consumer clientId=consumer-school-group-2, groupId=school-group] Error sending fetch request (sessionId=1999736093, epoch=INITIAL) to node 0:
org.apache.kafka.common.errors.DisconnectException: null
2026-05-10 01:00:53 [INFO] [Consumer clientId=consumer-school-group-2, groupId=school-group] Node 0 disconnected.
2026-05-10 01:00:53 [WARN] [Consumer clientId=consumer-school-group-2, groupId=school-group] Connection to node 0 (DESKTOP-8IHU6CM/192.168.137.1:9092) could not be established. Broker may not be available.
2026-05-10 01:00:57 [INFO] [Consumer clientId=consumer-school-group-2, groupId=school-group] Node 0 disconnected.
2026-05-10 01:00:57 [WARN] [Consumer clientId=consumer-school-group-2, groupId=school-group] Connection to node 0 (DESKTOP-8IHU6CM/192.168.1.9:9092) could not be established. Broker may not be available.
2026-05-10 01:01:00 [INFO] [Consumer clientId=consumer-school-group-2, groupId=school-group] Node 0 disconnected.
2026-05-10 01:01:00 [WARN] [Consumer clientId=consumer-school-group-2, groupId=school-group] Connection to node 0 (DESKTOP-8IHU6CM/192.168.56.1:9092) could not be established. Broker may not be available.
2026-05-10 01:01:00 [INFO] [Consumer clientId=consumer-school-group-2, groupId=school-group] Error sending fetch request (sessionId=1999736093, epoch=INITIAL) to node 0:
org.apache.kafka.common.errors.DisconnectException: null
2026-05-10 01:01:03 [INFO] [Consumer clientId=consumer-school-group-2, groupId=school-group] Node 0 disconnected.
2026-05-10 01:01:03 [WARN] [Consumer clientId=consumer-school-group-2, groupId=school-group] Connection to node 0 (DESKTOP-8IHU6CM/192.168.137.1:9092) could not be established. Broker may not be available.
2026-05-10 01:01:06 [INFO] [Consumer clientId=consumer-school-group-2, groupId=school-group] Node 0 disconnected.
2026-05-10 01:01:06 [WARN] [Consumer clientId=consumer-school-group-2, groupId=school-group] Connection to node 0 (DESKTOP-8IHU6CM/192.168.1.9:9092) could not be established. Broker may not be available.
2026-05-10 01:01:06 [INFO] [Consumer clientId=consumer-school-group-2, groupId=school-group] Error sending fetch request (sessionId=1999736093, epoch=INITIAL) to node 0:
org.apache.kafka.common.errors.DisconnectException: null
2026-05-10 01:01:09 [INFO] [Consumer clientId=consumer-school-group-2, groupId=school-group] Node 0 disconnected.
2026-05-10 01:01:09 [WARN] [Consumer clientId=consumer-school-group-2, groupId=school-group] Connection to node 0 (DESKTOP-8IHU6CM/192.168.56.1:9092) could not be established. Broker may not be available.
2026-05-10 01:01:11 [INFO] [Consumer clientId=consumer-school-group-2, groupId=school-group] Node 0 disconnected.
2026-05-10 01:01:11 [WARN] [Consumer clientId=consumer-school-group-2, groupId=school-group] Connection to node 0 (DESKTOP-8IHU6CM/192.168.137.1:9092) could not be established. Broker may not be available.
2026-05-10 01:01:14 [INFO] [Consumer clientId=consumer-school-group-2, groupId=school-group] Node 0 disconnected.
2026-05-10 01:01:14 [WARN] [Consumer clientId=consumer-school-group-2, groupId=school-group] Connection to node 0 (DESKTOP-8IHU6CM/192.168.1.9:9092) could not be established. Broker may not be available.
2026-05-10 01:01:14 [INFO] [Consumer clientId=consumer-school-group-2, groupId=school-group] Error sending fetch request (sessionId=1999736093, epoch=INITIAL) to node 0:
org.apache.kafka.common.errors.DisconnectException: null
2026-05-10 01:01:18 [INFO] [Consumer clientId=consumer-school-group-2, groupId=school-group] Node 0 disconnected.
2026-05-10 01:01:18 [WARN] [Consumer clientId=consumer-school-group-2, groupId=school-group] Connection to node 0 (DESKTOP-8IHU6CM/192.168.56.1:9092) could not be established. Broker may not be available.
2026-05-10 01:01:21 [INFO] [Consumer clientId=consumer-school-group-2, groupId=school-group] Node 0 disconnected.
2026-05-10 01:01:21 [WARN] [Consumer clientId=consumer-school-group-2, groupId=school-group] Connection to node 0 (DESKTOP-8IHU6CM/192.168.137.1:9092) could not be established. Broker may not be available.
2026-05-10 01:01:21 [INFO] [Consumer clientId=consumer-school-group-2, groupId=school-group] Error sending fetch request (sessionId=1999736093, epoch=INITIAL) to node 0:
org.apache.kafka.common.errors.DisconnectException: null
2026-05-10 01:01:24 [INFO] [Consumer clientId=consumer-school-group-2, groupId=school-group] Node 0 disconnected.
2026-05-10 01:01:24 [WARN] [Consumer clientId=consumer-school-group-2, groupId=school-group] Connection to node 0 (DESKTOP-8IHU6CM/192.168.1.9:9092) could not be established. Broker may not be available.
2026-05-10 01:01:24 [INFO] [Consumer clientId=consumer-school-group-2, groupId=school-group] Error sending fetch request (sessionId=1999736093, epoch=INITIAL) to node 0:
org.apache.kafka.common.errors.DisconnectException: null
2026-05-10 01:01:27 [INFO] [Consumer clientId=consumer-school-group-2, groupId=school-group] Node 0 disconnected.
2026-05-10 01:01:27 [WARN] [Consumer clientId=consumer-school-group-2, groupId=school-group] Connection to node 0 (DESKTOP-8IHU6CM/192.168.56.1:9092) could not be established. Broker may not be available.
2026-05-10 01:01:30 [INFO] [Consumer clientId=consumer-school-group-2, groupId=school-group] Node 0 disconnected.
2026-05-10 01:01:30 [WARN] [Consumer clientId=consumer-school-group-2, groupId=school-group] Connection to node 0 (DESKTOP-8IHU6CM/192.168.137.1:9092) could not be established. Broker may not be available.
2026-05-10 01:01:30 [INFO] [Consumer clientId=consumer-school-group-2, groupId=school-group] Error sending fetch request (sessionId=1999736093, epoch=INITIAL) to node 0:
org.apache.kafka.common.errors.DisconnectException: null
2026-05-10 01:01:33 [INFO] [Consumer clientId=consumer-school-group-2, groupId=school-group] Node 0 disconnected.
2026-05-10 01:01:33 [WARN] [Consumer clientId=consumer-school-group-2, groupId=school-group] Connection to node 0 (DESKTOP-8IHU6CM/192.168.1.9:9092) could not be established. Broker may not be available.
2026-05-10 01:01:36 [INFO] [Consumer clientId=consumer-school-group-2, groupId=school-group] Node 0 disconnected.
2026-05-10 01:01:36 [WARN] [Consumer clientId=consumer-school-group-2, groupId=school-group] Connection to node 0 (DESKTOP-8IHU6CM/192.168.56.1:9092) could not be established. Broker may not be available.
2026-05-10 01:01:39 [INFO] [Consumer clientId=consumer-school-group-2, groupId=school-group] Node 0 disconnected.
2026-05-10 01:01:39 [WARN] [Consumer clientId=consumer-school-group-2, groupId=school-group] Connection to node 0 (DESKTOP-8IHU6CM/192.168.137.1:9092) could not be established. Broker may not be available.
2026-05-10 01:01:39 [INFO] [Consumer clientId=consumer-school-group-2, groupId=school-group] Error sending fetch request (sessionId=1999736093, epoch=INITIAL) to node 0:
org.apache.kafka.common.errors.DisconnectException: null
2026-05-10 01:01:42 [INFO] [Consumer clientId=consumer-school-group-2, groupId=school-group] Node 0 disconnected.
2026-05-10 01:01:42 [WARN] [Consumer clientId=consumer-school-group-2, groupId=school-group] Connection to node 0 (DESKTOP-8IHU6CM/192.168.1.9:9092) could not be established. Broker may not be available.
2026-05-10 01:01:45 [INFO] [Consumer clientId=consumer-school-group-2, groupId=school-group] Node 0 disconnected.
2026-05-10 01:01:45 [WARN] [Consumer clientId=consumer-school-group-2, groupId=school-group] Connection to node 0 (DESKTOP-8IHU6CM/192.168.56.1:9092) could not be established. Broker may not be available.
2026-05-10 01:01:45 [INFO] [Consumer clientId=consumer-school-group-2, groupId=school-group] Error sending fetch request (sessionId=1999736093, epoch=INITIAL) to node 0:
org.apache.kafka.common.errors.DisconnectException: null
2026-05-10 01:01:48 [INFO] [Consumer clientId=consumer-school-group-2, groupId=school-group] Node 0 disconnected.
2026-05-10 01:01:48 [WARN] [Consumer clientId=consumer-school-group-2, groupId=school-group] Connection to node 0 (DESKTOP-8IHU6CM/192.168.137.1:9092) could not be established. Broker may not be available.
2026-05-10 01:01:52 [INFO] [Consumer clientId=consumer-school-group-2, groupId=school-group] Node 0 disconnected.
2026-05-10 01:01:52 [WARN] [Consumer clientId=consumer-school-group-2, groupId=school-group] Connection to node 0 (DESKTOP-8IHU6CM/192.168.1.9:9092) could not be established. Broker may not be available.
2026-05-10 01:01:55 [INFO] [Consumer clientId=consumer-school-group-2, groupId=school-group] Node 0 disconnected.
2026-05-10 01:01:55 [WARN] [Consumer clientId=consumer-school-group-2, groupId=school-group] Connection to node 0 (DESKTOP-8IHU6CM/192.168.56.1:9092) could not be established. Broker may not be available.
2026-05-10 01:01:55 [INFO] [Consumer clientId=consumer-school-group-2, groupId=school-group] Error sending fetch request (sessionId=1999736093, epoch=INITIAL) to node 0:
org.apache.kafka.common.errors.DisconnectException: null
2026-05-10 01:01:58 [INFO] [Consumer clientId=consumer-school-group-2, groupId=school-group] Node 0 disconnected.
2026-05-10 01:01:58 [WARN] [Consumer clientId=consumer-school-group-2, groupId=school-group] Connection to node 0 (DESKTOP-8IHU6CM/192.168.137.1:9092) could not be established. Broker may not be available.
2026-05-10 01:02:01 [INFO] [Consumer clientId=consumer-school-group-2, groupId=school-group] Node 0 disconnected.
2026-05-10 01:02:01 [WARN] [Consumer clientId=consumer-school-group-2, groupId=school-group] Connection to node 0 (DESKTOP-8IHU6CM/192.168.1.9:9092) could not be established. Broker may not be available.
2026-05-10 01:02:01 [INFO] [Consumer clientId=consumer-school-group-2, groupId=school-group] Error sending fetch request (sessionId=1999736093, epoch=INITIAL) to node 0:
org.apache.kafka.common.errors.DisconnectException: null
2026-05-10 01:02:04 [INFO] [Consumer clientId=consumer-school-group-2, groupId=school-group] Node 0 disconnected.
2026-05-10 01:02:04 [WARN] [Consumer clientId=consumer-school-group-2, groupId=school-group] Connection to node 0 (DESKTOP-8IHU6CM/192.168.56.1:9092) could not be established. Broker may not be available.
2026-05-10 01:02:07 [INFO] [Consumer clientId=consumer-school-group-2, groupId=school-group] Node 0 disconnected.
2026-05-10 01:02:07 [WARN] [Consumer clientId=consumer-school-group-2, groupId=school-group] Connection to node 0 (DESKTOP-8IHU6CM/192.168.137.1:9092) could not be established. Broker may not be available.
2026-05-10 01:02:10 [INFO] [Consumer clientId=consumer-school-group-2, groupId=school-group] Node 0 disconnected.
2026-05-10 01:02:10 [WARN] [Consumer clientId=consumer-school-group-2, groupId=school-group] Connection to node 0 (DESKTOP-8IHU6CM/192.168.1.9:9092) could not be established. Broker may not be available.
2026-05-10 01:02:10 [INFO] [Consumer clientId=consumer-school-group-2, groupId=school-group] Error sending fetch request (sessionId=1999736093, epoch=INITIAL) to node 0:
org.apache.kafka.common.errors.DisconnectException: null
2026-05-10 01:02:13 [INFO] [Consumer clientId=consumer-school-group-2, groupId=school-group] Node 0 disconnected.
2026-05-10 01:02:13 [WARN] [Consumer clientId=consumer-school-group-2, groupId=school-group] Connection to node 0 (DESKTOP-8IHU6CM/192.168.56.1:9092) could not be established. Broker may not be available.
2026-05-10 01:02:16 [INFO] [Consumer clientId=consumer-school-group-2, groupId=school-group] Node 0 disconnected.
2026-05-10 01:02:16 [WARN] [Consumer clientId=consumer-school-group-2, groupId=school-group] Connection to node 0 (DESKTOP-8IHU6CM/192.168.137.1:9092) could not be established. Broker may not be available.
2026-05-10 01:02:16 [INFO] [Consumer clientId=consumer-school-group-2, groupId=school-group] Error sending fetch request (sessionId=1999736093, epoch=INITIAL) to node 0:
org.apache.kafka.common.errors.DisconnectException: null
2026-05-10 01:02:19 [INFO] [Consumer clientId=consumer-school-group-2, groupId=school-group] Node 0 disconnected.
2026-05-10 01:02:19 [WARN] [Consumer clientId=consumer-school-group-2, groupId=school-group] Connection to node 0 (DESKTOP-8IHU6CM/192.168.1.9:9092) could not be established. Broker may not be available.
2026-05-10 01:02:19 [INFO] [Consumer clientId=consumer-school-group-2, groupId=school-group] Error sending fetch request (sessionId=1999736093, epoch=INITIAL) to node 0:
org.apache.kafka.common.errors.DisconnectException: null
2026-05-10 01:02:22 [INFO] [Consumer clientId=consumer-school-group-2, groupId=school-group] Node 0 disconnected.
2026-05-10 01:02:22 [WARN] [Consumer clientId=consumer-school-group-2, groupId=school-group] Connection to node 0 (DESKTOP-8IHU6CM/192.168.56.1:9092) could not be established. Broker may not be available.
2026-05-10 01:02:25 [INFO] [Consumer clientId=consumer-school-group-2, groupId=school-group] Node 0 disconnected.
2026-05-10 01:02:25 [WARN] [Consumer clientId=consumer-school-group-2, groupId=school-group] Connection to node 0 (DESKTOP-8IHU6CM/192.168.137.1:9092) could not be established. Broker may not be available.
2026-05-10 01:02:25 [INFO] [Consumer clientId=consumer-school-group-2, groupId=school-group] Error sending fetch request (sessionId=1999736093, epoch=INITIAL) to node 0:
org.apache.kafka.common.errors.DisconnectException: null
2026-05-10 01:02:29 [INFO] [Consumer clientId=consumer-school-group-2, groupId=school-group] Node 0 disconnected.
2026-05-10 01:02:29 [WARN] [Consumer clientId=consumer-school-group-2, groupId=school-group] Connection to node 0 (DESKTOP-8IHU6CM/192.168.1.9:9092) could not be established. Broker may not be available.
2026-05-10 01:02:32 [INFO] [Consumer clientId=consumer-school-group-2, groupId=school-group] Node 0 disconnected.
2026-05-10 01:02:32 [WARN] [Consumer clientId=consumer-school-group-2, groupId=school-group] Connection to node 0 (DESKTOP-8IHU6CM/192.168.56.1:9092) could not be established. Broker may not be available.
2026-05-10 01:02:35 [INFO] [Consumer clientId=consumer-school-group-2, groupId=school-group] Node 0 disconnected.
2026-05-10 01:02:35 [WARN] [Consumer clientId=consumer-school-group-2, groupId=school-group] Connection to node 0 (DESKTOP-8IHU6CM/192.168.137.1:9092) could not be established. Broker may not be available.
2026-05-10 01:02:35 [INFO] [Consumer clientId=consumer-school-group-2, groupId=school-group] Error sending fetch request (sessionId=1999736093, epoch=INITIAL) to node 0:
org.apache.kafka.common.errors.DisconnectException: null
2026-05-10 01:02:38 [INFO] [Consumer clientId=consumer-school-group-2, groupId=school-group] Node 0 disconnected.
2026-05-10 01:02:38 [WARN] [Consumer clientId=consumer-school-group-2, groupId=school-group] Connection to node 0 (DESKTOP-8IHU6CM/192.168.1.9:9092) could not be established. Broker may not be available.
2026-05-10 01:02:41 [INFO] [Consumer clientId=consumer-school-group-2, groupId=school-group] Node 0 disconnected.
2026-05-10 01:02:41 [WARN] [Consumer clientId=consumer-school-group-2, groupId=school-group] Connection to node 0 (DESKTOP-8IHU6CM/192.168.56.1:9092) could not be established. Broker may not be available.
2026-05-10 01:02:41 [INFO] [Consumer clientId=consumer-school-group-2, groupId=school-group] Error sending fetch request (sessionId=1999736093, epoch=INITIAL) to node 0:
org.apache.kafka.common.errors.DisconnectException: null
2026-05-10 01:02:44 [INFO] [Consumer clientId=consumer-school-group-2, groupId=school-group] Node 0 disconnected.
2026-05-10 01:02:44 [WARN] [Consumer clientId=consumer-school-group-2, groupId=school-group] Connection to node 0 (DESKTOP-8IHU6CM/192.168.137.1:9092) could not be established. Broker may not be available.
2026-05-10 01:02:44 [INFO] [Consumer clientId=consumer-school-group-2, groupId=school-group] Error sending fetch request (sessionId=1999736093, epoch=INITIAL) to node 0:
org.apache.kafka.common.errors.DisconnectException: null
2026-05-10 01:02:47 [INFO] [Consumer clientId=consumer-school-group-2, groupId=school-group] Node 0 disconnected.
2026-05-10 01:02:47 [WARN] [Consumer clientId=consumer-school-group-2, groupId=school-group] Connection to node 0 (DESKTOP-8IHU6CM/192.168.1.9:9092) could not be established. Broker may not be available.
2026-05-10 01:02:51 [INFO] [Consumer clientId=consumer-school-group-2, groupId=school-group] Node 0 disconnected.
2026-05-10 01:02:51 [WARN] [Consumer clientId=consumer-school-group-2, groupId=school-group] Connection to node 0 (DESKTOP-8IHU6CM/192.168.56.1:9092) could not be established. Broker may not be available.
2026-05-10 01:02:51 [INFO] [Consumer clientId=consumer-school-group-2, groupId=school-group] Error sending fetch request (sessionId=1999736093, epoch=INITIAL) to node 0:
org.apache.kafka.common.errors.DisconnectException: null
2026-05-10 01:02:54 [INFO] [Consumer clientId=consumer-school-group-2, groupId=school-group] Node 0 disconnected.
2026-05-10 01:02:54 [WARN] [Consumer clientId=consumer-school-group-2, groupId=school-group] Connection to node 0 (DESKTOP-8IHU6CM/192.168.137.1:9092) could not be established. Broker may not be available.
2026-05-10 01:02:57 [INFO] [Consumer clientId=consumer-school-group-2, groupId=school-group] Node 0 disconnected.
2026-05-10 01:02:57 [WARN] [Consumer clientId=consumer-school-group-2, groupId=school-group] Connection to node 0 (DESKTOP-8IHU6CM/192.168.1.9:9092) could not be established. Broker may not be available.
2026-05-10 01:03:00 [INFO] [Consumer clientId=consumer-school-group-2, groupId=school-group] Node 0 disconnected.
2026-05-10 01:03:00 [WARN] [Consumer clientId=consumer-school-group-2, groupId=school-group] Connection to node 0 (DESKTOP-8IHU6CM/192.168.56.1:9092) could not be established. Broker may not be available.
2026-05-10 01:03:00 [INFO] [Consumer clientId=consumer-school-group-2, groupId=school-group] Error sending fetch request (sessionId=1999736093, epoch=INITIAL) to node 0:
org.apache.kafka.common.errors.DisconnectException: null
2026-05-10 01:03:03 [INFO] [Consumer clientId=consumer-school-group-2, groupId=school-group] Node 0 disconnected.
2026-05-10 01:03:03 [WARN] [Consumer clientId=consumer-school-group-2, groupId=school-group] Connection to node 0 (DESKTOP-8IHU6CM/192.168.137.1:9092) could not be established. Broker may not be available.
2026-05-10 01:03:06 [INFO] [Consumer clientId=consumer-school-group-2, groupId=school-group] Node 0 disconnected.
2026-05-10 01:03:06 [WARN] [Consumer clientId=consumer-school-group-2, groupId=school-group] Connection to node 0 (DESKTOP-8IHU6CM/192.168.1.9:9092) could not be established. Broker may not be available.
2026-05-10 01:03:06 [INFO] [Consumer clientId=consumer-school-group-2, groupId=school-group] Error sending fetch request (sessionId=1999736093, epoch=INITIAL) to node 0:
org.apache.kafka.common.errors.DisconnectException: null
2026-05-10 01:03:09 [INFO] [Consumer clientId=consumer-school-group-2, groupId=school-group] Node 0 disconnected.
2026-05-10 01:03:09 [WARN] [Consumer clientId=consumer-school-group-2, groupId=school-group] Connection to node 0 (DESKTOP-8IHU6CM/192.168.56.1:9092) could not be established. Broker may not be available.
2026-05-10 01:03:12 [INFO] [Consumer clientId=consumer-school-group-2, groupId=school-group] Node 0 disconnected.
2026-05-10 01:03:12 [WARN] [Consumer clientId=consumer-school-group-2, groupId=school-group] Connection to node 0 (DESKTOP-8IHU6CM/192.168.137.1:9092) could not be established. Broker may not be available.
2026-05-10 01:03:15 [INFO] [Consumer clientId=consumer-school-group-2, groupId=school-group] Node 0 disconnected.
2026-05-10 01:03:15 [WARN] [Consumer clientId=consumer-school-group-2, groupId=school-group] Connection to node 0 (DESKTOP-8IHU6CM/192.168.1.9:9092) could not be established. Broker may not be available.
2026-05-10 01:03:15 [INFO] [Consumer clientId=consumer-school-group-2, groupId=school-group] Error sending fetch request (sessionId=1999736093, epoch=INITIAL) to node 0:
org.apache.kafka.common.errors.DisconnectException: null
2026-05-10 01:03:18 [INFO] [Consumer clientId=consumer-school-group-2, groupId=school-group] Node 0 disconnected.
2026-05-10 01:03:18 [WARN] [Consumer clientId=consumer-school-group-2, groupId=school-group] Connection to node 0 (DESKTOP-8IHU6CM/192.168.56.1:9092) could not be established. Broker may not be available.
2026-05-10 01:03:21 [INFO] [Consumer clientId=consumer-school-group-2, groupId=school-group] Node 0 disconnected.
2026-05-10 01:03:21 [WARN] [Consumer clientId=consumer-school-group-2, groupId=school-group] Connection to node 0 (DESKTOP-8IHU6CM/192.168.137.1:9092) could not be established. Broker may not be available.
2026-05-10 01:03:21 [INFO] [Consumer clientId=consumer-school-group-2, groupId=school-group] Error sending fetch request (sessionId=1999736093, epoch=INITIAL) to node 0:
org.apache.kafka.common.errors.DisconnectException: null
2026-05-10 01:03:24 [INFO] [Consumer clientId=consumer-school-group-2, groupId=school-group] Node 0 disconnected.
2026-05-10 01:03:24 [WARN] [Consumer clientId=consumer-school-group-2, groupId=school-group] Connection to node 0 (DESKTOP-8IHU6CM/192.168.1.9:9092) could not be established. Broker may not be available.
2026-05-10 01:03:24 [INFO] [Consumer clientId=consumer-school-group-2, groupId=school-group] Error sending fetch request (sessionId=1999736093, epoch=INITIAL) to node 0:
org.apache.kafka.common.errors.DisconnectException: null
2026-05-10 01:03:27 [INFO] [Consumer clientId=consumer-school-group-2, groupId=school-group] Node 0 disconnected.
2026-05-10 01:03:27 [WARN] [Consumer clientId=consumer-school-group-2, groupId=school-group] Connection to node 0 (DESKTOP-8IHU6CM/192.168.56.1:9092) could not be established. Broker may not be available.
2026-05-10 01:03:30 [INFO] [Consumer clientId=consumer-school-group-2, groupId=school-group] Node 0 disconnected.
2026-05-10 01:03:30 [WARN] [Consumer clientId=consumer-school-group-2, groupId=school-group] Connection to node 0 (DESKTOP-8IHU6CM/192.168.137.1:9092) could not be established. Broker may not be available.
2026-05-10 01:03:30 [INFO] [Consumer clientId=consumer-school-group-2, groupId=school-group] Error sending fetch request (sessionId=1999736093, epoch=INITIAL) to node 0:
org.apache.kafka.common.errors.DisconnectException: null
2026-05-10 01:03:33 [INFO] [Consumer clientId=consumer-school-group-2, groupId=school-group] Node 0 disconnected.
2026-05-10 01:03:33 [WARN] [Consumer clientId=consumer-school-group-2, groupId=school-group] Connection to node 0 (DESKTOP-8IHU6CM/192.168.1.9:9092) could not be established. Broker may not be available.
2026-05-10 01:03:36 [INFO] [Consumer clientId=consumer-school-group-2, groupId=school-group] Node 0 disconnected.
2026-05-10 01:03:36 [WARN] [Consumer clientId=consumer-school-group-2, groupId=school-group] Connection to node 0 (DESKTOP-8IHU6CM/192.168.56.1:9092) could not be established. Broker may not be available.
2026-05-10 01:03:39 [INFO] [Consumer clientId=consumer-school-group-2, groupId=school-group] Node 0 disconnected.
2026-05-10 01:03:39 [WARN] [Consumer clientId=consumer-school-group-2, groupId=school-group] Connection to node 0 (DESKTOP-8IHU6CM/192.168.137.1:9092) could not be established. Broker may not be available.
2026-05-10 01:03:39 [INFO] [Consumer clientId=consumer-school-group-2, groupId=school-group] Error sending fetch request (sessionId=1999736093, epoch=INITIAL) to node 0:
org.apache.kafka.common.errors.DisconnectException: null
2026-05-10 01:03:43 [INFO] [Consumer clientId=consumer-school-group-2, groupId=school-group] Node 0 disconnected.
2026-05-10 01:03:43 [WARN] [Consumer clientId=consumer-school-group-2, groupId=school-group] Connection to node 0 (DESKTOP-8IHU6CM/192.168.1.9:9092) could not be established. Broker may not be available.
2026-05-10 01:03:46 [INFO] [Consumer clientId=consumer-school-group-2, groupId=school-group] Node 0 disconnected.
2026-05-10 01:03:46 [WARN] [Consumer clientId=consumer-school-group-2, groupId=school-group] Connection to node 0 (DESKTOP-8IHU6CM/192.168.56.1:9092) could not be established. Broker may not be available.
2026-05-10 01:03:46 [INFO] [Consumer clientId=consumer-school-group-2, groupId=school-group] Error sending fetch request (sessionId=1999736093, epoch=INITIAL) to node 0:
org.apache.kafka.common.errors.DisconnectException: null
2026-05-10 01:03:49 [INFO] [Consumer clientId=consumer-school-group-2, groupId=school-group] Node 0 disconnected.
2026-05-10 01:03:49 [WARN] [Consumer clientId=consumer-school-group-2, groupId=school-group] Connection to node 0 (DESKTOP-8IHU6CM/192.168.137.1:9092) could not be established. Broker may not be available.
2026-05-10 01:03:52 [INFO] [Consumer clientId=consumer-school-group-2, groupId=school-group] Node 0 disconnected.
2026-05-10 01:03:52 [WARN] [Consumer clientId=consumer-school-group-2, groupId=school-group] Connection to node 0 (DESKTOP-8IHU6CM/192.168.1.9:9092) could not be established. Broker may not be available.
2026-05-10 01:03:55 [INFO] [Consumer clientId=consumer-school-group-2, groupId=school-group] Node 0 disconnected.
2026-05-10 01:03:55 [WARN] [Consumer clientId=consumer-school-group-2, groupId=school-group] Connection to node 0 (DESKTOP-8IHU6CM/192.168.56.1:9092) could not be established. Broker may not be available.
2026-05-10 01:03:55 [INFO] [Consumer clientId=consumer-school-group-2, groupId=school-group] Error sending fetch request (sessionId=1999736093, epoch=INITIAL) to node 0:
org.apache.kafka.common.errors.DisconnectException: null
2026-05-10 01:03:59 [INFO] [Consumer clientId=consumer-school-group-2, groupId=school-group] Node 0 disconnected.
2026-05-10 01:03:59 [WARN] [Consumer clientId=consumer-school-group-2, groupId=school-group] Connection to node 0 (DESKTOP-8IHU6CM/192.168.137.1:9092) could not be established. Broker may not be available.
2026-05-10 01:04:02 [INFO] [Consumer clientId=consumer-school-group-2, groupId=school-group] Node 0 disconnected.
2026-05-10 01:04:02 [WARN] [Consumer clientId=consumer-school-group-2, groupId=school-group] Connection to node 0 (DESKTOP-8IHU6CM/192.168.1.9:9092) could not be established. Broker may not be available.
2026-05-10 01:04:05 [INFO] [Consumer clientId=consumer-school-group-2, groupId=school-group] Node 0 disconnected.
2026-05-10 01:04:05 [WARN] [Consumer clientId=consumer-school-group-2, groupId=school-group] Connection to node 0 (DESKTOP-8IHU6CM/192.168.56.1:9092) could not be established. Broker may not be available.
2026-05-10 01:04:05 [INFO] [Consumer clientId=consumer-school-group-2, groupId=school-group] Error sending fetch request (sessionId=1999736093, epoch=INITIAL) to node 0:
org.apache.kafka.common.errors.DisconnectException: null
2026-05-10 01:04:08 [INFO] [Consumer clientId=consumer-school-group-2, groupId=school-group] Node 0 disconnected.
2026-05-10 01:04:08 [WARN] [Consumer clientId=consumer-school-group-2, groupId=school-group] Connection to node 0 (DESKTOP-8IHU6CM/192.168.137.1:9092) could not be established. Broker may not be available.
2026-05-10 01:04:11 [INFO] [Consumer clientId=consumer-school-group-2, groupId=school-group] Node 0 disconnected.
2026-05-10 01:04:11 [WARN] [Consumer clientId=consumer-school-group-2, groupId=school-group] Connection to node 0 (DESKTOP-8IHU6CM/192.168.1.9:9092) could not be established. Broker may not be available.
2026-05-10 01:04:11 [INFO] [Consumer clientId=consumer-school-group-2, groupId=school-group] Error sending fetch request (sessionId=1999736093, epoch=INITIAL) to node 0:
org.apache.kafka.common.errors.DisconnectException: null
2026-05-10 01:04:14 [INFO] [Consumer clientId=consumer-school-group-2, groupId=school-group] Node 0 disconnected.
2026-05-10 01:04:14 [WARN] [Consumer clientId=consumer-school-group-2, groupId=school-group] Connection to node 0 (DESKTOP-8IHU6CM/192.168.56.1:9092) could not be established. Broker may not be available.
2026-05-10 01:04:14 [INFO] [Consumer clientId=consumer-school-group-2, groupId=school-group] Error sending fetch request (sessionId=1999736093, epoch=INITIAL) to node 0:
org.apache.kafka.common.errors.DisconnectException: null
2026-05-10 01:04:17 [INFO] [Consumer clientId=consumer-school-group-2, groupId=school-group] Node 0 disconnected.
2026-05-10 01:04:17 [WARN] [Consumer clientId=consumer-school-group-2, groupId=school-group] Connection to node 0 (DESKTOP-8IHU6CM/192.168.137.1:9092) could not be established. Broker may not be available.
2026-05-10 01:04:21 [INFO] [Consumer clientId=consumer-school-group-2, groupId=school-group] Node 0 disconnected.
2026-05-10 01:04:21 [WARN] [Consumer clientId=consumer-school-group-2, groupId=school-group] Connection to node 0 (DESKTOP-8IHU6CM/192.168.1.9:9092) could not be established. Broker may not be available.
2026-05-10 01:04:21 [INFO] [Consumer clientId=consumer-school-group-2, groupId=school-group] Error sending fetch request (sessionId=1999736093, epoch=INITIAL) to node 0:
org.apache.kafka.common.errors.DisconnectException: null
2026-05-10 01:04:24 [INFO] [Consumer clientId=consumer-school-group-2, groupId=school-group] Node 0 disconnected.
2026-05-10 01:04:24 [WARN] [Consumer clientId=consumer-school-group-2, groupId=school-group] Connection to node 0 (DESKTOP-8IHU6CM/192.168.56.1:9092) could not be established. Broker may not be available.
2026-05-10 01:04:27 [INFO] [Consumer clientId=consumer-school-group-2, groupId=school-group] Node 0 disconnected.
2026-05-10 01:04:27 [WARN] [Consumer clientId=consumer-school-group-2, groupId=school-group] Connection to node 0 (DESKTOP-8IHU6CM/192.168.137.1:9092) could not be established. Broker may not be available.
2026-05-10 01:04:30 [INFO] [Consumer clientId=consumer-school-group-2, groupId=school-group] Node 0 disconnected.
2026-05-10 01:04:30 [WARN] [Consumer clientId=consumer-school-group-2, groupId=school-group] Connection to node 0 (DESKTOP-8IHU6CM/192.168.1.9:9092) could not be established. Broker may not be available.
2026-05-10 01:04:30 [INFO] [Consumer clientId=consumer-school-group-2, groupId=school-group] Error sending fetch request (sessionId=1999736093, epoch=INITIAL) to node 0:
org.apache.kafka.common.errors.DisconnectException: null
2026-05-10 01:04:33 [INFO] [Consumer clientId=consumer-school-group-2, groupId=school-group] Node 0 disconnected.
2026-05-10 01:04:33 [WARN] [Consumer clientId=consumer-school-group-2, groupId=school-group] Connection to node 0 (DESKTOP-8IHU6CM/192.168.56.1:9092) could not be established. Broker may not be available.
2026-05-10 01:04:36 [INFO] [Consumer clientId=consumer-school-group-2, groupId=school-group] Node 0 disconnected.
2026-05-10 01:04:36 [WARN] [Consumer clientId=consumer-school-group-2, groupId=school-group] Connection to node 0 (DESKTOP-8IHU6CM/192.168.137.1:9092) could not be established. Broker may not be available.
2026-05-10 01:04:36 [INFO] [Consumer clientId=consumer-school-group-2, groupId=school-group] Error sending fetch request (sessionId=1999736093, epoch=INITIAL) to node 0:
org.apache.kafka.common.errors.DisconnectException: null
2026-05-10 01:04:39 [INFO] [Consumer clientId=consumer-school-group-2, groupId=school-group] Node 0 disconnected.
2026-05-10 01:04:39 [WARN] [Consumer clientId=consumer-school-group-2, groupId=school-group] Connection to node 0 (DESKTOP-8IHU6CM/192.168.1.9:9092) could not be established. Broker may not be available.
2026-05-10 01:04:42 [INFO] [Consumer clientId=consumer-school-group-2, groupId=school-group] Node 0 disconnected.
2026-05-10 01:04:42 [WARN] [Consumer clientId=consumer-school-group-2, groupId=school-group] Connection to node 0 (DESKTOP-8IHU6CM/192.168.56.1:9092) could not be established. Broker may not be available.
2026-05-10 01:04:45 [INFO] [Consumer clientId=consumer-school-group-2, groupId=school-group] Node 0 disconnected.
2026-05-10 01:04:45 [WARN] [Consumer clientId=consumer-school-group-2, groupId=school-group] Connection to node 0 (DESKTOP-8IHU6CM/192.168.137.1:9092) could not be established. Broker may not be available.
2026-05-10 01:04:45 [INFO] [Consumer clientId=consumer-school-group-2, groupId=school-group] Error sending fetch request (sessionId=1999736093, epoch=INITIAL) to node 0:
org.apache.kafka.common.errors.DisconnectException: null
2026-05-10 01:04:48 [INFO] [Consumer clientId=consumer-school-group-2, groupId=school-group] Node 0 disconnected.
2026-05-10 01:04:48 [WARN] [Consumer clientId=consumer-school-group-2, groupId=school-group] Connection to node 0 (DESKTOP-8IHU6CM/192.168.1.9:9092) could not be established. Broker may not be available.
2026-05-10 01:04:51 [INFO] [Consumer clientId=consumer-school-group-2, groupId=school-group] Node 0 disconnected.
2026-05-10 01:04:51 [WARN] [Consumer clientId=consumer-school-group-2, groupId=school-group] Connection to node 0 (DESKTOP-8IHU6CM/192.168.56.1:9092) could not be established. Broker may not be available.
2026-05-10 01:04:54 [INFO] [Consumer clientId=consumer-school-group-2, groupId=school-group] Node 0 disconnected.
2026-05-10 01:04:54 [WARN] [Consumer clientId=consumer-school-group-2, groupId=school-group] Connection to node 0 (DESKTOP-8IHU6CM/192.168.137.1:9092) could not be established. Broker may not be available.
2026-05-10 01:04:54 [INFO] [Consumer clientId=consumer-school-group-2, groupId=school-group] Error sending fetch request (sessionId=1999736093, epoch=INITIAL) to node 0:
org.apache.kafka.common.errors.DisconnectException: null
2026-05-10 01:04:58 [INFO] [Consumer clientId=consumer-school-group-2, groupId=school-group] Node 0 disconnected.
2026-05-10 01:04:58 [WARN] [Consumer clientId=consumer-school-group-2, groupId=school-group] Connection to node 0 (DESKTOP-8IHU6CM/192.168.1.9:9092) could not be established. Broker may not be available.
2026-05-10 01:05:01 [INFO] [Consumer clientId=consumer-school-group-2, groupId=school-group] Node 0 disconnected.
2026-05-10 01:05:01 [WARN] [Consumer clientId=consumer-school-group-2, groupId=school-group] Connection to node 0 (DESKTOP-8IHU6CM/192.168.56.1:9092) could not be established. Broker may not be available.
2026-05-10 01:05:01 [INFO] [Consumer clientId=consumer-school-group-2, groupId=school-group] Error sending fetch request (sessionId=1999736093, epoch=INITIAL) to node 0:
org.apache.kafka.common.errors.DisconnectException: null
2026-05-10 01:05:04 [INFO] [Consumer clientId=consumer-school-group-2, groupId=school-group] Node 0 disconnected.
2026-05-10 01:05:04 [WARN] [Consumer clientId=consumer-school-group-2, groupId=school-group] Connection to node 0 (DESKTOP-8IHU6CM/192.168.137.1:9092) could not be established. Broker may not be available.
2026-05-10 01:05:07 [INFO] [Consumer clientId=consumer-school-group-2, groupId=school-group] Node 0 disconnected.
2026-05-10 01:05:07 [WARN] [Consumer clientId=consumer-school-group-2, groupId=school-group] Connection to node 0 (DESKTOP-8IHU6CM/192.168.1.9:9092) could not be established. Broker may not be available.
2026-05-10 01:05:10 [INFO] [Consumer clientId=consumer-school-group-2, groupId=school-group] Node 0 disconnected.
2026-05-10 01:05:10 [WARN] [Consumer clientId=consumer-school-group-2, groupId=school-group] Connection to node 0 (DESKTOP-8IHU6CM/192.168.56.1:9092) could not be established. Broker may not be available.
2026-05-10 01:05:10 [INFO] [Consumer clientId=consumer-school-group-2, groupId=school-group] Error sending fetch request (sessionId=1999736093, epoch=INITIAL) to node 0:
org.apache.kafka.common.errors.DisconnectException: null
2026-05-10 01:05:13 [INFO] [Consumer clientId=consumer-school-group-2, groupId=school-group] Node 0 disconnected.
2026-05-10 01:05:13 [WARN] [Consumer clientId=consumer-school-group-2, groupId=school-group] Connection to node 0 (DESKTOP-8IHU6CM/192.168.137.1:9092) could not be established. Broker may not be available.
2026-05-10 01:05:16 [INFO] [Consumer clientId=consumer-school-group-2, groupId=school-group] Node 0 disconnected.
2026-05-10 01:05:16 [WARN] [Consumer clientId=consumer-school-group-2, groupId=school-group] Connection to node 0 (DESKTOP-8IHU6CM/192.168.1.9:9092) could not be established. Broker may not be available.
2026-05-10 01:05:16 [INFO] [Consumer clientId=consumer-school-group-2, groupId=school-group] Error sending fetch request (sessionId=1999736093, epoch=INITIAL) to node 0:
org.apache.kafka.common.errors.DisconnectException: null
2026-05-10 01:05:19 [INFO] [Consumer clientId=consumer-school-group-2, groupId=school-group] Node 0 disconnected.
2026-05-10 01:05:19 [WARN] [Consumer clientId=consumer-school-group-2, groupId=school-group] Connection to node 0 (DESKTOP-8IHU6CM/192.168.56.1:9092) could not be established. Broker may not be available.
2026-05-10 01:05:22 [INFO] [Consumer clientId=consumer-school-group-2, groupId=school-group] Node 0 disconnected.
2026-05-10 01:05:22 [WARN] [Consumer clientId=consumer-school-group-2, groupId=school-group] Connection to node 0 (DESKTOP-8IHU6CM/192.168.137.1:9092) could not be established. Broker may not be available.
2026-05-10 01:05:25 [INFO] [Consumer clientId=consumer-school-group-2, groupId=school-group] Node 0 disconnected.
2026-05-10 01:05:25 [WARN] [Consumer clientId=consumer-school-group-2, groupId=school-group] Connection to node 0 (DESKTOP-8IHU6CM/192.168.1.9:9092) could not be established. Broker may not be available.
2026-05-10 01:05:25 [INFO] [Consumer clientId=consumer-school-group-2, groupId=school-group] Error sending fetch request (sessionId=1999736093, epoch=INITIAL) to node 0:
org.apache.kafka.common.errors.DisconnectException: null
2026-05-10 01:05:28 [INFO] [Consumer clientId=consumer-school-group-2, groupId=school-group] Node 0 disconnected.
2026-05-10 01:05:28 [WARN] [Consumer clientId=consumer-school-group-2, groupId=school-group] Connection to node 0 (DESKTOP-8IHU6CM/192.168.56.1:9092) could not be established. Broker may not be available.
2026-05-10 01:05:31 [INFO] [Consumer clientId=consumer-school-group-2, groupId=school-group] Node 0 disconnected.
2026-05-10 01:05:31 [WARN] [Consumer clientId=consumer-school-group-2, groupId=school-group] Connection to node 0 (DESKTOP-8IHU6CM/192.168.137.1:9092) could not be established. Broker may not be available.
2026-05-10 01:05:31 [INFO] [Consumer clientId=consumer-school-group-2, groupId=school-group] Error sending fetch request (sessionId=1999736093, epoch=INITIAL) to node 0:
org.apache.kafka.common.errors.DisconnectException: null
2026-05-10 01:05:34 [INFO] [Consumer clientId=consumer-school-group-2, groupId=school-group] Node 0 disconnected.
2026-05-10 01:05:34 [WARN] [Consumer clientId=consumer-school-group-2, groupId=school-group] Connection to node 0 (DESKTOP-8IHU6CM/192.168.1.9:9092) could not be established. Broker may not be available.
2026-05-10 01:05:37 [INFO] [Consumer clientId=consumer-school-group-2, groupId=school-group] Node 0 disconnected.
2026-05-10 01:05:37 [WARN] [Consumer clientId=consumer-school-group-2, groupId=school-group] Connection to node 0 (DESKTOP-8IHU6CM/192.168.56.1:9092) could not be established. Broker may not be available.
2026-05-10 01:05:40 [INFO] [Consumer clientId=consumer-school-group-2, groupId=school-group] Node 0 disconnected.
2026-05-10 01:05:40 [WARN] [Consumer clientId=consumer-school-group-2, groupId=school-group] Connection to node 0 (DESKTOP-8IHU6CM/192.168.137.1:9092) could not be established. Broker may not be available.
2026-05-10 01:05:40 [INFO] [Consumer clientId=consumer-school-group-2, groupId=school-group] Error sending fetch request (sessionId=1999736093, epoch=INITIAL) to node 0:
org.apache.kafka.common.errors.DisconnectException: null
2026-05-10 01:05:43 [INFO] [Consumer clientId=consumer-school-group-2, groupId=school-group] Node 0 disconnected.
2026-05-10 01:05:43 [WARN] [Consumer clientId=consumer-school-group-2, groupId=school-group] Connection to node 0 (DESKTOP-8IHU6CM/192.168.1.9:9092) could not be established. Broker may not be available.
2026-05-10 01:05:46 [INFO] [Consumer clientId=consumer-school-group-2, groupId=school-group] Node 0 disconnected.
2026-05-10 01:05:46 [WARN] [Consumer clientId=consumer-school-group-2, groupId=school-group] Connection to node 0 (DESKTOP-8IHU6CM/192.168.56.1:9092) could not be established. Broker may not be available.
2026-05-10 01:05:46 [INFO] [Consumer clientId=consumer-school-group-2, groupId=school-group] Error sending fetch request (sessionId=1999736093, epoch=INITIAL) to node 0:
org.apache.kafka.common.errors.DisconnectException: null
2026-05-10 01:05:49 [INFO] [Consumer clientId=consumer-school-group-2, groupId=school-group] Node 0 disconnected.
2026-05-10 01:05:49 [WARN] [Consumer clientId=consumer-school-group-2, groupId=school-group] Connection to node 0 (DESKTOP-8IHU6CM/192.168.137.1:9092) could not be established. Broker may not be available.
2026-05-10 01:05:49 [INFO] [Consumer clientId=consumer-school-group-2, groupId=school-group] Error sending fetch request (sessionId=1999736093, epoch=INITIAL) to node 0:
org.apache.kafka.common.errors.DisconnectException: null
2026-05-10 01:05:53 [INFO] [Consumer clientId=consumer-school-group-2, groupId=school-group] Node 0 disconnected.
2026-05-10 01:05:53 [WARN] [Consumer clientId=consumer-school-group-2, groupId=school-group] Connection to node 0 (DESKTOP-8IHU6CM/192.168.1.9:9092) could not be established. Broker may not be available.
2026-05-10 01:05:56 [INFO] [Consumer clientId=consumer-school-group-2, groupId=school-group] Node 0 disconnected.
2026-05-10 01:05:56 [WARN] [Consumer clientId=consumer-school-group-2, groupId=school-group] Connection to node 0 (DESKTOP-8IHU6CM/192.168.56.1:9092) could not be established. Broker may not be available.
2026-05-10 01:05:56 [INFO] [Consumer clientId=consumer-school-group-2, groupId=school-group] Error sending fetch request (sessionId=1999736093, epoch=INITIAL) to node 0:
org.apache.kafka.common.errors.DisconnectException: null
2026-05-10 01:05:59 [INFO] [Consumer clientId=consumer-school-group-2, groupId=school-group] Node 0 disconnected.
2026-05-10 01:05:59 [WARN] [Consumer clientId=consumer-school-group-2, groupId=school-group] Connection to node 0 (DESKTOP-8IHU6CM/192.168.137.1:9092) could not be established. Broker may not be available.
2026-05-10 01:06:02 [INFO] [Consumer clientId=consumer-school-group-2, groupId=school-group] Node 0 disconnected.
2026-05-10 01:06:02 [WARN] [Consumer clientId=consumer-school-group-2, groupId=school-group] Connection to node 0 (DESKTOP-8IHU6CM/192.168.1.9:9092) could not be established. Broker may not be available.
2026-05-10 01:06:05 [INFO] [Consumer clientId=consumer-school-group-2, groupId=school-group] Node 0 disconnected.
2026-05-10 01:06:05 [WARN] [Consumer clientId=consumer-school-group-2, groupId=school-group] Connection to node 0 (DESKTOP-8IHU6CM/192.168.56.1:9092) could not be established. Broker may not be available.
2026-05-10 01:06:05 [INFO] [Consumer clientId=consumer-school-group-2, groupId=school-group] Error sending fetch request (sessionId=1999736093, epoch=INITIAL) to node 0:
org.apache.kafka.common.errors.DisconnectException: null
2026-05-10 01:06:08 [INFO] [Consumer clientId=consumer-school-group-2, groupId=school-group] Node 0 disconnected.
2026-05-10 01:06:08 [WARN] [Consumer clientId=consumer-school-group-2, groupId=school-group] Connection to node 0 (DESKTOP-8IHU6CM/192.168.137.1:9092) could not be established. Broker may not be available.
2026-05-10 01:06:11 [INFO] [Consumer clientId=consumer-school-group-2, groupId=school-group] Node 0 disconnected.
2026-05-10 01:06:11 [WARN] [Consumer clientId=consumer-school-group-2, groupId=school-group] Connection to node 0 (DESKTOP-8IHU6CM/192.168.1.9:9092) could not be established. Broker may not be available.
2026-05-10 01:06:11 [INFO] [Consumer clientId=consumer-school-group-2, groupId=school-group] Error sending fetch request (sessionId=1999736093, epoch=INITIAL) to node 0:
org.apache.kafka.common.errors.DisconnectException: null
2026-05-10 01:06:14 [INFO] [Consumer clientId=consumer-school-group-2, groupId=school-group] Node 0 disconnected.
2026-05-10 01:06:14 [WARN] [Consumer clientId=consumer-school-group-2, groupId=school-group] Connection to node 0 (DESKTOP-8IHU6CM/192.168.56.1:9092) could not be established. Broker may not be available.
2026-05-10 01:06:17 [INFO] [Consumer clientId=consumer-school-group-2, groupId=school-group] Node 0 disconnected.
2026-05-10 01:06:17 [WARN] [Consumer clientId=consumer-school-group-2, groupId=school-group] Connection to node 0 (DESKTOP-8IHU6CM/192.168.137.1:9092) could not be established. Broker may not be available.
2026-05-10 01:06:20 [INFO] [Consumer clientId=consumer-school-group-2, groupId=school-group] Node 0 disconnected.
2026-05-10 01:06:20 [WARN] [Consumer clientId=consumer-school-group-2, groupId=school-group] Connection to node 0 (DESKTOP-8IHU6CM/192.168.1.9:9092) could not be established. Broker may not be available.
2026-05-10 01:06:20 [INFO] [Consumer clientId=consumer-school-group-2, groupId=school-group] Error sending fetch request (sessionId=1999736093, epoch=INITIAL) to node 0:
org.apache.kafka.common.errors.DisconnectException: null
2026-05-10 01:06:23 [INFO] [Consumer clientId=consumer-school-group-2, groupId=school-group] Node 0 disconnected.
2026-05-10 01:06:23 [WARN] [Consumer clientId=consumer-school-group-2, groupId=school-group] Connection to node 0 (DESKTOP-8IHU6CM/192.168.56.1:9092) could not be established. Broker may not be available.
2026-05-10 01:06:26 [INFO] [Consumer clientId=consumer-school-group-2, groupId=school-group] Node 0 disconnected.
2026-05-10 01:06:26 [WARN] [Consumer clientId=consumer-school-group-2, groupId=school-group] Connection to node 0 (DESKTOP-8IHU6CM/192.168.137.1:9092) could not be established. Broker may not be available.
2026-05-10 01:06:26 [INFO] [Consumer clientId=consumer-school-group-2, groupId=school-group] Error sending fetch request (sessionId=1999736093, epoch=INITIAL) to node 0:
org.apache.kafka.common.errors.DisconnectException: null
2026-05-10 01:06:29 [INFO] [Consumer clientId=consumer-school-group-2, groupId=school-group] Node 0 disconnected.
2026-05-10 01:06:29 [WARN] [Consumer clientId=consumer-school-group-2, groupId=school-group] Connection to node 0 (DESKTOP-8IHU6CM/192.168.1.9:9092) could not be established. Broker may not be available.
2026-05-10 01:06:29 [INFO] [Consumer clientId=consumer-school-group-2, groupId=school-group] Error sending fetch request (sessionId=1999736093, epoch=INITIAL) to node 0:
org.apache.kafka.common.errors.DisconnectException: null
2026-05-10 01:06:33 [INFO] [Consumer clientId=consumer-school-group-2, groupId=school-group] Node 0 disconnected.
2026-05-10 01:06:33 [WARN] [Consumer clientId=consumer-school-group-2, groupId=school-group] Connection to node 0 (DESKTOP-8IHU6CM/192.168.56.1:9092) could not be established. Broker may not be available.
2026-05-10 01:06:36 [INFO] [Consumer clientId=consumer-school-group-2, groupId=school-group] Node 0 disconnected.
2026-05-10 01:06:36 [WARN] [Consumer clientId=consumer-school-group-2, groupId=school-group] Connection to node 0 (DESKTOP-8IHU6CM/192.168.137.1:9092) could not be established. Broker may not be available.
2026-05-10 01:06:36 [INFO] [Consumer clientId=consumer-school-group-2, groupId=school-group] Error sending fetch request (sessionId=1999736093, epoch=INITIAL) to node 0:
org.apache.kafka.common.errors.DisconnectException: null
2026-05-10 01:06:38 [INFO] [Consumer clientId=consumer-school-group-2, groupId=school-group] Node 0 disconnected.
2026-05-10 01:06:38 [WARN] [Consumer clientId=consumer-school-group-2, groupId=school-group] Connection to node 0 (DESKTOP-8IHU6CM/192.168.1.9:9092) could not be established. Broker may not be available.
2026-05-10 01:06:42 [INFO] [Consumer clientId=consumer-school-group-2, groupId=school-group] Node 0 disconnected.
2026-05-10 01:06:42 [WARN] [Consumer clientId=consumer-school-group-2, groupId=school-group] Connection to node 0 (DESKTOP-8IHU6CM/192.168.56.1:9092) could not be established. Broker may not be available.
2026-05-10 01:06:45 [INFO] [Consumer clientId=consumer-school-group-2, groupId=school-group] Node 0 disconnected.
2026-05-10 01:06:45 [WARN] [Consumer clientId=consumer-school-group-2, groupId=school-group] Connection to node 0 (DESKTOP-8IHU6CM/192.168.137.1:9092) could not be established. Broker may not be available.
2026-05-10 01:06:45 [INFO] [Consumer clientId=consumer-school-group-2, groupId=school-group] Error sending fetch request (sessionId=1999736093, epoch=INITIAL) to node 0:
org.apache.kafka.common.errors.DisconnectException: null
2026-05-10 01:06:48 [INFO] [Consumer clientId=consumer-school-group-2, groupId=school-group] Node 0 disconnected.
2026-05-10 01:06:48 [WARN] [Consumer clientId=consumer-school-group-2, groupId=school-group] Connection to node 0 (DESKTOP-8IHU6CM/192.168.1.9:9092) could not be established. Broker may not be available.
2026-05-10 01:06:51 [INFO] [Consumer clientId=consumer-school-group-2, groupId=school-group] Node 0 disconnected.
2026-05-10 01:06:51 [WARN] [Consumer clientId=consumer-school-group-2, groupId=school-group] Connection to node 0 (DESKTOP-8IHU6CM/192.168.56.1:9092) could not be established. Broker may not be available.
2026-05-10 01:06:51 [INFO] [Consumer clientId=consumer-school-group-2, groupId=school-group] Error sending fetch request (sessionId=1999736093, epoch=INITIAL) to node 0:
org.apache.kafka.common.errors.DisconnectException: null
2026-05-10 01:06:54 [INFO] [Consumer clientId=consumer-school-group-2, groupId=school-group] Node 0 disconnected.
2026-05-10 01:06:54 [WARN] [Consumer clientId=consumer-school-group-2, groupId=school-group] Connection to node 0 (DESKTOP-8IHU6CM/192.168.137.1:9092) could not be established. Broker may not be available.
2026-05-10 01:06:57 [INFO] [Consumer clientId=consumer-school-group-2, groupId=school-group] Node 0 disconnected.
2026-05-10 01:06:57 [WARN] [Consumer clientId=consumer-school-group-2, groupId=school-group] Connection to node 0 (DESKTOP-8IHU6CM/192.168.1.9:9092) could not be established. Broker may not be available.
2026-05-10 01:07:00 [INFO] [Consumer clientId=consumer-school-group-2, groupId=school-group] Node 0 disconnected.
2026-05-10 01:07:00 [WARN] [Consumer clientId=consumer-school-group-2, groupId=school-group] Connection to node 0 (DESKTOP-8IHU6CM/192.168.56.1:9092) could not be established. Broker may not be available.
2026-05-10 01:07:00 [INFO] [Consumer clientId=consumer-school-group-2, groupId=school-group] Error sending fetch request (sessionId=1999736093, epoch=INITIAL) to node 0:
org.apache.kafka.common.errors.DisconnectException: null
2026-05-10 01:07:03 [INFO] [Consumer clientId=consumer-school-group-2, groupId=school-group] Node 0 disconnected.
2026-05-10 01:07:03 [WARN] [Consumer clientId=consumer-school-group-2, groupId=school-group] Connection to node 0 (DESKTOP-8IHU6CM/192.168.137.1:9092) could not be established. Broker may not be available.
2026-05-10 01:07:06 [INFO] [Consumer clientId=consumer-school-group-2, groupId=school-group] Node 0 disconnected.
2026-05-10 01:07:06 [WARN] [Consumer clientId=consumer-school-group-2, groupId=school-group] Connection to node 0 (DESKTOP-8IHU6CM/192.168.1.9:9092) could not be established. Broker may not be available.
2026-05-10 01:07:06 [INFO] [Consumer clientId=consumer-school-group-2, groupId=school-group] Error sending fetch request (sessionId=1999736093, epoch=INITIAL) to node 0:
org.apache.kafka.common.errors.DisconnectException: null
2026-05-10 01:07:10 [INFO] [Consumer clientId=consumer-school-group-2, groupId=school-group] Node 0 disconnected.
2026-05-10 01:07:10 [WARN] [Consumer clientId=consumer-school-group-2, groupId=school-group] Connection to node 0 (DESKTOP-8IHU6CM/192.168.56.1:9092) could not be established. Broker may not be available.
2026-05-10 01:07:10 [INFO] [Consumer clientId=consumer-school-group-2, groupId=school-group] Error sending fetch request (sessionId=1999736093, epoch=INITIAL) to node 0:
org.apache.kafka.common.errors.DisconnectException: null
2026-05-10 01:07:12 [INFO] [Consumer clientId=consumer-school-group-2, groupId=school-group] Node 0 disconnected.
2026-05-10 01:07:12 [WARN] [Consumer clientId=consumer-school-group-2, groupId=school-group] Connection to node 0 (DESKTOP-8IHU6CM/192.168.137.1:9092) could not be established. Broker may not be available.
2026-05-10 01:07:16 [INFO] [Consumer clientId=consumer-school-group-2, groupId=school-group] Node 0 disconnected.
2026-05-10 01:07:16 [WARN] [Consumer clientId=consumer-school-group-2, groupId=school-group] Connection to node 0 (DESKTOP-8IHU6CM/192.168.1.9:9092) could not be established. Broker may not be available.
2026-05-10 01:07:16 [INFO] [Consumer clientId=consumer-school-group-2, groupId=school-group] Error sending fetch request (sessionId=1999736093, epoch=INITIAL) to node 0:
org.apache.kafka.common.errors.DisconnectException: null
2026-05-10 01:07:19 [INFO] [Consumer clientId=consumer-school-group-2, groupId=school-group] Node 0 disconnected.
2026-05-10 01:07:19 [WARN] [Consumer clientId=consumer-school-group-2, groupId=school-group] Connection to node 0 (DESKTOP-8IHU6CM/192.168.56.1:9092) could not be established. Broker may not be available.
2026-05-10 01:07:22 [INFO] [Consumer clientId=consumer-school-group-2, groupId=school-group] Node 0 disconnected.
2026-05-10 01:07:22 [WARN] [Consumer clientId=consumer-school-group-2, groupId=school-group] Connection to node 0 (DESKTOP-8IHU6CM/192.168.137.1:9092) could not be established. Broker may not be available.
2026-05-10 01:07:25 [INFO] [Consumer clientId=consumer-school-group-2, groupId=school-group] Node 0 disconnected.
2026-05-10 01:07:25 [WARN] [Consumer clientId=consumer-school-group-2, groupId=school-group] Connection to node 0 (DESKTOP-8IHU6CM/192.168.1.9:9092) could not be established. Broker may not be available.
2026-05-10 01:07:25 [INFO] [Consumer clientId=consumer-school-group-2, groupId=school-group] Error sending fetch request (sessionId=1999736093, epoch=INITIAL) to node 0:
org.apache.kafka.common.errors.DisconnectException: null
2026-05-10 01:07:28 [INFO] [Consumer clientId=consumer-school-group-2, groupId=school-group] Node 0 disconnected.
2026-05-10 01:07:28 [WARN] [Consumer clientId=consumer-school-group-2, groupId=school-group] Connection to node 0 (DESKTOP-8IHU6CM/192.168.56.1:9092) could not be established. Broker may not be available.
2026-05-10 01:07:31 [INFO] [Consumer clientId=consumer-school-group-2, groupId=school-group] Node 0 disconnected.
2026-05-10 01:07:31 [WARN] [Consumer clientId=consumer-school-group-2, groupId=school-group] Connection to node 0 (DESKTOP-8IHU6CM/192.168.137.1:9092) could not be established. Broker may not be available.
2026-05-10 01:07:31 [INFO] [Consumer clientId=consumer-school-group-2, groupId=school-group] Error sending fetch request (sessionId=1999736093, epoch=INITIAL) to node 0:
org.apache.kafka.common.errors.DisconnectException: null
2026-05-10 01:07:34 [INFO] [Consumer clientId=consumer-school-group-2, groupId=school-group] Node 0 disconnected.
2026-05-10 01:07:34 [WARN] [Consumer clientId=consumer-school-group-2, groupId=school-group] Connection to node 0 (DESKTOP-8IHU6CM/192.168.1.9:9092) could not be established. Broker may not be available.
2026-05-10 01:07:38 [INFO] [Consumer clientId=consumer-school-group-2, groupId=school-group] Node 0 disconnected.
2026-05-10 01:07:38 [WARN] [Consumer clientId=consumer-school-group-2, groupId=school-group] Connection to node 0 (DESKTOP-8IHU6CM/192.168.56.1:9092) could not be established. Broker may not be available.
2026-05-10 01:07:41 [INFO] [Consumer clientId=consumer-school-group-2, groupId=school-group] Node 0 disconnected.
2026-05-10 01:07:41 [WARN] [Consumer clientId=consumer-school-group-2, groupId=school-group] Connection to node 0 (DESKTOP-8IHU6CM/192.168.137.1:9092) could not be established. Broker may not be available.
2026-05-10 01:07:41 [INFO] [Consumer clientId=consumer-school-group-2, groupId=school-group] Error sending fetch request (sessionId=1999736093, epoch=INITIAL) to node 0:
org.apache.kafka.common.errors.DisconnectException: null
2026-05-10 01:07:44 [INFO] [Consumer clientId=consumer-school-group-2, groupId=school-group] Node 0 disconnected.
2026-05-10 01:07:44 [WARN] [Consumer clientId=consumer-school-group-2, groupId=school-group] Connection to node 0 (DESKTOP-8IHU6CM/192.168.1.9:9092) could not be established. Broker may not be available.
2026-05-10 01:07:47 [INFO] [Consumer clientId=consumer-school-group-2, groupId=school-group] Node 0 disconnected.
2026-05-10 01:07:47 [WARN] [Consumer clientId=consumer-school-group-2, groupId=school-group] Connection to node 0 (DESKTOP-8IHU6CM/192.168.56.1:9092) could not be established. Broker may not be available.
2026-05-10 01:07:50 [INFO] [Consumer clientId=consumer-school-group-2, groupId=school-group] Node 0 disconnected.
2026-05-10 01:07:50 [WARN] [Consumer clientId=consumer-school-group-2, groupId=school-group] Connection to node 0 (DESKTOP-8IHU6CM/192.168.137.1:9092) could not be established. Broker may not be available.
2026-05-10 01:07:50 [INFO] [Consumer clientId=consumer-school-group-2, groupId=school-group] Error sending fetch request (sessionId=1999736093, epoch=INITIAL) to node 0:
org.apache.kafka.common.errors.DisconnectException: null
2026-05-10 01:07:53 [INFO] [Consumer clientId=consumer-school-group-2, groupId=school-group] Node 0 disconnected.
2026-05-10 01:07:53 [WARN] [Consumer clientId=consumer-school-group-2, groupId=school-group] Connection to node 0 (DESKTOP-8IHU6CM/192.168.1.9:9092) could not be established. Broker may not be available.
2026-05-10 01:07:56 [INFO] [Consumer clientId=consumer-school-group-2, groupId=school-group] Node 0 disconnected.
2026-05-10 01:07:56 [WARN] [Consumer clientId=consumer-school-group-2, groupId=school-group] Connection to node 0 (DESKTOP-8IHU6CM/192.168.56.1:9092) could not be established. Broker may not be available.
2026-05-10 01:07:56 [INFO] [Consumer clientId=consumer-school-group-2, groupId=school-group] Error sending fetch request (sessionId=1999736093, epoch=INITIAL) to node 0:
org.apache.kafka.common.errors.DisconnectException: null
2026-05-10 01:07:59 [INFO] [Consumer clientId=consumer-school-group-2, groupId=school-group] Node 0 disconnected.
2026-05-10 01:07:59 [WARN] [Consumer clientId=consumer-school-group-2, groupId=school-group] Connection to node 0 (DESKTOP-8IHU6CM/192.168.137.1:9092) could not be established. Broker may not be available.
2026-05-10 01:08:03 [INFO] [Consumer clientId=consumer-school-group-2, groupId=school-group] Node 0 disconnected.
2026-05-10 01:08:03 [WARN] [Consumer clientId=consumer-school-group-2, groupId=school-group] Connection to node 0 (DESKTOP-8IHU6CM/192.168.1.9:9092) could not be established. Broker may not be available.
2026-05-10 01:08:06 [INFO] [Consumer clientId=consumer-school-group-2, groupId=school-group] Node 0 disconnected.
2026-05-10 01:08:06 [WARN] [Consumer clientId=consumer-school-group-2, groupId=school-group] Connection to node 0 (DESKTOP-8IHU6CM/192.168.56.1:9092) could not be established. Broker may not be available.
2026-05-10 01:08:06 [INFO] [Consumer clientId=consumer-school-group-2, groupId=school-group] Error sending fetch request (sessionId=1999736093, epoch=INITIAL) to node 0:
org.apache.kafka.common.errors.DisconnectException: null
2026-05-10 01:08:09 [INFO] [Consumer clientId=consumer-school-group-2, groupId=school-group] Node 0 disconnected.
2026-05-10 01:08:09 [WARN] [Consumer clientId=consumer-school-group-2, groupId=school-group] Connection to node 0 (DESKTOP-8IHU6CM/192.168.137.1:9092) could not be established. Broker may not be available.
2026-05-10 01:08:12 [INFO] [Consumer clientId=consumer-school-group-2, groupId=school-group] Node 0 disconnected.
2026-05-10 01:08:12 [WARN] [Consumer clientId=consumer-school-group-2, groupId=school-group] Connection to node 0 (DESKTOP-8IHU6CM/192.168.1.9:9092) could not be established. Broker may not be available.
2026-05-10 01:08:15 [INFO] [Consumer clientId=consumer-school-group-2, groupId=school-group] Node 0 disconnected.
2026-05-10 01:08:15 [WARN] [Consumer clientId=consumer-school-group-2, groupId=school-group] Connection to node 0 (DESKTOP-8IHU6CM/192.168.56.1:9092) could not be established. Broker may not be available.
2026-05-10 01:08:15 [INFO] [Consumer clientId=consumer-school-group-2, groupId=school-group] Error sending fetch request (sessionId=1999736093, epoch=INITIAL) to node 0:
org.apache.kafka.common.errors.DisconnectException: null
2026-05-10 01:08:18 [INFO] [Consumer clientId=consumer-school-group-2, groupId=school-group] Node 0 disconnected.
2026-05-10 01:08:18 [WARN] [Consumer clientId=consumer-school-group-2, groupId=school-group] Connection to node 0 (DESKTOP-8IHU6CM/192.168.137.1:9092) could not be established. Broker may not be available.
2026-05-10 01:08:21 [INFO] [Consumer clientId=consumer-school-group-2, groupId=school-group] Node 0 disconnected.
2026-05-10 01:08:21 [WARN] [Consumer clientId=consumer-school-group-2, groupId=school-group] Connection to node 0 (DESKTOP-8IHU6CM/192.168.1.9:9092) could not be established. Broker may not be available.
2026-05-10 01:08:21 [INFO] [Consumer clientId=consumer-school-group-2, groupId=school-group] Error sending fetch request (sessionId=1999736093, epoch=INITIAL) to node 0:
org.apache.kafka.common.errors.DisconnectException: null
2026-05-10 01:08:24 [INFO] [Consumer clientId=consumer-school-group-2, groupId=school-group] Node 0 disconnected.
2026-05-10 01:08:24 [WARN] [Consumer clientId=consumer-school-group-2, groupId=school-group] Connection to node 0 (DESKTOP-8IHU6CM/192.168.56.1:9092) could not be established. Broker may not be available.
2026-05-10 01:08:27 [INFO] [Consumer clientId=consumer-school-group-2, groupId=school-group] Node 0 disconnected.
2026-05-10 01:08:27 [WARN] [Consumer clientId=consumer-school-group-2, groupId=school-group] Connection to node 0 (DESKTOP-8IHU6CM/192.168.137.1:9092) could not be established. Broker may not be available.
2026-05-10 01:08:30 [INFO] [Consumer clientId=consumer-school-group-2, groupId=school-group] Node 0 disconnected.
2026-05-10 01:08:30 [WARN] [Consumer clientId=consumer-school-group-2, groupId=school-group] Connection to node 0 (DESKTOP-8IHU6CM/192.168.1.9:9092) could not be established. Broker may not be available.
2026-05-10 01:08:30 [INFO] [Consumer clientId=consumer-school-group-2, groupId=school-group] Error sending fetch request (sessionId=1999736093, epoch=INITIAL) to node 0:
org.apache.kafka.common.errors.DisconnectException: null
2026-05-10 01:08:33 [INFO] [Consumer clientId=consumer-school-group-2, groupId=school-group] Node 0 disconnected.
2026-05-10 01:08:33 [WARN] [Consumer clientId=consumer-school-group-2, groupId=school-group] Connection to node 0 (DESKTOP-8IHU6CM/192.168.56.1:9092) could not be established. Broker may not be available.
2026-05-10 01:08:37 [INFO] [Consumer clientId=consumer-school-group-2, groupId=school-group] Node 0 disconnected.
2026-05-10 01:08:37 [WARN] [Consumer clientId=consumer-school-group-2, groupId=school-group] Connection to node 0 (DESKTOP-8IHU6CM/192.168.137.1:9092) could not be established. Broker may not be available.
2026-05-10 01:08:37 [INFO] [Consumer clientId=consumer-school-group-2, groupId=school-group] Error sending fetch request (sessionId=1999736093, epoch=INITIAL) to node 0:
org.apache.kafka.common.errors.DisconnectException: null
2026-05-10 01:08:40 [INFO] [Consumer clientId=consumer-school-group-2, groupId=school-group] Node 0 disconnected.
2026-05-10 01:08:40 [WARN] [Consumer clientId=consumer-school-group-2, groupId=school-group] Connection to node 0 (DESKTOP-8IHU6CM/192.168.1.9:9092) could not be established. Broker may not be available.
2026-05-10 01:08:40 [INFO] [Consumer clientId=consumer-school-group-2, groupId=school-group] Error sending fetch request (sessionId=1999736093, epoch=INITIAL) to node 0:
org.apache.kafka.common.errors.DisconnectException: null
2026-05-10 01:08:43 [INFO] [Consumer clientId=consumer-school-group-2, groupId=school-group] Node 0 disconnected.
2026-05-10 01:08:43 [WARN] [Consumer clientId=consumer-school-group-2, groupId=school-group] Connection to node 0 (DESKTOP-8IHU6CM/192.168.56.1:9092) could not be established. Broker may not be available.
2026-05-10 01:08:46 [INFO] [Consumer clientId=consumer-school-group-2, groupId=school-group] Node 0 disconnected.
2026-05-10 01:08:46 [WARN] [Consumer clientId=consumer-school-group-2, groupId=school-group] Connection to node 0 (DESKTOP-8IHU6CM/192.168.137.1:9092) could not be established. Broker may not be available.
2026-05-10 01:08:46 [INFO] [Consumer clientId=consumer-school-group-2, groupId=school-group] Error sending fetch request (sessionId=1999736093, epoch=INITIAL) to node 0:
org.apache.kafka.common.errors.DisconnectException: null
2026-05-10 01:08:49 [INFO] [Consumer clientId=consumer-school-group-2, groupId=school-group] Node 0 disconnected.
2026-05-10 01:08:49 [WARN] [Consumer clientId=consumer-school-group-2, groupId=school-group] Connection to node 0 (DESKTOP-8IHU6CM/192.168.1.9:9092) could not be established. Broker may not be available.
2026-05-10 01:08:52 [INFO] [Consumer clientId=consumer-school-group-2, groupId=school-group] Node 0 disconnected.
2026-05-10 01:08:52 [WARN] [Consumer clientId=consumer-school-group-2, groupId=school-group] Connection to node 0 (DESKTOP-8IHU6CM/192.168.56.1:9092) could not be established. Broker may not be available.
2026-05-10 01:08:55 [INFO] [Consumer clientId=consumer-school-group-2, groupId=school-group] Node 0 disconnected.
2026-05-10 01:08:55 [WARN] [Consumer clientId=consumer-school-group-2, groupId=school-group] Connection to node 0 (DESKTOP-8IHU6CM/192.168.137.1:9092) could not be established. Broker may not be available.
2026-05-10 01:08:55 [INFO] [Consumer clientId=consumer-school-group-2, groupId=school-group] Error sending fetch request (sessionId=1999736093, epoch=INITIAL) to node 0:
org.apache.kafka.common.errors.DisconnectException: null
2026-05-10 01:08:58 [INFO] [Consumer clientId=consumer-school-group-2, groupId=school-group] Node 0 disconnected.
2026-05-10 01:08:58 [WARN] [Consumer clientId=consumer-school-group-2, groupId=school-group] Connection to node 0 (DESKTOP-8IHU6CM/192.168.1.9:9092) could not be established. Broker may not be available.
2026-05-10 01:09:01 [INFO] [Consumer clientId=consumer-school-group-2, groupId=school-group] Node 0 disconnected.
2026-05-10 01:09:01 [WARN] [Consumer clientId=consumer-school-group-2, groupId=school-group] Connection to node 0 (DESKTOP-8IHU6CM/192.168.56.1:9092) could not be established. Broker may not be available.
2026-05-10 01:09:01 [INFO] [Consumer clientId=consumer-school-group-2, groupId=school-group] Error sending fetch request (sessionId=1999736093, epoch=INITIAL) to node 0:
org.apache.kafka.common.errors.DisconnectException: null
2026-05-10 01:09:04 [INFO] [Consumer clientId=consumer-school-group-2, groupId=school-group] Node 0 disconnected.
2026-05-10 01:09:04 [WARN] [Consumer clientId=consumer-school-group-2, groupId=school-group] Connection to node 0 (DESKTOP-8IHU6CM/192.168.137.1:9092) could not be established. Broker may not be available.
2026-05-10 01:09:07 [INFO] [Consumer clientId=consumer-school-group-2, groupId=school-group] Node 0 disconnected.
2026-05-10 01:09:07 [WARN] [Consumer clientId=consumer-school-group-2, groupId=school-group] Connection to node 0 (DESKTOP-8IHU6CM/192.168.1.9:9092) could not be established. Broker may not be available.
2026-05-10 01:09:11 [INFO] [Consumer clientId=consumer-school-group-2, groupId=school-group] Node 0 disconnected.
2026-05-10 01:09:11 [WARN] [Consumer clientId=consumer-school-group-2, groupId=school-group] Connection to node 0 (DESKTOP-8IHU6CM/192.168.56.1:9092) could not be established. Broker may not be available.
2026-05-10 01:09:11 [INFO] [Consumer clientId=consumer-school-group-2, groupId=school-group] Error sending fetch request (sessionId=1999736093, epoch=INITIAL) to node 0:
org.apache.kafka.common.errors.DisconnectException: null
2026-05-10 01:09:14 [INFO] [Consumer clientId=consumer-school-group-2, groupId=school-group] Node 0 disconnected.
2026-05-10 01:09:14 [WARN] [Consumer clientId=consumer-school-group-2, groupId=school-group] Connection to node 0 (DESKTOP-8IHU6CM/192.168.137.1:9092) could not be established. Broker may not be available.
2026-05-10 01:09:17 [INFO] [Consumer clientId=consumer-school-group-2, groupId=school-group] Node 0 disconnected.
2026-05-10 01:09:17 [WARN] [Consumer clientId=consumer-school-group-2, groupId=school-group] Connection to node 0 (DESKTOP-8IHU6CM/192.168.1.9:9092) could not be established. Broker may not be available.
2026-05-10 01:09:20 [INFO] [Consumer clientId=consumer-school-group-2, groupId=school-group] Node 0 disconnected.
2026-05-10 01:09:20 [WARN] [Consumer clientId=consumer-school-group-2, groupId=school-group] Connection to node 0 (DESKTOP-8IHU6CM/192.168.56.1:9092) could not be established. Broker may not be available.
2026-05-10 01:09:20 [INFO] [Consumer clientId=consumer-school-group-2, groupId=school-group] Error sending fetch request (sessionId=1999736093, epoch=INITIAL) to node 0:
org.apache.kafka.common.errors.DisconnectException: null
2026-05-10 01:09:23 [INFO] [Consumer clientId=consumer-school-group-2, groupId=school-group] Node 0 disconnected.
2026-05-10 01:09:23 [WARN] [Consumer clientId=consumer-school-group-2, groupId=school-group] Connection to node 0 (DESKTOP-8IHU6CM/192.168.137.1:9092) could not be established. Broker may not be available.
2026-05-10 01:09:26 [INFO] [Consumer clientId=consumer-school-group-2, groupId=school-group] Node 0 disconnected.
2026-05-10 01:09:26 [WARN] [Consumer clientId=consumer-school-group-2, groupId=school-group] Connection to node 0 (DESKTOP-8IHU6CM/192.168.1.9:9092) could not be established. Broker may not be available.
2026-05-10 01:09:26 [INFO] [Consumer clientId=consumer-school-group-2, groupId=school-group] Error sending fetch request (sessionId=1999736093, epoch=INITIAL) to node 0:
org.apache.kafka.common.errors.DisconnectException: null
2026-05-10 01:09:29 [INFO] [Consumer clientId=consumer-school-group-2, groupId=school-group] Node 0 disconnected.
2026-05-10 01:09:29 [WARN] [Consumer clientId=consumer-school-group-2, groupId=school-group] Connection to node 0 (DESKTOP-8IHU6CM/192.168.56.1:9092) could not be established. Broker may not be available.
2026-05-10 01:09:32 [INFO] [Consumer clientId=consumer-school-group-2, groupId=school-group] Node 0 disconnected.
2026-05-10 01:09:32 [WARN] [Consumer clientId=consumer-school-group-2, groupId=school-group] Connection to node 0 (DESKTOP-8IHU6CM/192.168.137.1:9092) could not be established. Broker may not be available.
2026-05-10 01:09:35 [INFO] [Consumer clientId=consumer-school-group-2, groupId=school-group] Node 0 disconnected.
2026-05-10 01:09:35 [WARN] [Consumer clientId=consumer-school-group-2, groupId=school-group] Connection to node 0 (DESKTOP-8IHU6CM/192.168.1.9:9092) could not be established. Broker may not be available.
2026-05-10 01:09:35 [INFO] [Consumer clientId=consumer-school-group-2, groupId=school-group] Error sending fetch request (sessionId=1999736093, epoch=INITIAL) to node 0:
org.apache.kafka.common.errors.DisconnectException: null
2026-05-10 01:09:38 [INFO] [Consumer clientId=consumer-school-group-2, groupId=school-group] Node 0 disconnected.
2026-05-10 01:09:38 [WARN] [Consumer clientId=consumer-school-group-2, groupId=school-group] Connection to node 0 (DESKTOP-8IHU6CM/192.168.56.1:9092) could not be established. Broker may not be available.
2026-05-10 01:09:41 [INFO] [Consumer clientId=consumer-school-group-2, groupId=school-group] Node 0 disconnected.
2026-05-10 01:09:41 [WARN] [Consumer clientId=consumer-school-group-2, groupId=school-group] Connection to node 0 (DESKTOP-8IHU6CM/192.168.137.1:9092) could not be established. Broker may not be available.
2026-05-10 01:09:41 [INFO] [Consumer clientId=consumer-school-group-2, groupId=school-group] Error sending fetch request (sessionId=1999736093, epoch=INITIAL) to node 0:
org.apache.kafka.common.errors.DisconnectException: null
2026-05-10 01:09:45 [INFO] [Consumer clientId=consumer-school-group-2, groupId=school-group] Node 0 disconnected.
2026-05-10 01:09:45 [WARN] [Consumer clientId=consumer-school-group-2, groupId=school-group] Connection to node 0 (DESKTOP-8IHU6CM/192.168.1.9:9092) could not be established. Broker may not be available.
2026-05-10 01:09:48 [INFO] [Consumer clientId=consumer-school-group-2, groupId=school-group] Node 0 disconnected.
2026-05-10 01:09:48 [WARN] [Consumer clientId=consumer-school-group-2, groupId=school-group] Connection to node 0 (DESKTOP-8IHU6CM/192.168.56.1:9092) could not be established. Broker may not be available.
2026-05-10 01:09:51 [INFO] [Consumer clientId=consumer-school-group-2, groupId=school-group] Node 0 disconnected.
2026-05-10 01:09:51 [WARN] [Consumer clientId=consumer-school-group-2, groupId=school-group] Connection to node 0 (DESKTOP-8IHU6CM/192.168.137.1:9092) could not be established. Broker may not be available.
2026-05-10 01:09:51 [INFO] [Consumer clientId=consumer-school-group-2, groupId=school-group] Error sending fetch request (sessionId=1999736093, epoch=INITIAL) to node 0:
org.apache.kafka.common.errors.DisconnectException: null
2026-05-10 01:09:54 [INFO] [Consumer clientId=consumer-school-group-2, groupId=school-group] Node 0 disconnected.
2026-05-10 01:09:54 [WARN] [Consumer clientId=consumer-school-group-2, groupId=school-group] Connection to node 0 (DESKTOP-8IHU6CM/192.168.1.9:9092) could not be established. Broker may not be available.
2026-05-10 01:09:57 [INFO] [Consumer clientId=consumer-school-group-2, groupId=school-group] Node 0 disconnected.
2026-05-10 01:09:57 [WARN] [Consumer clientId=consumer-school-group-2, groupId=school-group] Connection to node 0 (DESKTOP-8IHU6CM/192.168.56.1:9092) could not be established. Broker may not be available.
2026-05-10 01:09:57 [INFO] [Consumer clientId=consumer-school-group-2, groupId=school-group] Error sending fetch request (sessionId=1999736093, epoch=INITIAL) to node 0:
org.apache.kafka.common.errors.DisconnectException: null
2026-05-10 01:10:00 [INFO] [Consumer clientId=consumer-school-group-2, groupId=school-group] Node 0 disconnected.
2026-05-10 01:10:00 [WARN] [Consumer clientId=consumer-school-group-2, groupId=school-group] Connection to node 0 (DESKTOP-8IHU6CM/192.168.137.1:9092) could not be established. Broker may not be available.
2026-05-10 01:10:00 [INFO] [Consumer clientId=consumer-school-group-2, groupId=school-group] Error sending fetch request (sessionId=1999736093, epoch=INITIAL) to node 0:
org.apache.kafka.common.errors.DisconnectException: null
2026-05-10 01:10:03 [INFO] [Consumer clientId=consumer-school-group-2, groupId=school-group] Node 0 disconnected.
2026-05-10 01:10:03 [WARN] [Consumer clientId=consumer-school-group-2, groupId=school-group] Connection to node 0 (DESKTOP-8IHU6CM/192.168.1.9:9092) could not be established. Broker may not be available.
2026-05-10 01:10:06 [INFO] [Consumer clientId=consumer-school-group-2, groupId=school-group] Node 0 disconnected.
2026-05-10 01:10:06 [WARN] [Consumer clientId=consumer-school-group-2, groupId=school-group] Connection to node 0 (DESKTOP-8IHU6CM/192.168.56.1:9092) could not be established. Broker may not be available.
2026-05-10 01:10:06 [INFO] [Consumer clientId=consumer-school-group-2, groupId=school-group] Error sending fetch request (sessionId=1999736093, epoch=INITIAL) to node 0:
org.apache.kafka.common.errors.DisconnectException: null
2026-05-10 01:10:09 [INFO] [Consumer clientId=consumer-school-group-2, groupId=school-group] Node 0 disconnected.
2026-05-10 01:10:09 [WARN] [Consumer clientId=consumer-school-group-2, groupId=school-group] Connection to node 0 (DESKTOP-8IHU6CM/192.168.137.1:9092) could not be established. Broker may not be available.
2026-05-10 01:10:12 [INFO] [Consumer clientId=consumer-school-group-2, groupId=school-group] Node 0 disconnected.
2026-05-10 01:10:12 [WARN] [Consumer clientId=consumer-school-group-2, groupId=school-group] Connection to node 0 (DESKTOP-8IHU6CM/192.168.1.9:9092) could not be established. Broker may not be available.
2026-05-10 01:10:12 [INFO] [Consumer clientId=consumer-school-group-2, groupId=school-group] Error sending fetch request (sessionId=1999736093, epoch=INITIAL) to node 0:
org.apache.kafka.common.errors.DisconnectException: null
2026-05-10 01:10:15 [INFO] [Consumer clientId=consumer-school-group-2, groupId=school-group] Node 0 disconnected.
2026-05-10 01:10:15 [WARN] [Consumer clientId=consumer-school-group-2, groupId=school-group] Connection to node 0 (DESKTOP-8IHU6CM/192.168.56.1:9092) could not be established. Broker may not be available.
2026-05-10 01:10:15 [INFO] [Consumer clientId=consumer-school-group-2, groupId=school-group] Error sending fetch request (sessionId=1999736093, epoch=INITIAL) to node 0:
org.apache.kafka.common.errors.DisconnectException: null
2026-05-10 01:10:18 [INFO] [Consumer clientId=consumer-school-group-2, groupId=school-group] Node 0 disconnected.
2026-05-10 01:10:18 [WARN] [Consumer clientId=consumer-school-group-2, groupId=school-group] Connection to node 0 (DESKTOP-8IHU6CM/192.168.137.1:9092) could not be established. Broker may not be available.
2026-05-10 01:10:21 [INFO] [Consumer clientId=consumer-school-group-2, groupId=school-group] Node 0 disconnected.
2026-05-10 01:10:21 [WARN] [Consumer clientId=consumer-school-group-2, groupId=school-group] Connection to node 0 (DESKTOP-8IHU6CM/192.168.1.9:9092) could not be established. Broker may not be available.
2026-05-10 01:10:21 [INFO] [Consumer clientId=consumer-school-group-2, groupId=school-group] Error sending fetch request (sessionId=1999736093, epoch=INITIAL) to node 0:
org.apache.kafka.common.errors.DisconnectException: null
2026-05-10 01:10:24 [INFO] [Consumer clientId=consumer-school-group-2, groupId=school-group] Node 0 disconnected.
2026-05-10 01:10:24 [WARN] [Consumer clientId=consumer-school-group-2, groupId=school-group] Connection to node 0 (DESKTOP-8IHU6CM/192.168.56.1:9092) could not be established. Broker may not be available.
2026-05-10 01:10:27 [INFO] [Consumer clientId=consumer-school-group-2, groupId=school-group] Node 0 disconnected.
2026-05-10 01:10:27 [WARN] [Consumer clientId=consumer-school-group-2, groupId=school-group] Connection to node 0 (DESKTOP-8IHU6CM/192.168.137.1:9092) could not be established. Broker may not be available.
2026-05-10 01:10:30 [INFO] [Consumer clientId=consumer-school-group-2, groupId=school-group] Node 0 disconnected.
2026-05-10 01:10:30 [WARN] [Consumer clientId=consumer-school-group-2, groupId=school-group] Connection to node 0 (DESKTOP-8IHU6CM/192.168.1.9:9092) could not be established. Broker may not be available.
2026-05-10 01:10:30 [INFO] [Consumer clientId=consumer-school-group-2, groupId=school-group] Error sending fetch request (sessionId=1999736093, epoch=INITIAL) to node 0:
org.apache.kafka.common.errors.DisconnectException: null
2026-05-10 01:10:33 [INFO] [Consumer clientId=consumer-school-group-2, groupId=school-group] Node 0 disconnected.
2026-05-10 01:10:33 [WARN] [Consumer clientId=consumer-school-group-2, groupId=school-group] Connection to node 0 (DESKTOP-8IHU6CM/192.168.56.1:9092) could not be established. Broker may not be available.
2026-05-10 01:10:37 [INFO] [Consumer clientId=consumer-school-group-2, groupId=school-group] Node 0 disconnected.
2026-05-10 01:10:37 [WARN] [Consumer clientId=consumer-school-group-2, groupId=school-group] Connection to node 0 (DESKTOP-8IHU6CM/192.168.137.1:9092) could not be established. Broker may not be available.
2026-05-10 01:10:37 [INFO] [Consumer clientId=consumer-school-group-2, groupId=school-group] Error sending fetch request (sessionId=1999736093, epoch=INITIAL) to node 0:
org.apache.kafka.common.errors.DisconnectException: null
2026-05-10 01:10:40 [INFO] [Consumer clientId=consumer-school-group-2, groupId=school-group] Node 0 disconnected.
2026-05-10 01:10:40 [WARN] [Consumer clientId=consumer-school-group-2, groupId=school-group] Connection to node 0 (DESKTOP-8IHU6CM/192.168.1.9:9092) could not be established. Broker may not be available.
2026-05-10 01:10:42 [INFO] [Consumer clientId=consumer-school-group-2, groupId=school-group] Node 0 disconnected.
2026-05-10 01:10:42 [WARN] [Consumer clientId=consumer-school-group-2, groupId=school-group] Connection to node 0 (DESKTOP-8IHU6CM/192.168.56.1:9092) could not be established. Broker may not be available.
2026-05-10 01:10:46 [INFO] [Consumer clientId=consumer-school-group-2, groupId=school-group] Node 0 disconnected.
2026-05-10 01:10:46 [WARN] [Consumer clientId=consumer-school-group-2, groupId=school-group] Connection to node 0 (DESKTOP-8IHU6CM/192.168.137.1:9092) could not be established. Broker may not be available.
2026-05-10 01:10:46 [INFO] [Consumer clientId=consumer-school-group-2, groupId=school-group] Error sending fetch request (sessionId=1999736093, epoch=INITIAL) to node 0:
org.apache.kafka.common.errors.DisconnectException: null
2026-05-10 01:10:48 [INFO] [Consumer clientId=consumer-school-group-2, groupId=school-group] Node 0 disconnected.
2026-05-10 01:10:48 [WARN] [Consumer clientId=consumer-school-group-2, groupId=school-group] Connection to node 0 (DESKTOP-8IHU6CM/192.168.1.9:9092) could not be established. Broker may not be available.
2026-05-10 01:10:52 [INFO] [Consumer clientId=consumer-school-group-2, groupId=school-group] Node 0 disconnected.
2026-05-10 01:10:52 [WARN] [Consumer clientId=consumer-school-group-2, groupId=school-group] Connection to node 0 (DESKTOP-8IHU6CM/192.168.56.1:9092) could not be established. Broker may not be available.
2026-05-10 01:10:52 [INFO] [Consumer clientId=consumer-school-group-2, groupId=school-group] Error sending fetch request (sessionId=1999736093, epoch=INITIAL) to node 0:
org.apache.kafka.common.errors.DisconnectException: null
2026-05-10 01:10:55 [INFO] [Consumer clientId=consumer-school-group-2, groupId=school-group] Node 0 disconnected.
2026-05-10 01:10:55 [WARN] [Consumer clientId=consumer-school-group-2, groupId=school-group] Connection to node 0 (DESKTOP-8IHU6CM/192.168.137.1:9092) could not be established. Broker may not be available.
2026-05-10 01:10:55 [INFO] [Consumer clientId=consumer-school-group-2, groupId=school-group] Error sending fetch request (sessionId=1999736093, epoch=INITIAL) to node 0:
org.apache.kafka.common.errors.DisconnectException: null
2026-05-10 01:10:58 [INFO] [Consumer clientId=consumer-school-group-2, groupId=school-group] Node 0 disconnected.
2026-05-10 01:10:58 [WARN] [Consumer clientId=consumer-school-group-2, groupId=school-group] Connection to node 0 (DESKTOP-8IHU6CM/192.168.1.9:9092) could not be established. Broker may not be available.
2026-05-10 01:11:01 [INFO] [Consumer clientId=consumer-school-group-2, groupId=school-group] Node 0 disconnected.
2026-05-10 01:11:01 [WARN] [Consumer clientId=consumer-school-group-2, groupId=school-group] Connection to node 0 (DESKTOP-8IHU6CM/192.168.56.1:9092) could not be established. Broker may not be available.
2026-05-10 01:11:01 [INFO] [Consumer clientId=consumer-school-group-2, groupId=school-group] Error sending fetch request (sessionId=1999736093, epoch=INITIAL) to node 0:
org.apache.kafka.common.errors.DisconnectException: null
2026-05-10 01:11:04 [INFO] [Consumer clientId=consumer-school-group-2, groupId=school-group] Node 0 disconnected.
2026-05-10 01:11:04 [WARN] [Consumer clientId=consumer-school-group-2, groupId=school-group] Connection to node 0 (DESKTOP-8IHU6CM/192.168.137.1:9092) could not be established. Broker may not be available.
2026-05-10 01:11:07 [INFO] [Consumer clientId=consumer-school-group-2, groupId=school-group] Node 0 disconnected.
2026-05-10 01:11:07 [WARN] [Consumer clientId=consumer-school-group-2, groupId=school-group] Connection to node 0 (DESKTOP-8IHU6CM/192.168.1.9:9092) could not be established. Broker may not be available.
2026-05-10 01:11:11 [INFO] [Consumer clientId=consumer-school-group-2, groupId=school-group] Node 0 disconnected.
2026-05-10 01:11:11 [WARN] [Consumer clientId=consumer-school-group-2, groupId=school-group] Connection to node 0 (DESKTOP-8IHU6CM/192.168.56.1:9092) could not be established. Broker may not be available.
2026-05-10 01:11:11 [INFO] [Consumer clientId=consumer-school-group-2, groupId=school-group] Error sending fetch request (sessionId=1999736093, epoch=INITIAL) to node 0:
org.apache.kafka.common.errors.DisconnectException: null
2026-05-10 01:11:14 [INFO] [Consumer clientId=consumer-school-group-2, groupId=school-group] Node 0 disconnected.
2026-05-10 01:11:14 [WARN] [Consumer clientId=consumer-school-group-2, groupId=school-group] Connection to node 0 (DESKTOP-8IHU6CM/192.168.137.1:9092) could not be established. Broker may not be available.
2026-05-10 01:11:17 [INFO] [Consumer clientId=consumer-school-group-2, groupId=school-group] Node 0 disconnected.
2026-05-10 01:11:17 [WARN] [Consumer clientId=consumer-school-group-2, groupId=school-group] Connection to node 0 (DESKTOP-8IHU6CM/192.168.1.9:9092) could not be established. Broker may not be available.
2026-05-10 01:11:17 [INFO] [Consumer clientId=consumer-school-group-2, groupId=school-group] Error sending fetch request (sessionId=1999736093, epoch=INITIAL) to node 0:
org.apache.kafka.common.errors.DisconnectException: null
2026-05-10 01:11:20 [INFO] [Consumer clientId=consumer-school-group-2, groupId=school-group] Node 0 disconnected.
2026-05-10 01:11:20 [WARN] [Consumer clientId=consumer-school-group-2, groupId=school-group] Connection to node 0 (DESKTOP-8IHU6CM/192.168.56.1:9092) could not be established. Broker may not be available.
2026-05-10 01:11:23 [INFO] [Consumer clientId=consumer-school-group-2, groupId=school-group] Node 0 disconnected.
2026-05-10 01:11:23 [WARN] [Consumer clientId=consumer-school-group-2, groupId=school-group] Connection to node 0 (DESKTOP-8IHU6CM/192.168.137.1:9092) could not be established. Broker may not be available.
2026-05-10 01:11:26 [INFO] [Consumer clientId=consumer-school-group-2, groupId=school-group] Node 0 disconnected.
2026-05-10 01:11:26 [WARN] [Consumer clientId=consumer-school-group-2, groupId=school-group] Connection to node 0 (DESKTOP-8IHU6CM/192.168.1.9:9092) could not be established. Broker may not be available.
2026-05-10 01:11:26 [INFO] [Consumer clientId=consumer-school-group-2, groupId=school-group] Error sending fetch request (sessionId=1999736093, epoch=INITIAL) to node 0:
org.apache.kafka.common.errors.DisconnectException: null
2026-05-10 01:11:29 [INFO] [Consumer clientId=consumer-school-group-2, groupId=school-group] Node 0 disconnected.
2026-05-10 01:11:29 [WARN] [Consumer clientId=consumer-school-group-2, groupId=school-group] Connection to node 0 (DESKTOP-8IHU6CM/192.168.56.1:9092) could not be established. Broker may not be available.
2026-05-10 01:11:32 [INFO] [Consumer clientId=consumer-school-group-2, groupId=school-group] Node 0 disconnected.
2026-05-10 01:11:32 [WARN] [Consumer clientId=consumer-school-group-2, groupId=school-group] Connection to node 0 (DESKTOP-8IHU6CM/192.168.137.1:9092) could not be established. Broker may not be available.
2026-05-10 01:11:35 [INFO] [Consumer clientId=consumer-school-group-2, groupId=school-group] Node 0 disconnected.
2026-05-10 01:11:35 [WARN] [Consumer clientId=consumer-school-group-2, groupId=school-group] Connection to node 0 (DESKTOP-8IHU6CM/192.168.1.9:9092) could not be established. Broker may not be available.
2026-05-10 01:11:35 [INFO] [Consumer clientId=consumer-school-group-2, groupId=school-group] Error sending fetch request (sessionId=1999736093, epoch=INITIAL) to node 0:
org.apache.kafka.common.errors.DisconnectException: null
2026-05-10 01:11:38 [INFO] [Consumer clientId=consumer-school-group-2, groupId=school-group] Node 0 disconnected.
2026-05-10 01:11:38 [WARN] [Consumer clientId=consumer-school-group-2, groupId=school-group] Connection to node 0 (DESKTOP-8IHU6CM/192.168.56.1:9092) could not be established. Broker may not be available.
2026-05-10 01:11:41 [INFO] [Consumer clientId=consumer-school-group-2, groupId=school-group] Node 0 disconnected.
2026-05-10 01:11:41 [WARN] [Consumer clientId=consumer-school-group-2, groupId=school-group] Connection to node 0 (DESKTOP-8IHU6CM/192.168.137.1:9092) could not be established. Broker may not be available.
2026-05-10 01:11:41 [INFO] [Consumer clientId=consumer-school-group-2, groupId=school-group] Error sending fetch request (sessionId=1999736093, epoch=INITIAL) to node 0:
org.apache.kafka.common.errors.DisconnectException: null
2026-05-10 01:11:45 [INFO] [Consumer clientId=consumer-school-group-2, groupId=school-group] Node 0 disconnected.
2026-05-10 01:11:45 [WARN] [Consumer clientId=consumer-school-group-2, groupId=school-group] Connection to node 0 (DESKTOP-8IHU6CM/192.168.1.9:9092) could not be established. Broker may not be available.
2026-05-10 01:11:48 [INFO] [Consumer clientId=consumer-school-group-2, groupId=school-group] Node 0 disconnected.
2026-05-10 01:11:48 [WARN] [Consumer clientId=consumer-school-group-2, groupId=school-group] Connection to node 0 (DESKTOP-8IHU6CM/192.168.56.1:9092) could not be established. Broker may not be available.
2026-05-10 01:11:51 [INFO] [Consumer clientId=consumer-school-group-2, groupId=school-group] Node 0 disconnected.
2026-05-10 01:11:51 [WARN] [Consumer clientId=consumer-school-group-2, groupId=school-group] Connection to node 0 (DESKTOP-8IHU6CM/192.168.137.1:9092) could not be established. Broker may not be available.
2026-05-10 01:11:51 [INFO] [Consumer clientId=consumer-school-group-2, groupId=school-group] Error sending fetch request (sessionId=1999736093, epoch=INITIAL) to node 0:
org.apache.kafka.common.errors.DisconnectException: null
2026-05-10 01:11:54 [INFO] [Consumer clientId=consumer-school-group-2, groupId=school-group] Node 0 disconnected.
2026-05-10 01:11:54 [WARN] [Consumer clientId=consumer-school-group-2, groupId=school-group] Connection to node 0 (DESKTOP-8IHU6CM/192.168.1.9:9092) could not be established. Broker may not be available.
2026-05-10 01:11:57 [INFO] [Consumer clientId=consumer-school-group-2, groupId=school-group] Node 0 disconnected.
2026-05-10 01:11:57 [WARN] [Consumer clientId=consumer-school-group-2, groupId=school-group] Connection to node 0 (DESKTOP-8IHU6CM/192.168.56.1:9092) could not be established. Broker may not be available.
2026-05-10 01:11:57 [INFO] [Consumer clientId=consumer-school-group-2, groupId=school-group] Error sending fetch request (sessionId=1999736093, epoch=INITIAL) to node 0:
org.apache.kafka.common.errors.DisconnectException: null
2026-05-10 01:12:00 [INFO] [Consumer clientId=consumer-school-group-2, groupId=school-group] Node 0 disconnected.
2026-05-10 01:12:00 [WARN] [Consumer clientId=consumer-school-group-2, groupId=school-group] Connection to node 0 (DESKTOP-8IHU6CM/192.168.137.1:9092) could not be established. Broker may not be available.
2026-05-10 01:12:00 [INFO] [Consumer clientId=consumer-school-group-2, groupId=school-group] Error sending fetch request (sessionId=1999736093, epoch=INITIAL) to node 0:
org.apache.kafka.common.errors.DisconnectException: null
2026-05-10 01:12:03 [INFO] [Consumer clientId=consumer-school-group-2, groupId=school-group] Node 0 disconnected.
2026-05-10 01:12:03 [WARN] [Consumer clientId=consumer-school-group-2, groupId=school-group] Connection to node 0 (DESKTOP-8IHU6CM/192.168.1.9:9092) could not be established. Broker may not be available.
2026-05-10 01:12:07 [INFO] [Consumer clientId=consumer-school-group-2, groupId=school-group] Node 0 disconnected.
2026-05-10 01:12:07 [WARN] [Consumer clientId=consumer-school-group-2, groupId=school-group] Connection to node 0 (DESKTOP-8IHU6CM/192.168.56.1:9092) could not be established. Broker may not be available.
2026-05-10 01:12:07 [INFO] [Consumer clientId=consumer-school-group-2, groupId=school-group] Error sending fetch request (sessionId=1999736093, epoch=INITIAL) to node 0:
org.apache.kafka.common.errors.DisconnectException: null
2026-05-10 01:12:10 [INFO] [Consumer clientId=consumer-school-group-2, groupId=school-group] Node 0 disconnected.
2026-05-10 01:12:10 [WARN] [Consumer clientId=consumer-school-group-2, groupId=school-group] Connection to node 0 (DESKTOP-8IHU6CM/192.168.137.1:9092) could not be established. Broker may not be available.
2026-05-10 01:12:13 [INFO] [Consumer clientId=consumer-school-group-2, groupId=school-group] Node 0 disconnected.
2026-05-10 01:12:13 [WARN] [Consumer clientId=consumer-school-group-2, groupId=school-group] Connection to node 0 (DESKTOP-8IHU6CM/192.168.1.9:9092) could not be established. Broker may not be available.
2026-05-10 01:12:16 [INFO] [Consumer clientId=consumer-school-group-2, groupId=school-group] Node 0 disconnected.
2026-05-10 01:12:16 [WARN] [Consumer clientId=consumer-school-group-2, groupId=school-group] Connection to node 0 (DESKTOP-8IHU6CM/192.168.56.1:9092) could not be established. Broker may not be available.
2026-05-10 01:12:16 [INFO] [Consumer clientId=consumer-school-group-2, groupId=school-group] Error sending fetch request (sessionId=1999736093, epoch=INITIAL) to node 0:
org.apache.kafka.common.errors.DisconnectException: null
2026-05-10 01:12:19 [INFO] [Consumer clientId=consumer-school-group-2, groupId=school-group] Node 0 disconnected.
2026-05-10 01:12:19 [WARN] [Consumer clientId=consumer-school-group-2, groupId=school-group] Connection to node 0 (DESKTOP-8IHU6CM/192.168.137.1:9092) could not be established. Broker may not be available.
2026-05-10 01:12:22 [INFO] [Consumer clientId=consumer-school-group-2, groupId=school-group] Node 0 disconnected.
2026-05-10 01:12:22 [WARN] [Consumer clientId=consumer-school-group-2, groupId=school-group] Connection to node 0 (DESKTOP-8IHU6CM/192.168.1.9:9092) could not be established. Broker may not be available.
2026-05-10 01:12:22 [INFO] [Consumer clientId=consumer-school-group-2, groupId=school-group] Error sending fetch request (sessionId=1999736093, epoch=INITIAL) to node 0:
org.apache.kafka.common.errors.DisconnectException: null
2026-05-10 01:12:25 [INFO] [Consumer clientId=consumer-school-group-2, groupId=school-group] Node 0 disconnected.
2026-05-10 01:12:25 [WARN] [Consumer clientId=consumer-school-group-2, groupId=school-group] Connection to node 0 (DESKTOP-8IHU6CM/192.168.56.1:9092) could not be established. Broker may not be available.
2026-05-10 01:12:28 [INFO] [Consumer clientId=consumer-school-group-2, groupId=school-group] Node 0 disconnected.
2026-05-10 01:12:28 [WARN] [Consumer clientId=consumer-school-group-2, groupId=school-group] Connection to node 0 (DESKTOP-8IHU6CM/192.168.137.1:9092) could not be established. Broker may not be available.
2026-05-10 01:12:31 [INFO] [Consumer clientId=consumer-school-group-2, groupId=school-group] Node 0 disconnected.
2026-05-10 01:12:31 [WARN] [Consumer clientId=consumer-school-group-2, groupId=school-group] Connection to node 0 (DESKTOP-8IHU6CM/192.168.1.9:9092) could not be established. Broker may not be available.
2026-05-10 01:12:31 [INFO] [Consumer clientId=consumer-school-group-2, groupId=school-group] Error sending fetch request (sessionId=1999736093, epoch=INITIAL) to node 0:
org.apache.kafka.common.errors.DisconnectException: null
2026-05-10 01:12:34 [INFO] [Consumer clientId=consumer-school-group-2, groupId=school-group] Node 0 disconnected.
2026-05-10 01:12:34 [WARN] [Consumer clientId=consumer-school-group-2, groupId=school-group] Connection to node 0 (DESKTOP-8IHU6CM/192.168.56.1:9092) could not be established. Broker may not be available.
2026-05-10 01:12:37 [INFO] [Consumer clientId=consumer-school-group-2, groupId=school-group] Node 0 disconnected.
2026-05-10 01:12:37 [WARN] [Consumer clientId=consumer-school-group-2, groupId=school-group] Connection to node 0 (DESKTOP-8IHU6CM/192.168.137.1:9092) could not be established. Broker may not be available.
2026-05-10 01:12:40 [INFO] [Consumer clientId=consumer-school-group-2, groupId=school-group] Node 0 disconnected.
2026-05-10 01:12:40 [WARN] [Consumer clientId=consumer-school-group-2, groupId=school-group] Connection to node 0 (DESKTOP-8IHU6CM/192.168.1.9:9092) could not be established. Broker may not be available.
2026-05-10 01:12:40 [INFO] [Consumer clientId=consumer-school-group-2, groupId=school-group] Error sending fetch request (sessionId=1999736093, epoch=INITIAL) to node 0:
org.apache.kafka.common.errors.DisconnectException: null
2026-05-10 01:12:43 [INFO] [Consumer clientId=consumer-school-group-2, groupId=school-group] Node 0 disconnected.
2026-05-10 01:12:43 [WARN] [Consumer clientId=consumer-school-group-2, groupId=school-group] Connection to node 0 (DESKTOP-8IHU6CM/192.168.56.1:9092) could not be established. Broker may not be available.
2026-05-10 01:12:46 [INFO] [Consumer clientId=consumer-school-group-2, groupId=school-group] Node 0 disconnected.
2026-05-10 01:12:46 [WARN] [Consumer clientId=consumer-school-group-2, groupId=school-group] Connection to node 0 (DESKTOP-8IHU6CM/192.168.137.1:9092) could not be established. Broker may not be available.
2026-05-10 01:12:46 [INFO] [Consumer clientId=consumer-school-group-2, groupId=school-group] Error sending fetch request (sessionId=1999736093, epoch=INITIAL) to node 0:
org.apache.kafka.common.errors.DisconnectException: null
2026-05-10 01:12:49 [INFO] [Consumer clientId=consumer-school-group-2, groupId=school-group] Node 0 disconnected.
2026-05-10 01:12:49 [WARN] [Consumer clientId=consumer-school-group-2, groupId=school-group] Connection to node 0 (DESKTOP-8IHU6CM/192.168.1.9:9092) could not be established. Broker may not be available.
2026-05-10 01:12:52 [INFO] [Consumer clientId=consumer-school-group-2, groupId=school-group] Node 0 disconnected.
2026-05-10 01:12:52 [WARN] [Consumer clientId=consumer-school-group-2, groupId=school-group] Connection to node 0 (DESKTOP-8IHU6CM/192.168.56.1:9092) could not be established. Broker may not be available.
2026-05-10 01:12:55 [INFO] [Consumer clientId=consumer-school-group-2, groupId=school-group] Node 0 disconnected.
2026-05-10 01:12:55 [WARN] [Consumer clientId=consumer-school-group-2, groupId=school-group] Connection to node 0 (DESKTOP-8IHU6CM/192.168.137.1:9092) could not be established. Broker may not be available.
2026-05-10 01:12:55 [INFO] [Consumer clientId=consumer-school-group-2, groupId=school-group] Error sending fetch request (sessionId=1999736093, epoch=INITIAL) to node 0:
org.apache.kafka.common.errors.DisconnectException: null
2026-05-10 01:12:58 [INFO] [Consumer clientId=consumer-school-group-2, groupId=school-group] Node 0 disconnected.
2026-05-10 01:12:58 [WARN] [Consumer clientId=consumer-school-group-2, groupId=school-group] Connection to node 0 (DESKTOP-8IHU6CM/192.168.1.9:9092) could not be established. Broker may not be available.
2026-05-10 01:13:02 [INFO] [Consumer clientId=consumer-school-group-2, groupId=school-group] Node 0 disconnected.
2026-05-10 01:13:02 [WARN] [Consumer clientId=consumer-school-group-2, groupId=school-group] Connection to node 0 (DESKTOP-8IHU6CM/192.168.56.1:9092) could not be established. Broker may not be available.
2026-05-10 01:13:02 [INFO] [Consumer clientId=consumer-school-group-2, groupId=school-group] Error sending fetch request (sessionId=1999736093, epoch=INITIAL) to node 0:
org.apache.kafka.common.errors.DisconnectException: null
2026-05-10 01:13:05 [INFO] [Consumer clientId=consumer-school-group-2, groupId=school-group] Node 0 disconnected.
2026-05-10 01:13:05 [WARN] [Consumer clientId=consumer-school-group-2, groupId=school-group] Connection to node 0 (DESKTOP-8IHU6CM/192.168.137.1:9092) could not be established. Broker may not be available.
2026-05-10 01:13:08 [INFO] [Consumer clientId=consumer-school-group-2, groupId=school-group] Node 0 disconnected.
2026-05-10 01:13:08 [WARN] [Consumer clientId=consumer-school-group-2, groupId=school-group] Connection to node 0 (DESKTOP-8IHU6CM/192.168.1.9:9092) could not be established. Broker may not be available.
2026-05-10 01:13:11 [INFO] [Consumer clientId=consumer-school-group-2, groupId=school-group] Node 0 disconnected.
2026-05-10 01:13:11 [WARN] [Consumer clientId=consumer-school-group-2, groupId=school-group] Connection to node 0 (DESKTOP-8IHU6CM/192.168.56.1:9092) could not be established. Broker may not be available.
2026-05-10 01:13:11 [INFO] [Consumer clientId=consumer-school-group-2, groupId=school-group] Error sending fetch request (sessionId=1999736093, epoch=INITIAL) to node 0:
org.apache.kafka.common.errors.DisconnectException: null
2026-05-10 01:13:14 [INFO] [Consumer clientId=consumer-school-group-2, groupId=school-group] Node 0 disconnected.
2026-05-10 01:13:14 [WARN] [Consumer clientId=consumer-school-group-2, groupId=school-group] Connection to node 0 (DESKTOP-8IHU6CM/192.168.137.1:9092) could not be established. Broker may not be available.
2026-05-10 01:13:17 [INFO] [Consumer clientId=consumer-school-group-2, groupId=school-group] Node 0 disconnected.
2026-05-10 01:13:17 [WARN] [Consumer clientId=consumer-school-group-2, groupId=school-group] Connection to node 0 (DESKTOP-8IHU6CM/192.168.1.9:9092) could not be established. Broker may not be available.
2026-05-10 01:13:17 [INFO] [Consumer clientId=consumer-school-group-2, groupId=school-group] Error sending fetch request (sessionId=1999736093, epoch=INITIAL) to node 0:
org.apache.kafka.common.errors.DisconnectException: null
2026-05-10 01:13:20 [INFO] [Consumer clientId=consumer-school-group-2, groupId=school-group] Node 0 disconnected.
2026-05-10 01:13:20 [WARN] [Consumer clientId=consumer-school-group-2, groupId=school-group] Connection to node 0 (DESKTOP-8IHU6CM/192.168.56.1:9092) could not be established. Broker may not be available.
2026-05-10 01:13:20 [INFO] [Consumer clientId=consumer-school-group-2, groupId=school-group] Error sending fetch request (sessionId=1999736093, epoch=INITIAL) to node 0:
org.apache.kafka.common.errors.DisconnectException: null
2026-05-10 01:13:23 [INFO] [Consumer clientId=consumer-school-group-2, groupId=school-group] Node 0 disconnected.
2026-05-10 01:13:23 [WARN] [Consumer clientId=consumer-school-group-2, groupId=school-group] Connection to node 0 (DESKTOP-8IHU6CM/192.168.137.1:9092) could not be established. Broker may not be available.
2026-05-10 01:13:26 [INFO] [Consumer clientId=consumer-school-group-2, groupId=school-group] Node 0 disconnected.
2026-05-10 01:13:26 [WARN] [Consumer clientId=consumer-school-group-2, groupId=school-group] Connection to node 0 (DESKTOP-8IHU6CM/192.168.1.9:9092) could not be established. Broker may not be available.
2026-05-10 01:13:26 [INFO] [Consumer clientId=consumer-school-group-2, groupId=school-group] Error sending fetch request (sessionId=1999736093, epoch=INITIAL) to node 0:
org.apache.kafka.common.errors.DisconnectException: null
2026-05-10 01:13:29 [INFO] [Consumer clientId=consumer-school-group-2, groupId=school-group] Node 0 disconnected.
2026-05-10 01:13:29 [WARN] [Consumer clientId=consumer-school-group-2, groupId=school-group] Connection to node 0 (DESKTOP-8IHU6CM/192.168.56.1:9092) could not be established. Broker may not be available.
2026-05-10 01:13:32 [INFO] [Consumer clientId=consumer-school-group-2, groupId=school-group] Node 0 disconnected.
2026-05-10 01:13:32 [WARN] [Consumer clientId=consumer-school-group-2, groupId=school-group] Connection to node 0 (DESKTOP-8IHU6CM/192.168.137.1:9092) could not be established. Broker may not be available.
2026-05-10 01:13:36 [INFO] [Consumer clientId=consumer-school-group-2, groupId=school-group] Node 0 disconnected.
2026-05-10 01:13:36 [WARN] [Consumer clientId=consumer-school-group-2, groupId=school-group] Connection to node 0 (DESKTOP-8IHU6CM/192.168.1.9:9092) could not be established. Broker may not be available.
2026-05-10 01:13:36 [INFO] [Consumer clientId=consumer-school-group-2, groupId=school-group] Error sending fetch request (sessionId=1999736093, epoch=INITIAL) to node 0:
org.apache.kafka.common.errors.DisconnectException: null
2026-05-10 01:13:39 [INFO] [Consumer clientId=consumer-school-group-2, groupId=school-group] Node 0 disconnected.
2026-05-10 01:13:39 [WARN] [Consumer clientId=consumer-school-group-2, groupId=school-group] Connection to node 0 (DESKTOP-8IHU6CM/192.168.56.1:9092) could not be established. Broker may not be available.
2026-05-10 01:13:42 [INFO] [Consumer clientId=consumer-school-group-2, groupId=school-group] Node 0 disconnected.
2026-05-10 01:13:42 [WARN] [Consumer clientId=consumer-school-group-2, groupId=school-group] Connection to node 0 (DESKTOP-8IHU6CM/192.168.137.1:9092) could not be established. Broker may not be available.
2026-05-10 01:13:42 [INFO] [Consumer clientId=consumer-school-group-2, groupId=school-group] Error sending fetch request (sessionId=1999736093, epoch=INITIAL) to node 0:
org.apache.kafka.common.errors.DisconnectException: null
2026-05-10 01:13:45 [INFO] [Consumer clientId=consumer-school-group-2, groupId=school-group] Node 0 disconnected.
2026-05-10 01:13:45 [WARN] [Consumer clientId=consumer-school-group-2, groupId=school-group] Connection to node 0 (DESKTOP-8IHU6CM/192.168.1.9:9092) could not be established. Broker may not be available.
2026-05-10 01:13:48 [INFO] [Consumer clientId=consumer-school-group-2, groupId=school-group] Node 0 disconnected.
2026-05-10 01:13:48 [WARN] [Consumer clientId=consumer-school-group-2, groupId=school-group] Connection to node 0 (DESKTOP-8IHU6CM/192.168.56.1:9092) could not be established. Broker may not be available.
2026-05-10 01:13:51 [INFO] [Consumer clientId=consumer-school-group-2, groupId=school-group] Node 0 disconnected.
2026-05-10 01:13:51 [WARN] [Consumer clientId=consumer-school-group-2, groupId=school-group] Connection to node 0 (DESKTOP-8IHU6CM/192.168.137.1:9092) could not be established. Broker may not be available.
2026-05-10 01:13:51 [INFO] [Consumer clientId=consumer-school-group-2, groupId=school-group] Error sending fetch request (sessionId=1999736093, epoch=INITIAL) to node 0:
org.apache.kafka.common.errors.DisconnectException: null
2026-05-10 01:13:54 [INFO] [Consumer clientId=consumer-school-group-2, groupId=school-group] Node 0 disconnected.
2026-05-10 01:13:54 [WARN] [Consumer clientId=consumer-school-group-2, groupId=school-group] Connection to node 0 (DESKTOP-8IHU6CM/192.168.1.9:9092) could not be established. Broker may not be available.
2026-05-10 01:13:57 [INFO] [Consumer clientId=consumer-school-group-2, groupId=school-group] Node 0 disconnected.
2026-05-10 01:13:57 [WARN] [Consumer clientId=consumer-school-group-2, groupId=school-group] Connection to node 0 (DESKTOP-8IHU6CM/192.168.56.1:9092) could not be established. Broker may not be available.
2026-05-10 01:13:57 [INFO] [Consumer clientId=consumer-school-group-2, groupId=school-group] Error sending fetch request (sessionId=1999736093, epoch=INITIAL) to node 0:
org.apache.kafka.common.errors.DisconnectException: null
2026-05-10 01:14:00 [INFO] [Consumer clientId=consumer-school-group-2, groupId=school-group] Node 0 disconnected.
2026-05-10 01:14:00 [WARN] [Consumer clientId=consumer-school-group-2, groupId=school-group] Connection to node 0 (DESKTOP-8IHU6CM/192.168.137.1:9092) could not be established. Broker may not be available.
2026-05-10 01:14:00 [INFO] [Consumer clientId=consumer-school-group-2, groupId=school-group] Error sending fetch request (sessionId=1999736093, epoch=INITIAL) to node 0:
org.apache.kafka.common.errors.DisconnectException: null
2026-05-10 01:14:03 [INFO] [Consumer clientId=consumer-school-group-2, groupId=school-group] Node 0 disconnected.
2026-05-10 01:14:03 [WARN] [Consumer clientId=consumer-school-group-2, groupId=school-group] Connection to node 0 (DESKTOP-8IHU6CM/192.168.1.9:9092) could not be established. Broker may not be available.
2026-05-10 01:14:06 [INFO] [Consumer clientId=consumer-school-group-2, groupId=school-group] Node 0 disconnected.
2026-05-10 01:14:06 [WARN] [Consumer clientId=consumer-school-group-2, groupId=school-group] Connection to node 0 (DESKTOP-8IHU6CM/192.168.56.1:9092) could not be established. Broker may not be available.
2026-05-10 01:14:06 [INFO] [Consumer clientId=consumer-school-group-2, groupId=school-group] Error sending fetch request (sessionId=1999736093, epoch=INITIAL) to node 0:
org.apache.kafka.common.errors.DisconnectException: null
2026-05-10 01:14:09 [INFO] [Consumer clientId=consumer-school-group-2, groupId=school-group] Node 0 disconnected.
2026-05-10 01:14:09 [WARN] [Consumer clientId=consumer-school-group-2, groupId=school-group] Connection to node 0 (DESKTOP-8IHU6CM/192.168.137.1:9092) could not be established. Broker may not be available.
2026-05-10 01:14:12 [INFO] [Consumer clientId=consumer-school-group-2, groupId=school-group] Node 0 disconnected.
2026-05-10 01:14:12 [WARN] [Consumer clientId=consumer-school-group-2, groupId=school-group] Connection to node 0 (DESKTOP-8IHU6CM/192.168.1.9:9092) could not be established. Broker may not be available.
2026-05-10 01:14:15 [INFO] [Consumer clientId=consumer-school-group-2, groupId=school-group] Node 0 disconnected.
2026-05-10 01:14:15 [WARN] [Consumer clientId=consumer-school-group-2, groupId=school-group] Connection to node 0 (DESKTOP-8IHU6CM/192.168.56.1:9092) could not be established. Broker may not be available.
2026-05-10 01:14:15 [INFO] [Consumer clientId=consumer-school-group-2, groupId=school-group] Error sending fetch request (sessionId=1999736093, epoch=INITIAL) to node 0:
org.apache.kafka.common.errors.DisconnectException: null
2026-05-10 01:14:19 [INFO] [Consumer clientId=consumer-school-group-2, groupId=school-group] Node 0 disconnected.
2026-05-10 01:14:19 [WARN] [Consumer clientId=consumer-school-group-2, groupId=school-group] Connection to node 0 (DESKTOP-8IHU6CM/192.168.137.1:9092) could not be established. Broker may not be available.
2026-05-10 01:14:22 [INFO] [Consumer clientId=consumer-school-group-2, groupId=school-group] Node 0 disconnected.
2026-05-10 01:14:22 [WARN] [Consumer clientId=consumer-school-group-2, groupId=school-group] Connection to node 0 (DESKTOP-8IHU6CM/192.168.1.9:9092) could not be established. Broker may not be available.
2026-05-10 01:14:22 [INFO] [Consumer clientId=consumer-school-group-2, groupId=school-group] Error sending fetch request (sessionId=1999736093, epoch=INITIAL) to node 0:
org.apache.kafka.common.errors.DisconnectException: null
2026-05-10 01:14:25 [INFO] [Consumer clientId=consumer-school-group-2, groupId=school-group] Node 0 disconnected.
2026-05-10 01:14:25 [WARN] [Consumer clientId=consumer-school-group-2, groupId=school-group] Connection to node 0 (DESKTOP-8IHU6CM/192.168.56.1:9092) could not be established. Broker may not be available.
2026-05-10 01:14:28 [INFO] [Consumer clientId=consumer-school-group-2, groupId=school-group] Node 0 disconnected.
2026-05-10 01:14:28 [WARN] [Consumer clientId=consumer-school-group-2, groupId=school-group] Connection to node 0 (DESKTOP-8IHU6CM/192.168.137.1:9092) could not be established. Broker may not be available.
2026-05-10 01:14:31 [INFO] [Consumer clientId=consumer-school-group-2, groupId=school-group] Node 0 disconnected.
2026-05-10 01:14:31 [WARN] [Consumer clientId=consumer-school-group-2, groupId=school-group] Connection to node 0 (DESKTOP-8IHU6CM/192.168.1.9:9092) could not be established. Broker may not be available.
2026-05-10 01:14:31 [INFO] [Consumer clientId=consumer-school-group-2, groupId=school-group] Error sending fetch request (sessionId=1999736093, epoch=INITIAL) to node 0:
org.apache.kafka.common.errors.DisconnectException: null
2026-05-10 01:14:34 [INFO] [Consumer clientId=consumer-school-group-2, groupId=school-group] Node 0 disconnected.
2026-05-10 01:14:34 [WARN] [Consumer clientId=consumer-school-group-2, groupId=school-group] Connection to node 0 (DESKTOP-8IHU6CM/192.168.56.1:9092) could not be established. Broker may not be available.
2026-05-10 01:14:37 [INFO] [Consumer clientId=consumer-school-group-2, groupId=school-group] Node 0 disconnected.
2026-05-10 01:14:37 [WARN] [Consumer clientId=consumer-school-group-2, groupId=school-group] Connection to node 0 (DESKTOP-8IHU6CM/192.168.137.1:9092) could not be established. Broker may not be available.
2026-05-10 01:14:37 [INFO] [Consumer clientId=consumer-school-group-2, groupId=school-group] Error sending fetch request (sessionId=1999736093, epoch=INITIAL) to node 0:
org.apache.kafka.common.errors.DisconnectException: null
2026-05-10 01:14:40 [INFO] [Consumer clientId=consumer-school-group-2, groupId=school-group] Node 0 disconnected.
2026-05-10 01:14:40 [WARN] [Consumer clientId=consumer-school-group-2, groupId=school-group] Connection to node 0 (DESKTOP-8IHU6CM/192.168.1.9:9092) could not be established. Broker may not be available.
2026-05-10 01:14:43 [INFO] [Consumer clientId=consumer-school-group-2, groupId=school-group] Node 0 disconnected.
2026-05-10 01:14:43 [WARN] [Consumer clientId=consumer-school-group-2, groupId=school-group] Connection to node 0 (DESKTOP-8IHU6CM/192.168.56.1:9092) could not be established. Broker may not be available.
2026-05-10 01:14:46 [INFO] [Consumer clientId=consumer-school-group-2, groupId=school-group] Node 0 disconnected.
2026-05-10 01:14:46 [WARN] [Consumer clientId=consumer-school-group-2, groupId=school-group] Connection to node 0 (DESKTOP-8IHU6CM/192.168.137.1:9092) could not be established. Broker may not be available.
2026-05-10 01:14:46 [INFO] [Consumer clientId=consumer-school-group-2, groupId=school-group] Error sending fetch request (sessionId=1999736093, epoch=INITIAL) to node 0:
org.apache.kafka.common.errors.DisconnectException: null
2026-05-10 01:14:49 [INFO] [Consumer clientId=consumer-school-group-2, groupId=school-group] Node 0 disconnected.
2026-05-10 01:14:49 [WARN] [Consumer clientId=consumer-school-group-2, groupId=school-group] Connection to node 0 (DESKTOP-8IHU6CM/192.168.1.9:9092) could not be established. Broker may not be available.
2026-05-10 01:14:52 [INFO] [Consumer clientId=consumer-school-group-2, groupId=school-group] Node 0 disconnected.
2026-05-10 01:14:52 [WARN] [Consumer clientId=consumer-school-group-2, groupId=school-group] Connection to node 0 (DESKTOP-8IHU6CM/192.168.56.1:9092) could not be established. Broker may not be available.
2026-05-10 01:14:52 [INFO] [Consumer clientId=consumer-school-group-2, groupId=school-group] Error sending fetch request (sessionId=1999736093, epoch=INITIAL) to node 0:
org.apache.kafka.common.errors.DisconnectException: null
2026-05-10 01:14:55 [INFO] [Consumer clientId=consumer-school-group-2, groupId=school-group] Node 0 disconnected.
2026-05-10 01:14:55 [WARN] [Consumer clientId=consumer-school-group-2, groupId=school-group] Connection to node 0 (DESKTOP-8IHU6CM/192.168.137.1:9092) could not be established. Broker may not be available.
2026-05-10 01:14:58 [INFO] [Consumer clientId=consumer-school-group-2, groupId=school-group] Node 0 disconnected.
2026-05-10 01:14:58 [WARN] [Consumer clientId=consumer-school-group-2, groupId=school-group] Connection to node 0 (DESKTOP-8IHU6CM/192.168.1.9:9092) could not be established. Broker may not be available.
2026-05-10 01:15:01 [INFO] [Consumer clientId=consumer-school-group-2, groupId=school-group] Node 0 disconnected.
2026-05-10 01:15:01 [WARN] [Consumer clientId=consumer-school-group-2, groupId=school-group] Connection to node 0 (DESKTOP-8IHU6CM/192.168.56.1:9092) could not be established. Broker may not be available.
2026-05-10 01:15:01 [INFO] [Consumer clientId=consumer-school-group-2, groupId=school-group] Error sending fetch request (sessionId=1999736093, epoch=INITIAL) to node 0:
org.apache.kafka.common.errors.DisconnectException: null
2026-05-10 01:15:04 [INFO] [Consumer clientId=consumer-school-group-2, groupId=school-group] Node 0 disconnected.
2026-05-10 01:15:04 [WARN] [Consumer clientId=consumer-school-group-2, groupId=school-group] Connection to node 0 (DESKTOP-8IHU6CM/192.168.137.1:9092) could not be established. Broker may not be available.
2026-05-10 01:15:07 [INFO] [Consumer clientId=consumer-school-group-2, groupId=school-group] Node 0 disconnected.
2026-05-10 01:15:07 [WARN] [Consumer clientId=consumer-school-group-2, groupId=school-group] Connection to node 0 (DESKTOP-8IHU6CM/192.168.1.9:9092) could not be established. Broker may not be available.
2026-05-10 01:15:07 [INFO] [Consumer clientId=consumer-school-group-2, groupId=school-group] Error sending fetch request (sessionId=1999736093, epoch=INITIAL) to node 0:
org.apache.kafka.common.errors.DisconnectException: null
2026-05-10 01:15:11 [INFO] [Consumer clientId=consumer-school-group-2, groupId=school-group] Node 0 disconnected.
2026-05-10 01:15:11 [WARN] [Consumer clientId=consumer-school-group-2, groupId=school-group] Connection to node 0 (DESKTOP-8IHU6CM/192.168.56.1:9092) could not be established. Broker may not be available.
2026-05-10 01:15:11 [INFO] [Consumer clientId=consumer-school-group-2, groupId=school-group] Error sending fetch request (sessionId=1999736093, epoch=INITIAL) to node 0:
org.apache.kafka.common.errors.DisconnectException: null
2026-05-10 01:15:14 [INFO] [Consumer clientId=consumer-school-group-2, groupId=school-group] Node 0 disconnected.
2026-05-10 01:15:14 [WARN] [Consumer clientId=consumer-school-group-2, groupId=school-group] Connection to node 0 (DESKTOP-8IHU6CM/192.168.137.1:9092) could not be established. Broker may not be available.
2026-05-10 01:15:17 [INFO] [Consumer clientId=consumer-school-group-2, groupId=school-group] Node 0 disconnected.
2026-05-10 01:15:17 [WARN] [Consumer clientId=consumer-school-group-2, groupId=school-group] Connection to node 0 (DESKTOP-8IHU6CM/192.168.1.9:9092) could not be established. Broker may not be available.
2026-05-10 01:15:17 [INFO] [Consumer clientId=consumer-school-group-2, groupId=school-group] Error sending fetch request (sessionId=1999736093, epoch=INITIAL) to node 0:
org.apache.kafka.common.errors.DisconnectException: null
2026-05-10 01:15:20 [INFO] [Consumer clientId=consumer-school-group-2, groupId=school-group] Node 0 disconnected.
2026-05-10 01:15:20 [WARN] [Consumer clientId=consumer-school-group-2, groupId=school-group] Connection to node 0 (DESKTOP-8IHU6CM/192.168.56.1:9092) could not be established. Broker may not be available.
2026-05-10 01:15:23 [INFO] [Consumer clientId=consumer-school-group-2, groupId=school-group] Node 0 disconnected.
2026-05-10 01:15:23 [WARN] [Consumer clientId=consumer-school-group-2, groupId=school-group] Connection to node 0 (DESKTOP-8IHU6CM/192.168.137.1:9092) could not be established. Broker may not be available.
2026-05-10 01:15:26 [INFO] [Consumer clientId=consumer-school-group-2, groupId=school-group] Node 0 disconnected.
2026-05-10 01:15:26 [WARN] [Consumer clientId=consumer-school-group-2, groupId=school-group] Connection to node 0 (DESKTOP-8IHU6CM/192.168.1.9:9092) could not be established. Broker may not be available.
2026-05-10 01:15:26 [INFO] [Consumer clientId=consumer-school-group-2, groupId=school-group] Error sending fetch request (sessionId=1999736093, epoch=INITIAL) to node 0:
org.apache.kafka.common.errors.DisconnectException: null
2026-05-10 01:15:29 [INFO] [Consumer clientId=consumer-school-group-2, groupId=school-group] Node 0 disconnected.
2026-05-10 01:15:29 [WARN] [Consumer clientId=consumer-school-group-2, groupId=school-group] Connection to node 0 (DESKTOP-8IHU6CM/192.168.56.1:9092) could not be established. Broker may not be available.
2026-05-10 01:15:32 [INFO] [Consumer clientId=consumer-school-group-2, groupId=school-group] Node 0 disconnected.
2026-05-10 01:15:32 [WARN] [Consumer clientId=consumer-school-group-2, groupId=school-group] Connection to node 0 (DESKTOP-8IHU6CM/192.168.137.1:9092) could not be established. Broker may not be available.
2026-05-10 01:15:32 [INFO] [Consumer clientId=consumer-school-group-2, groupId=school-group] Error sending fetch request (sessionId=1999736093, epoch=INITIAL) to node 0:
org.apache.kafka.common.errors.DisconnectException: null
2026-05-10 01:15:35 [INFO] [Consumer clientId=consumer-school-group-2, groupId=school-group] Node 0 disconnected.
2026-05-10 01:15:35 [WARN] [Consumer clientId=consumer-school-group-2, groupId=school-group] Connection to node 0 (DESKTOP-8IHU6CM/192.168.1.9:9092) could not be established. Broker may not be available.
2026-05-10 01:15:35 [INFO] [Consumer clientId=consumer-school-group-2, groupId=school-group] Error sending fetch request (sessionId=1999736093, epoch=INITIAL) to node 0:
org.apache.kafka.common.errors.DisconnectException: null
2026-05-10 01:15:39 [INFO] [Consumer clientId=consumer-school-group-2, groupId=school-group] Node 0 disconnected.
2026-05-10 01:15:39 [WARN] [Consumer clientId=consumer-school-group-2, groupId=school-group] Connection to node 0 (DESKTOP-8IHU6CM/192.168.56.1:9092) could not be established. Broker may not be available.
2026-05-10 01:15:42 [INFO] [Consumer clientId=consumer-school-group-2, groupId=school-group] Node 0 disconnected.
2026-05-10 01:15:42 [WARN] [Consumer clientId=consumer-school-group-2, groupId=school-group] Connection to node 0 (DESKTOP-8IHU6CM/192.168.137.1:9092) could not be established. Broker may not be available.
2026-05-10 01:15:42 [INFO] [Consumer clientId=consumer-school-group-2, groupId=school-group] Error sending fetch request (sessionId=1999736093, epoch=INITIAL) to node 0:
org.apache.kafka.common.errors.DisconnectException: null
2026-05-10 01:15:45 [INFO] [Consumer clientId=consumer-school-group-2, groupId=school-group] Node 0 disconnected.
2026-05-10 01:15:45 [WARN] [Consumer clientId=consumer-school-group-2, groupId=school-group] Connection to node 0 (DESKTOP-8IHU6CM/192.168.1.9:9092) could not be established. Broker may not be available.
2026-05-10 01:15:48 [INFO] [Consumer clientId=consumer-school-group-2, groupId=school-group] Node 0 disconnected.
2026-05-10 01:15:48 [WARN] [Consumer clientId=consumer-school-group-2, groupId=school-group] Connection to node 0 (DESKTOP-8IHU6CM/192.168.56.1:9092) could not be established. Broker may not be available.
2026-05-10 01:15:51 [INFO] [Consumer clientId=consumer-school-group-2, groupId=school-group] Node 0 disconnected.
2026-05-10 01:15:51 [WARN] [Consumer clientId=consumer-school-group-2, groupId=school-group] Connection to node 0 (DESKTOP-8IHU6CM/192.168.137.1:9092) could not be established. Broker may not be available.
2026-05-10 01:15:51 [INFO] [Consumer clientId=consumer-school-group-2, groupId=school-group] Error sending fetch request (sessionId=1999736093, epoch=INITIAL) to node 0:
org.apache.kafka.common.errors.DisconnectException: null
2026-05-10 01:15:54 [INFO] [Consumer clientId=consumer-school-group-2, groupId=school-group] Node 0 disconnected.
2026-05-10 01:15:54 [WARN] [Consumer clientId=consumer-school-group-2, groupId=school-group] Connection to node 0 (DESKTOP-8IHU6CM/192.168.1.9:9092) could not be established. Broker may not be available.
2026-05-10 01:15:57 [INFO] [Consumer clientId=consumer-school-group-2, groupId=school-group] Node 0 disconnected.
2026-05-10 01:15:57 [WARN] [Consumer clientId=consumer-school-group-2, groupId=school-group] Connection to node 0 (DESKTOP-8IHU6CM/192.168.56.1:9092) could not be established. Broker may not be available.
2026-05-10 01:15:57 [INFO] [Consumer clientId=consumer-school-group-2, groupId=school-group] Error sending fetch request (sessionId=1999736093, epoch=INITIAL) to node 0:
org.apache.kafka.common.errors.DisconnectException: null
2026-05-10 01:16:00 [INFO] [Consumer clientId=consumer-school-group-2, groupId=school-group] Node 0 disconnected.
2026-05-10 01:16:00 [WARN] [Consumer clientId=consumer-school-group-2, groupId=school-group] Connection to node 0 (DESKTOP-8IHU6CM/192.168.137.1:9092) could not be established. Broker may not be available.
2026-05-10 01:16:03 [INFO] [Consumer clientId=consumer-school-group-2, groupId=school-group] Node 0 disconnected.
2026-05-10 01:16:03 [WARN] [Consumer clientId=consumer-school-group-2, groupId=school-group] Connection to node 0 (DESKTOP-8IHU6CM/192.168.1.9:9092) could not be established. Broker may not be available.
2026-05-10 01:16:06 [INFO] [Consumer clientId=consumer-school-group-2, groupId=school-group] Node 0 disconnected.
2026-05-10 01:16:06 [WARN] [Consumer clientId=consumer-school-group-2, groupId=school-group] Connection to node 0 (DESKTOP-8IHU6CM/192.168.56.1:9092) could not be established. Broker may not be available.
2026-05-10 01:16:06 [INFO] [Consumer clientId=consumer-school-group-2, groupId=school-group] Error sending fetch request (sessionId=1999736093, epoch=INITIAL) to node 0:
org.apache.kafka.common.errors.DisconnectException: null
2026-05-10 01:16:10 [INFO] [Consumer clientId=consumer-school-group-2, groupId=school-group] Node 0 disconnected.
2026-05-10 01:16:10 [WARN] [Consumer clientId=consumer-school-group-2, groupId=school-group] Connection to node 0 (DESKTOP-8IHU6CM/192.168.137.1:9092) could not be established. Broker may not be available.
2026-05-10 01:16:12 [INFO] [Consumer clientId=consumer-school-group-2, groupId=school-group] Node 0 disconnected.
2026-05-10 01:16:12 [WARN] [Consumer clientId=consumer-school-group-2, groupId=school-group] Connection to node 0 (DESKTOP-8IHU6CM/192.168.1.9:9092) could not be established. Broker may not be available.
2026-05-10 01:16:12 [INFO] [Consumer clientId=consumer-school-group-2, groupId=school-group] Error sending fetch request (sessionId=1999736093, epoch=INITIAL) to node 0:
org.apache.kafka.common.errors.DisconnectException: null
2026-05-10 01:16:16 [INFO] [Consumer clientId=consumer-school-group-2, groupId=school-group] Node 0 disconnected.
2026-05-10 01:16:16 [WARN] [Consumer clientId=consumer-school-group-2, groupId=school-group] Connection to node 0 (DESKTOP-8IHU6CM/192.168.56.1:9092) could not be established. Broker may not be available.
2026-05-10 01:16:16 [INFO] [Consumer clientId=consumer-school-group-2, groupId=school-group] Error sending fetch request (sessionId=1999736093, epoch=INITIAL) to node 0:
org.apache.kafka.common.errors.DisconnectException: null
2026-05-10 01:16:19 [INFO] [Consumer clientId=consumer-school-group-2, groupId=school-group] Node 0 disconnected.
2026-05-10 01:16:19 [WARN] [Consumer clientId=consumer-school-group-2, groupId=school-group] Connection to node 0 (DESKTOP-8IHU6CM/192.168.137.1:9092) could not be established. Broker may not be available.
2026-05-10 01:16:22 [INFO] [Consumer clientId=consumer-school-group-2, groupId=school-group] Node 0 disconnected.
2026-05-10 01:16:22 [WARN] [Consumer clientId=consumer-school-group-2, groupId=school-group] Connection to node 0 (DESKTOP-8IHU6CM/192.168.1.9:9092) could not be established. Broker may not be available.
2026-05-10 01:16:22 [INFO] [Consumer clientId=consumer-school-group-2, groupId=school-group] Error sending fetch request (sessionId=1999736093, epoch=INITIAL) to node 0:
org.apache.kafka.common.errors.DisconnectException: null
2026-05-10 01:16:25 [INFO] [Consumer clientId=consumer-school-group-2, groupId=school-group] Node 0 disconnected.
2026-05-10 01:16:25 [WARN] [Consumer clientId=consumer-school-group-2, groupId=school-group] Connection to node 0 (DESKTOP-8IHU6CM/192.168.56.1:9092) could not be established. Broker may not be available.
2026-05-10 01:16:28 [INFO] [Consumer clientId=consumer-school-group-2, groupId=school-group] Node 0 disconnected.
2026-05-10 01:16:28 [WARN] [Consumer clientId=consumer-school-group-2, groupId=school-group] Connection to node 0 (DESKTOP-8IHU6CM/192.168.137.1:9092) could not be established. Broker may not be available.
2026-05-10 01:16:31 [INFO] [Consumer clientId=consumer-school-group-2, groupId=school-group] Node 0 disconnected.
2026-05-10 01:16:31 [WARN] [Consumer clientId=consumer-school-group-2, groupId=school-group] Connection to node 0 (DESKTOP-8IHU6CM/192.168.1.9:9092) could not be established. Broker may not be available.
2026-05-10 01:16:31 [INFO] [Consumer clientId=consumer-school-group-2, groupId=school-group] Error sending fetch request (sessionId=1999736093, epoch=INITIAL) to node 0:
org.apache.kafka.common.errors.DisconnectException: null
2026-05-10 01:16:34 [INFO] [Consumer clientId=consumer-school-group-2, groupId=school-group] Node 0 disconnected.
2026-05-10 01:16:34 [WARN] [Consumer clientId=consumer-school-group-2, groupId=school-group] Connection to node 0 (DESKTOP-8IHU6CM/192.168.56.1:9092) could not be established. Broker may not be available.
2026-05-10 01:16:37 [INFO] [Consumer clientId=consumer-school-group-2, groupId=school-group] Node 0 disconnected.
2026-05-10 01:16:37 [WARN] [Consumer clientId=consumer-school-group-2, groupId=school-group] Connection to node 0 (DESKTOP-8IHU6CM/192.168.137.1:9092) could not be established. Broker may not be available.
2026-05-10 01:16:37 [INFO] [Consumer clientId=consumer-school-group-2, groupId=school-group] Error sending fetch request (sessionId=1999736093, epoch=INITIAL) to node 0:
org.apache.kafka.common.errors.DisconnectException: null
2026-05-10 01:16:40 [INFO] [Consumer clientId=consumer-school-group-2, groupId=school-group] Node 0 disconnected.
2026-05-10 01:16:40 [WARN] [Consumer clientId=consumer-school-group-2, groupId=school-group] Connection to node 0 (DESKTOP-8IHU6CM/192.168.1.9:9092) could not be established. Broker may not be available.
2026-05-10 01:16:43 [INFO] [Consumer clientId=consumer-school-group-2, groupId=school-group] Node 0 disconnected.
2026-05-10 01:16:43 [WARN] [Consumer clientId=consumer-school-group-2, groupId=school-group] Connection to node 0 (DESKTOP-8IHU6CM/192.168.56.1:9092) could not be established. Broker may not be available.
2026-05-10 01:16:46 [INFO] [Consumer clientId=consumer-school-group-2, groupId=school-group] Node 0 disconnected.
2026-05-10 01:16:46 [WARN] [Consumer clientId=consumer-school-group-2, groupId=school-group] Connection to node 0 (DESKTOP-8IHU6CM/192.168.137.1:9092) could not be established. Broker may not be available.
2026-05-10 01:16:46 [INFO] [Consumer clientId=consumer-school-group-2, groupId=school-group] Error sending fetch request (sessionId=1999736093, epoch=INITIAL) to node 0:
org.apache.kafka.common.errors.DisconnectException: null
2026-05-10 01:16:49 [INFO] [Consumer clientId=consumer-school-group-2, groupId=school-group] Node 0 disconnected.
2026-05-10 01:16:49 [WARN] [Consumer clientId=consumer-school-group-2, groupId=school-group] Connection to node 0 (DESKTOP-8IHU6CM/192.168.1.9:9092) could not be established. Broker may not be available.
2026-05-10 01:16:52 [INFO] [Consumer clientId=consumer-school-group-2, groupId=school-group] Node 0 disconnected.
2026-05-10 01:16:52 [WARN] [Consumer clientId=consumer-school-group-2, groupId=school-group] Connection to node 0 (DESKTOP-8IHU6CM/192.168.56.1:9092) could not be established. Broker may not be available.
2026-05-10 01:16:52 [INFO] [Consumer clientId=consumer-school-group-2, groupId=school-group] Error sending fetch request (sessionId=1999736093, epoch=INITIAL) to node 0:
org.apache.kafka.common.errors.DisconnectException: null
2026-05-10 01:16:55 [INFO] [Consumer clientId=consumer-school-group-2, groupId=school-group] Node 0 disconnected.
2026-05-10 01:16:55 [WARN] [Consumer clientId=consumer-school-group-2, groupId=school-group] Connection to node 0 (DESKTOP-8IHU6CM/192.168.137.1:9092) could not be established. Broker may not be available.
2026-05-10 01:16:58 [INFO] [Consumer clientId=consumer-school-group-2, groupId=school-group] Node 0 disconnected.
2026-05-10 01:16:58 [WARN] [Consumer clientId=consumer-school-group-2, groupId=school-group] Connection to node 0 (DESKTOP-8IHU6CM/192.168.1.9:9092) could not be established. Broker may not be available.
2026-05-10 01:17:01 [INFO] [Consumer clientId=consumer-school-group-2, groupId=school-group] Node 0 disconnected.
2026-05-10 01:17:01 [WARN] [Consumer clientId=consumer-school-group-2, groupId=school-group] Connection to node 0 (DESKTOP-8IHU6CM/192.168.56.1:9092) could not be established. Broker may not be available.
2026-05-10 01:17:01 [INFO] [Consumer clientId=consumer-school-group-2, groupId=school-group] Error sending fetch request (sessionId=1999736093, epoch=INITIAL) to node 0:
org.apache.kafka.common.errors.DisconnectException: null
2026-05-10 01:17:04 [INFO] [Consumer clientId=consumer-school-group-2, groupId=school-group] Node 0 disconnected.
2026-05-10 01:17:04 [WARN] [Consumer clientId=consumer-school-group-2, groupId=school-group] Connection to node 0 (DESKTOP-8IHU6CM/192.168.137.1:9092) could not be established. Broker may not be available.
2026-05-10 01:17:07 [INFO] [Consumer clientId=consumer-school-group-2, groupId=school-group] Node 0 disconnected.
2026-05-10 01:17:07 [WARN] [Consumer clientId=consumer-school-group-2, groupId=school-group] Connection to node 0 (DESKTOP-8IHU6CM/192.168.1.9:9092) could not be established. Broker may not be available.
2026-05-10 01:17:07 [INFO] [Consumer clientId=consumer-school-group-2, groupId=school-group] Error sending fetch request (sessionId=1999736093, epoch=INITIAL) to node 0:
org.apache.kafka.common.errors.DisconnectException: null
2026-05-10 01:17:10 [INFO] [Consumer clientId=consumer-school-group-2, groupId=school-group] Node 0 disconnected.
2026-05-10 01:17:10 [WARN] [Consumer clientId=consumer-school-group-2, groupId=school-group] Connection to node 0 (DESKTOP-8IHU6CM/192.168.56.1:9092) could not be established. Broker may not be available.
2026-05-10 01:17:13 [INFO] [Consumer clientId=consumer-school-group-2, groupId=school-group] Node 0 disconnected.
2026-05-10 01:17:13 [WARN] [Consumer clientId=consumer-school-group-2, groupId=school-group] Connection to node 0 (DESKTOP-8IHU6CM/192.168.137.1:9092) could not be established. Broker may not be available.
2026-05-10 01:17:17 [INFO] [Consumer clientId=consumer-school-group-2, groupId=school-group] Node 0 disconnected.
2026-05-10 01:17:17 [WARN] [Consumer clientId=consumer-school-group-2, groupId=school-group] Connection to node 0 (DESKTOP-8IHU6CM/192.168.1.9:9092) could not be established. Broker may not be available.
2026-05-10 01:17:17 [INFO] [Consumer clientId=consumer-school-group-2, groupId=school-group] Error sending fetch request (sessionId=1999736093, epoch=INITIAL) to node 0:
org.apache.kafka.common.errors.DisconnectException: null
2026-05-10 01:17:20 [INFO] [Consumer clientId=consumer-school-group-2, groupId=school-group] Node 0 disconnected.
2026-05-10 01:17:20 [WARN] [Consumer clientId=consumer-school-group-2, groupId=school-group] Connection to node 0 (DESKTOP-8IHU6CM/192.168.56.1:9092) could not be established. Broker may not be available.
2026-05-10 01:17:23 [INFO] [Consumer clientId=consumer-school-group-2, groupId=school-group] Node 0 disconnected.
2026-05-10 01:17:23 [WARN] [Consumer clientId=consumer-school-group-2, groupId=school-group] Connection to node 0 (DESKTOP-8IHU6CM/192.168.137.1:9092) could not be established. Broker may not be available.
2026-05-10 01:17:26 [INFO] [Consumer clientId=consumer-school-group-2, groupId=school-group] Node 0 disconnected.
2026-05-10 01:17:26 [WARN] [Consumer clientId=consumer-school-group-2, groupId=school-group] Connection to node 0 (DESKTOP-8IHU6CM/192.168.1.9:9092) could not be established. Broker may not be available.
2026-05-10 01:17:26 [INFO] [Consumer clientId=consumer-school-group-2, groupId=school-group] Error sending fetch request (sessionId=1999736093, epoch=INITIAL) to node 0:
org.apache.kafka.common.errors.DisconnectException: null
2026-05-10 01:17:29 [INFO] [Consumer clientId=consumer-school-group-2, groupId=school-group] Node 0 disconnected.
2026-05-10 01:17:29 [WARN] [Consumer clientId=consumer-school-group-2, groupId=school-group] Connection to node 0 (DESKTOP-8IHU6CM/192.168.56.1:9092) could not be established. Broker may not be available.
2026-05-10 01:17:32 [INFO] [Consumer clientId=consumer-school-group-2, groupId=school-group] Node 0 disconnected.
2026-05-10 01:17:32 [WARN] [Consumer clientId=consumer-school-group-2, groupId=school-group] Connection to node 0 (DESKTOP-8IHU6CM/192.168.137.1:9092) could not be established. Broker may not be available.
2026-05-10 01:17:32 [INFO] [Consumer clientId=consumer-school-group-2, groupId=school-group] Error sending fetch request (sessionId=1999736093, epoch=INITIAL) to node 0:
org.apache.kafka.common.errors.DisconnectException: null
2026-05-10 01:17:35 [INFO] [Consumer clientId=consumer-school-group-2, groupId=school-group] Node 0 disconnected.
2026-05-10 01:17:35 [WARN] [Consumer clientId=consumer-school-group-2, groupId=school-group] Connection to node 0 (DESKTOP-8IHU6CM/192.168.1.9:9092) could not be established. Broker may not be available.
2026-05-10 01:17:38 [INFO] [Consumer clientId=consumer-school-group-2, groupId=school-group] Node 0 disconnected.
2026-05-10 01:17:38 [WARN] [Consumer clientId=consumer-school-group-2, groupId=school-group] Connection to node 0 (DESKTOP-8IHU6CM/192.168.56.1:9092) could not be established. Broker may not be available.
2026-05-10 01:17:41 [INFO] [Consumer clientId=consumer-school-group-2, groupId=school-group] Node 0 disconnected.
2026-05-10 01:17:41 [WARN] [Consumer clientId=consumer-school-group-2, groupId=school-group] Connection to node 0 (DESKTOP-8IHU6CM/192.168.137.1:9092) could not be established. Broker may not be available.
2026-05-10 01:17:41 [INFO] [Consumer clientId=consumer-school-group-2, groupId=school-group] Error sending fetch request (sessionId=1999736093, epoch=INITIAL) to node 0:
org.apache.kafka.common.errors.DisconnectException: null
2026-05-10 01:17:44 [INFO] [Consumer clientId=consumer-school-group-2, groupId=school-group] Node 0 disconnected.
2026-05-10 01:17:44 [WARN] [Consumer clientId=consumer-school-group-2, groupId=school-group] Connection to node 0 (DESKTOP-8IHU6CM/192.168.1.9:9092) could not be established. Broker may not be available.
2026-05-10 01:17:47 [INFO] [Consumer clientId=consumer-school-group-2, groupId=school-group] Node 0 disconnected.
2026-05-10 01:17:47 [WARN] [Consumer clientId=consumer-school-group-2, groupId=school-group] Connection to node 0 (DESKTOP-8IHU6CM/192.168.56.1:9092) could not be established. Broker may not be available.
2026-05-10 01:17:47 [INFO] [Consumer clientId=consumer-school-group-2, groupId=school-group] Error sending fetch request (sessionId=1999736093, epoch=INITIAL) to node 0:
org.apache.kafka.common.errors.DisconnectException: null
2026-05-10 01:17:51 [INFO] [Consumer clientId=consumer-school-group-2, groupId=school-group] Node 0 disconnected.
2026-05-10 01:17:51 [WARN] [Consumer clientId=consumer-school-group-2, groupId=school-group] Connection to node 0 (DESKTOP-8IHU6CM/192.168.137.1:9092) could not be established. Broker may not be available.
2026-05-10 01:17:54 [INFO] [Consumer clientId=consumer-school-group-2, groupId=school-group] Node 0 disconnected.
2026-05-10 01:17:54 [WARN] [Consumer clientId=consumer-school-group-2, groupId=school-group] Connection to node 0 (DESKTOP-8IHU6CM/192.168.1.9:9092) could not be established. Broker may not be available.
2026-05-10 01:17:57 [INFO] [Consumer clientId=consumer-school-group-2, groupId=school-group] Node 0 disconnected.
2026-05-10 01:17:57 [WARN] [Consumer clientId=consumer-school-group-2, groupId=school-group] Connection to node 0 (DESKTOP-8IHU6CM/192.168.56.1:9092) could not be established. Broker may not be available.
2026-05-10 01:17:57 [INFO] [Consumer clientId=consumer-school-group-2, groupId=school-group] Error sending fetch request (sessionId=1999736093, epoch=INITIAL) to node 0:
org.apache.kafka.common.errors.DisconnectException: null
2026-05-10 01:18:00 [INFO] [Consumer clientId=consumer-school-group-2, groupId=school-group] Node 0 disconnected.
2026-05-10 01:18:00 [WARN] [Consumer clientId=consumer-school-group-2, groupId=school-group] Connection to node 0 (DESKTOP-8IHU6CM/192.168.137.1:9092) could not be established. Broker may not be available.
2026-05-10 01:18:03 [INFO] [Consumer clientId=consumer-school-group-2, groupId=school-group] Node 0 disconnected.
2026-05-10 01:18:03 [WARN] [Consumer clientId=consumer-school-group-2, groupId=school-group] Connection to node 0 (DESKTOP-8IHU6CM/192.168.1.9:9092) could not be established. Broker may not be available.
2026-05-10 01:18:06 [INFO] [Consumer clientId=consumer-school-group-2, groupId=school-group] Node 0 disconnected.
2026-05-10 01:18:06 [WARN] [Consumer clientId=consumer-school-group-2, groupId=school-group] Connection to node 0 (DESKTOP-8IHU6CM/192.168.56.1:9092) could not be established. Broker may not be available.
2026-05-10 01:18:06 [INFO] [Consumer clientId=consumer-school-group-2, groupId=school-group] Error sending fetch request (sessionId=1999736093, epoch=INITIAL) to node 0:
org.apache.kafka.common.errors.DisconnectException: null
2026-05-10 01:18:09 [INFO] [Consumer clientId=consumer-school-group-2, groupId=school-group] Node 0 disconnected.
2026-05-10 01:18:09 [WARN] [Consumer clientId=consumer-school-group-2, groupId=school-group] Connection to node 0 (DESKTOP-8IHU6CM/192.168.137.1:9092) could not be established. Broker may not be available.
2026-05-10 01:18:12 [INFO] [Consumer clientId=consumer-school-group-2, groupId=school-group] Node 0 disconnected.
2026-05-10 01:18:12 [WARN] [Consumer clientId=consumer-school-group-2, groupId=school-group] Connection to node 0 (DESKTOP-8IHU6CM/192.168.1.9:9092) could not be established. Broker may not be available.
2026-05-10 01:18:12 [INFO] [Consumer clientId=consumer-school-group-2, groupId=school-group] Error sending fetch request (sessionId=1999736093, epoch=INITIAL) to node 0:
org.apache.kafka.common.errors.DisconnectException: null
2026-05-10 01:18:15 [INFO] [Consumer clientId=consumer-school-group-2, groupId=school-group] Node 0 disconnected.
2026-05-10 01:18:15 [WARN] [Consumer clientId=consumer-school-group-2, groupId=school-group] Connection to node 0 (DESKTOP-8IHU6CM/192.168.56.1:9092) could not be established. Broker may not be available.
2026-05-10 01:18:18 [INFO] [Consumer clientId=consumer-school-group-2, groupId=school-group] Node 0 disconnected.
2026-05-10 01:18:18 [WARN] [Consumer clientId=consumer-school-group-2, groupId=school-group] Connection to node 0 (DESKTOP-8IHU6CM/192.168.137.1:9092) could not be established. Broker may not be available.
2026-05-10 01:18:21 [INFO] [Consumer clientId=consumer-school-group-2, groupId=school-group] Node 0 disconnected.
2026-05-10 01:18:21 [WARN] [Consumer clientId=consumer-school-group-2, groupId=school-group] Connection to node 0 (DESKTOP-8IHU6CM/192.168.1.9:9092) could not be established. Broker may not be available.
2026-05-10 01:18:21 [INFO] [Consumer clientId=consumer-school-group-2, groupId=school-group] Error sending fetch request (sessionId=1999736093, epoch=INITIAL) to node 0:
org.apache.kafka.common.errors.DisconnectException: null
2026-05-10 01:18:24 [INFO] [Consumer clientId=consumer-school-group-2, groupId=school-group] Node 0 disconnected.
2026-05-10 01:18:24 [WARN] [Consumer clientId=consumer-school-group-2, groupId=school-group] Connection to node 0 (DESKTOP-8IHU6CM/192.168.56.1:9092) could not be established. Broker may not be available.
2026-05-10 01:18:28 [INFO] [Consumer clientId=consumer-school-group-2, groupId=school-group] Node 0 disconnected.
2026-05-10 01:18:28 [WARN] [Consumer clientId=consumer-school-group-2, groupId=school-group] Connection to node 0 (DESKTOP-8IHU6CM/192.168.137.1:9092) could not be established. Broker may not be available.
2026-05-10 01:18:28 [INFO] [Consumer clientId=consumer-school-group-2, groupId=school-group] Error sending fetch request (sessionId=1999736093, epoch=INITIAL) to node 0:
org.apache.kafka.common.errors.DisconnectException: null
2026-05-10 01:18:31 [INFO] [Consumer clientId=consumer-school-group-2, groupId=school-group] Node 0 disconnected.
2026-05-10 01:18:31 [WARN] [Consumer clientId=consumer-school-group-2, groupId=school-group] Connection to node 0 (DESKTOP-8IHU6CM/192.168.1.9:9092) could not be established. Broker may not be available.
2026-05-10 01:18:31 [INFO] [Consumer clientId=consumer-school-group-2, groupId=school-group] Error sending fetch request (sessionId=1999736093, epoch=INITIAL) to node 0:
org.apache.kafka.common.errors.DisconnectException: null
2026-05-10 01:18:34 [INFO] [Consumer clientId=consumer-school-group-2, groupId=school-group] Node 0 disconnected.
2026-05-10 01:18:34 [WARN] [Consumer clientId=consumer-school-group-2, groupId=school-group] Connection to node 0 (DESKTOP-8IHU6CM/192.168.56.1:9092) could not be established. Broker may not be available.
2026-05-10 01:18:37 [INFO] [Consumer clientId=consumer-school-group-2, groupId=school-group] Node 0 disconnected.
2026-05-10 01:18:37 [WARN] [Consumer clientId=consumer-school-group-2, groupId=school-group] Connection to node 0 (DESKTOP-8IHU6CM/192.168.137.1:9092) could not be established. Broker may not be available.
2026-05-10 01:18:37 [INFO] [Consumer clientId=consumer-school-group-2, groupId=school-group] Error sending fetch request (sessionId=1999736093, epoch=INITIAL) to node 0:
org.apache.kafka.common.errors.DisconnectException: null
2026-05-10 01:18:40 [INFO] [Consumer clientId=consumer-school-group-2, groupId=school-group] Node 0 disconnected.
2026-05-10 01:18:40 [WARN] [Consumer clientId=consumer-school-group-2, groupId=school-group] Connection to node 0 (DESKTOP-8IHU6CM/192.168.1.9:9092) could not be established. Broker may not be available.
2026-05-10 01:18:43 [INFO] [Consumer clientId=consumer-school-group-2, groupId=school-group] Node 0 disconnected.
2026-05-10 01:18:43 [WARN] [Consumer clientId=consumer-school-group-2, groupId=school-group] Connection to node 0 (DESKTOP-8IHU6CM/192.168.56.1:9092) could not be established. Broker may not be available.
2026-05-10 01:18:47 [INFO] [Consumer clientId=consumer-school-group-2, groupId=school-group] Node 0 disconnected.
2026-05-10 01:18:47 [WARN] [Consumer clientId=consumer-school-group-2, groupId=school-group] Connection to node 0 (DESKTOP-8IHU6CM/192.168.137.1:9092) could not be established. Broker may not be available.
2026-05-10 01:18:47 [INFO] [Consumer clientId=consumer-school-group-2, groupId=school-group] Error sending fetch request (sessionId=1999736093, epoch=INITIAL) to node 0:
org.apache.kafka.common.errors.DisconnectException: null
2026-05-10 01:18:50 [INFO] [Consumer clientId=consumer-school-group-2, groupId=school-group] Node 0 disconnected.
2026-05-10 01:18:50 [WARN] [Consumer clientId=consumer-school-group-2, groupId=school-group] Connection to node 0 (DESKTOP-8IHU6CM/192.168.1.9:9092) could not be established. Broker may not be available.
2026-05-10 01:18:53 [INFO] [Consumer clientId=consumer-school-group-2, groupId=school-group] Node 0 disconnected.
2026-05-10 01:18:53 [WARN] [Consumer clientId=consumer-school-group-2, groupId=school-group] Connection to node 0 (DESKTOP-8IHU6CM/192.168.56.1:9092) could not be established. Broker may not be available.
2026-05-10 01:18:53 [INFO] [Consumer clientId=consumer-school-group-2, groupId=school-group] Error sending fetch request (sessionId=1999736093, epoch=INITIAL) to node 0:
org.apache.kafka.common.errors.DisconnectException: null
2026-05-10 01:18:56 [INFO] [Consumer clientId=consumer-school-group-2, groupId=school-group] Node 0 disconnected.
2026-05-10 01:18:56 [WARN] [Consumer clientId=consumer-school-group-2, groupId=school-group] Connection to node 0 (DESKTOP-8IHU6CM/192.168.137.1:9092) could not be established. Broker may not be available.
2026-05-10 01:18:56 [INFO] [Consumer clientId=consumer-school-group-2, groupId=school-group] Error sending fetch request (sessionId=1999736093, epoch=INITIAL) to node 0:
org.apache.kafka.common.errors.DisconnectException: null
2026-05-10 01:18:59 [INFO] [Consumer clientId=consumer-school-group-2, groupId=school-group] Node 0 disconnected.
2026-05-10 01:18:59 [WARN] [Consumer clientId=consumer-school-group-2, groupId=school-group] Connection to node 0 (DESKTOP-8IHU6CM/192.168.1.9:9092) could not be established. Broker may not be available.
2026-05-10 01:19:02 [INFO] [Consumer clientId=consumer-school-group-2, groupId=school-group] Node 0 disconnected.
2026-05-10 01:19:02 [WARN] [Consumer clientId=consumer-school-group-2, groupId=school-group] Connection to node 0 (DESKTOP-8IHU6CM/192.168.56.1:9092) could not be established. Broker may not be available.
2026-05-10 01:19:02 [INFO] [Consumer clientId=consumer-school-group-2, groupId=school-group] Error sending fetch request (sessionId=1999736093, epoch=INITIAL) to node 0:
org.apache.kafka.common.errors.DisconnectException: null
2026-05-10 01:19:05 [INFO] [Consumer clientId=consumer-school-group-2, groupId=school-group] Node 0 disconnected.
2026-05-10 01:19:05 [WARN] [Consumer clientId=consumer-school-group-2, groupId=school-group] Connection to node 0 (DESKTOP-8IHU6CM/192.168.137.1:9092) could not be established. Broker may not be available.
2026-05-10 01:19:08 [INFO] [Consumer clientId=consumer-school-group-2, groupId=school-group] Node 0 disconnected.
2026-05-10 01:19:08 [WARN] [Consumer clientId=consumer-school-group-2, groupId=school-group] Connection to node 0 (DESKTOP-8IHU6CM/192.168.1.9:9092) could not be established. Broker may not be available.
2026-05-10 01:19:11 [INFO] [Consumer clientId=consumer-school-group-2, groupId=school-group] Node 0 disconnected.
2026-05-10 01:19:11 [WARN] [Consumer clientId=consumer-school-group-2, groupId=school-group] Connection to node 0 (DESKTOP-8IHU6CM/192.168.56.1:9092) could not be established. Broker may not be available.
2026-05-10 01:19:11 [INFO] [Consumer clientId=consumer-school-group-2, groupId=school-group] Error sending fetch request (sessionId=1999736093, epoch=INITIAL) to node 0:
org.apache.kafka.common.errors.DisconnectException: null
2026-05-10 01:19:14 [INFO] [Consumer clientId=consumer-school-group-2, groupId=school-group] Node 0 disconnected.
2026-05-10 01:19:14 [WARN] [Consumer clientId=consumer-school-group-2, groupId=school-group] Connection to node 0 (DESKTOP-8IHU6CM/192.168.137.1:9092) could not be established. Broker may not be available.
2026-05-10 01:19:17 [INFO] [Consumer clientId=consumer-school-group-2, groupId=school-group] Node 0 disconnected.
2026-05-10 01:19:17 [WARN] [Consumer clientId=consumer-school-group-2, groupId=school-group] Connection to node 0 (DESKTOP-8IHU6CM/192.168.1.9:9092) could not be established. Broker may not be available.
2026-05-10 01:19:17 [INFO] [Consumer clientId=consumer-school-group-2, groupId=school-group] Error sending fetch request (sessionId=1999736093, epoch=INITIAL) to node 0:
org.apache.kafka.common.errors.DisconnectException: null
2026-05-10 01:19:20 [INFO] [Consumer clientId=consumer-school-group-2, groupId=school-group] Node 0 disconnected.
2026-05-10 01:19:20 [WARN] [Consumer clientId=consumer-school-group-2, groupId=school-group] Connection to node 0 (DESKTOP-8IHU6CM/192.168.56.1:9092) could not be established. Broker may not be available.
2026-05-10 01:19:23 [INFO] [Consumer clientId=consumer-school-group-2, groupId=school-group] Node 0 disconnected.
2026-05-10 01:19:23 [WARN] [Consumer clientId=consumer-school-group-2, groupId=school-group] Connection to node 0 (DESKTOP-8IHU6CM/192.168.137.1:9092) could not be established. Broker may not be available.
2026-05-10 01:19:26 [INFO] [Consumer clientId=consumer-school-group-2, groupId=school-group] Node 0 disconnected.
2026-05-10 01:19:26 [WARN] [Consumer clientId=consumer-school-group-2, groupId=school-group] Connection to node 0 (DESKTOP-8IHU6CM/192.168.1.9:9092) could not be established. Broker may not be available.
2026-05-10 01:19:26 [INFO] [Consumer clientId=consumer-school-group-2, groupId=school-group] Error sending fetch request (sessionId=1999736093, epoch=INITIAL) to node 0:
org.apache.kafka.common.errors.DisconnectException: null
2026-05-10 01:19:30 [INFO] [Consumer clientId=consumer-school-group-2, groupId=school-group] Node 0 disconnected.
2026-05-10 01:19:30 [WARN] [Consumer clientId=consumer-school-group-2, groupId=school-group] Connection to node 0 (DESKTOP-8IHU6CM/192.168.56.1:9092) could not be established. Broker may not be available.
2026-05-10 01:19:33 [INFO] [Consumer clientId=consumer-school-group-2, groupId=school-group] Node 0 disconnected.
2026-05-10 01:19:33 [WARN] [Consumer clientId=consumer-school-group-2, groupId=school-group] Connection to node 0 (DESKTOP-8IHU6CM/192.168.137.1:9092) could not be established. Broker may not be available.
2026-05-10 01:19:33 [INFO] [Consumer clientId=consumer-school-group-2, groupId=school-group] Error sending fetch request (sessionId=1999736093, epoch=INITIAL) to node 0:
org.apache.kafka.common.errors.DisconnectException: null
2026-05-10 01:19:36 [INFO] [Consumer clientId=consumer-school-group-2, groupId=school-group] Node 0 disconnected.
2026-05-10 01:19:36 [WARN] [Consumer clientId=consumer-school-group-2, groupId=school-group] Connection to node 0 (DESKTOP-8IHU6CM/192.168.1.9:9092) could not be established. Broker may not be available.
2026-05-10 01:19:36 [INFO] [Consumer clientId=consumer-school-group-2, groupId=school-group] Error sending fetch request (sessionId=1999736093, epoch=INITIAL) to node 0:
org.apache.kafka.common.errors.DisconnectException: null
2026-05-10 01:19:39 [INFO] [Consumer clientId=consumer-school-group-2, groupId=school-group] Node 0 disconnected.
2026-05-10 01:19:39 [WARN] [Consumer clientId=consumer-school-group-2, groupId=school-group] Connection to node 0 (DESKTOP-8IHU6CM/192.168.56.1:9092) could not be established. Broker may not be available.
2026-05-10 01:19:42 [INFO] [Consumer clientId=consumer-school-group-2, groupId=school-group] Node 0 disconnected.
2026-05-10 01:19:42 [WARN] [Consumer clientId=consumer-school-group-2, groupId=school-group] Connection to node 0 (DESKTOP-8IHU6CM/192.168.137.1:9092) could not be established. Broker may not be available.
2026-05-10 01:19:42 [INFO] [Consumer clientId=consumer-school-group-2, groupId=school-group] Error sending fetch request (sessionId=1999736093, epoch=INITIAL) to node 0:
org.apache.kafka.common.errors.DisconnectException: null
2026-05-10 01:19:45 [INFO] [Consumer clientId=consumer-school-group-2, groupId=school-group] Node 0 disconnected.
2026-05-10 01:19:45 [WARN] [Consumer clientId=consumer-school-group-2, groupId=school-group] Connection to node 0 (DESKTOP-8IHU6CM/192.168.1.9:9092) could not be established. Broker may not be available.
2026-05-10 01:19:48 [INFO] [Consumer clientId=consumer-school-group-2, groupId=school-group] Node 0 disconnected.
2026-05-10 01:19:48 [WARN] [Consumer clientId=consumer-school-group-2, groupId=school-group] Connection to node 0 (DESKTOP-8IHU6CM/192.168.56.1:9092) could not be established. Broker may not be available.
2026-05-10 01:19:51 [INFO] [Consumer clientId=consumer-school-group-2, groupId=school-group] Node 0 disconnected.
2026-05-10 01:19:51 [WARN] [Consumer clientId=consumer-school-group-2, groupId=school-group] Connection to node 0 (DESKTOP-8IHU6CM/192.168.137.1:9092) could not be established. Broker may not be available.
2026-05-10 01:19:51 [INFO] [Consumer clientId=consumer-school-group-2, groupId=school-group] Error sending fetch request (sessionId=1999736093, epoch=INITIAL) to node 0:
org.apache.kafka.common.errors.DisconnectException: null
2026-05-10 01:19:54 [INFO] [Consumer clientId=consumer-school-group-2, groupId=school-group] Node 0 disconnected.
2026-05-10 01:19:54 [WARN] [Consumer clientId=consumer-school-group-2, groupId=school-group] Connection to node 0 (DESKTOP-8IHU6CM/192.168.1.9:9092) could not be established. Broker may not be available.
2026-05-10 01:19:57 [INFO] [Consumer clientId=consumer-school-group-2, groupId=school-group] Node 0 disconnected.
2026-05-10 01:19:57 [WARN] [Consumer clientId=consumer-school-group-2, groupId=school-group] Connection to node 0 (DESKTOP-8IHU6CM/192.168.56.1:9092) could not be established. Broker may not be available.
2026-05-10 01:19:57 [INFO] [Consumer clientId=consumer-school-group-2, groupId=school-group] Error sending fetch request (sessionId=1999736093, epoch=INITIAL) to node 0:
org.apache.kafka.common.errors.DisconnectException: null
2026-05-10 01:20:00 [INFO] [Consumer clientId=consumer-school-group-2, groupId=school-group] Node 0 disconnected.
2026-05-10 01:20:00 [WARN] [Consumer clientId=consumer-school-group-2, groupId=school-group] Connection to node 0 (DESKTOP-8IHU6CM/192.168.137.1:9092) could not be established. Broker may not be available.
2026-05-10 01:20:03 [INFO] [Consumer clientId=consumer-school-group-2, groupId=school-group] Node 0 disconnected.
2026-05-10 01:20:03 [WARN] [Consumer clientId=consumer-school-group-2, groupId=school-group] Connection to node 0 (DESKTOP-8IHU6CM/192.168.1.9:9092) could not be established. Broker may not be available.
2026-05-10 01:20:06 [INFO] [Consumer clientId=consumer-school-group-2, groupId=school-group] Node 0 disconnected.
2026-05-10 01:20:06 [WARN] [Consumer clientId=consumer-school-group-2, groupId=school-group] Connection to node 0 (DESKTOP-8IHU6CM/192.168.56.1:9092) could not be established. Broker may not be available.
2026-05-10 01:20:06 [INFO] [Consumer clientId=consumer-school-group-2, groupId=school-group] Error sending fetch request (sessionId=1999736093, epoch=INITIAL) to node 0:
org.apache.kafka.common.errors.DisconnectException: null
2026-05-10 01:20:09 [INFO] [Consumer clientId=consumer-school-group-2, groupId=school-group] Node 0 disconnected.
2026-05-10 01:20:09 [WARN] [Consumer clientId=consumer-school-group-2, groupId=school-group] Connection to node 0 (DESKTOP-8IHU6CM/192.168.137.1:9092) could not be established. Broker may not be available.
2026-05-10 01:20:12 [INFO] [Consumer clientId=consumer-school-group-2, groupId=school-group] Node 0 disconnected.
2026-05-10 01:20:12 [WARN] [Consumer clientId=consumer-school-group-2, groupId=school-group] Connection to node 0 (DESKTOP-8IHU6CM/192.168.1.9:9092) could not be established. Broker may not be available.
2026-05-10 01:20:12 [INFO] [Consumer clientId=consumer-school-group-2, groupId=school-group] Error sending fetch request (sessionId=1999736093, epoch=INITIAL) to node 0:
org.apache.kafka.common.errors.DisconnectException: null
2026-05-10 01:20:16 [INFO] [Consumer clientId=consumer-school-group-2, groupId=school-group] Node 0 disconnected.
2026-05-10 01:20:16 [WARN] [Consumer clientId=consumer-school-group-2, groupId=school-group] Connection to node 0 (DESKTOP-8IHU6CM/192.168.56.1:9092) could not be established. Broker may not be available.
2026-05-10 01:20:19 [INFO] [Consumer clientId=consumer-school-group-2, groupId=school-group] Node 0 disconnected.
2026-05-10 01:20:19 [WARN] [Consumer clientId=consumer-school-group-2, groupId=school-group] Connection to node 0 (DESKTOP-8IHU6CM/192.168.137.1:9092) could not be established. Broker may not be available.
2026-05-10 01:20:22 [INFO] [Consumer clientId=consumer-school-group-2, groupId=school-group] Node 0 disconnected.
2026-05-10 01:20:22 [WARN] [Consumer clientId=consumer-school-group-2, groupId=school-group] Connection to node 0 (DESKTOP-8IHU6CM/192.168.1.9:9092) could not be established. Broker may not be available.
2026-05-10 01:20:22 [INFO] [Consumer clientId=consumer-school-group-2, groupId=school-group] Error sending fetch request (sessionId=1999736093, epoch=INITIAL) to node 0:
org.apache.kafka.common.errors.DisconnectException: null
2026-05-10 01:20:25 [INFO] [Consumer clientId=consumer-school-group-2, groupId=school-group] Node 0 disconnected.
2026-05-10 01:20:25 [WARN] [Consumer clientId=consumer-school-group-2, groupId=school-group] Connection to node 0 (DESKTOP-8IHU6CM/192.168.56.1:9092) could not be established. Broker may not be available.
2026-05-10 01:20:28 [INFO] [Consumer clientId=consumer-school-group-2, groupId=school-group] Node 0 disconnected.
2026-05-10 01:20:28 [WARN] [Consumer clientId=consumer-school-group-2, groupId=school-group] Connection to node 0 (DESKTOP-8IHU6CM/192.168.137.1:9092) could not be established. Broker may not be available.
2026-05-10 01:20:28 [INFO] [Consumer clientId=consumer-school-group-2, groupId=school-group] Error sending fetch request (sessionId=1999736093, epoch=INITIAL) to node 0:
org.apache.kafka.common.errors.DisconnectException: null
2026-05-10 01:20:31 [INFO] [Consumer clientId=consumer-school-group-2, groupId=school-group] Node 0 disconnected.
2026-05-10 01:20:31 [WARN] [Consumer clientId=consumer-school-group-2, groupId=school-group] Connection to node 0 (DESKTOP-8IHU6CM/192.168.1.9:9092) could not be established. Broker may not be available.
2026-05-10 01:20:34 [INFO] [Consumer clientId=consumer-school-group-2, groupId=school-group] Node 0 disconnected.
2026-05-10 01:20:34 [WARN] [Consumer clientId=consumer-school-group-2, groupId=school-group] Connection to node 0 (DESKTOP-8IHU6CM/192.168.56.1:9092) could not be established. Broker may not be available.
2026-05-10 01:20:37 [INFO] [Consumer clientId=consumer-school-group-2, groupId=school-group] Node 0 disconnected.
2026-05-10 01:20:37 [WARN] [Consumer clientId=consumer-school-group-2, groupId=school-group] Connection to node 0 (DESKTOP-8IHU6CM/192.168.137.1:9092) could not be established. Broker may not be available.
2026-05-10 01:20:37 [INFO] [Consumer clientId=consumer-school-group-2, groupId=school-group] Error sending fetch request (sessionId=1999736093, epoch=INITIAL) to node 0:
org.apache.kafka.common.errors.DisconnectException: null
2026-05-10 01:20:40 [INFO] [Consumer clientId=consumer-school-group-2, groupId=school-group] Node 0 disconnected.
2026-05-10 01:20:40 [WARN] [Consumer clientId=consumer-school-group-2, groupId=school-group] Connection to node 0 (DESKTOP-8IHU6CM/192.168.1.9:9092) could not be established. Broker may not be available.
2026-05-10 01:20:43 [INFO] [Consumer clientId=consumer-school-group-2, groupId=school-group] Node 0 disconnected.
2026-05-10 01:20:43 [WARN] [Consumer clientId=consumer-school-group-2, groupId=school-group] Connection to node 0 (DESKTOP-8IHU6CM/192.168.56.1:9092) could not be established. Broker may not be available.
2026-05-10 01:20:46 [INFO] [Consumer clientId=consumer-school-group-2, groupId=school-group] Node 0 disconnected.
2026-05-10 01:20:46 [WARN] [Consumer clientId=consumer-school-group-2, groupId=school-group] Connection to node 0 (DESKTOP-8IHU6CM/192.168.137.1:9092) could not be established. Broker may not be available.
2026-05-10 01:20:46 [INFO] [Consumer clientId=consumer-school-group-2, groupId=school-group] Error sending fetch request (sessionId=1999736093, epoch=INITIAL) to node 0:
org.apache.kafka.common.errors.DisconnectException: null
2026-05-10 01:20:49 [INFO] [Consumer clientId=consumer-school-group-2, groupId=school-group] Node 0 disconnected.
2026-05-10 01:20:49 [WARN] [Consumer clientId=consumer-school-group-2, groupId=school-group] Connection to node 0 (DESKTOP-8IHU6CM/192.168.1.9:9092) could not be established. Broker may not be available.
2026-05-10 01:20:52 [INFO] [Consumer clientId=consumer-school-group-2, groupId=school-group] Node 0 disconnected.
2026-05-10 01:20:52 [WARN] [Consumer clientId=consumer-school-group-2, groupId=school-group] Connection to node 0 (DESKTOP-8IHU6CM/192.168.56.1:9092) could not be established. Broker may not be available.
2026-05-10 01:20:52 [INFO] [Consumer clientId=consumer-school-group-2, groupId=school-group] Error sending fetch request (sessionId=1999736093, epoch=INITIAL) to node 0:
org.apache.kafka.common.errors.DisconnectException: null
2026-05-10 01:20:56 [INFO] [Consumer clientId=consumer-school-group-2, groupId=school-group] Node 0 disconnected.
2026-05-10 01:20:56 [WARN] [Consumer clientId=consumer-school-group-2, groupId=school-group] Connection to node 0 (DESKTOP-8IHU6CM/192.168.137.1:9092) could not be established. Broker may not be available.
2026-05-10 01:20:59 [INFO] [Consumer clientId=consumer-school-group-2, groupId=school-group] Node 0 disconnected.
2026-05-10 01:20:59 [WARN] [Consumer clientId=consumer-school-group-2, groupId=school-group] Connection to node 0 (DESKTOP-8IHU6CM/192.168.1.9:9092) could not be established. Broker may not be available.
2026-05-10 01:21:02 [INFO] [Consumer clientId=consumer-school-group-2, groupId=school-group] Node 0 disconnected.
2026-05-10 01:21:02 [WARN] [Consumer clientId=consumer-school-group-2, groupId=school-group] Connection to node 0 (DESKTOP-8IHU6CM/192.168.56.1:9092) could not be established. Broker may not be available.
2026-05-10 01:21:02 [INFO] [Consumer clientId=consumer-school-group-2, groupId=school-group] Error sending fetch request (sessionId=1999736093, epoch=INITIAL) to node 0:
org.apache.kafka.common.errors.DisconnectException: null
2026-05-10 01:21:05 [INFO] [Consumer clientId=consumer-school-group-2, groupId=school-group] Node 0 disconnected.
2026-05-10 01:21:05 [WARN] [Consumer clientId=consumer-school-group-2, groupId=school-group] Connection to node 0 (DESKTOP-8IHU6CM/192.168.137.1:9092) could not be established. Broker may not be available.
2026-05-10 01:21:08 [INFO] [Consumer clientId=consumer-school-group-2, groupId=school-group] Node 0 disconnected.
2026-05-10 01:21:08 [WARN] [Consumer clientId=consumer-school-group-2, groupId=school-group] Connection to node 0 (DESKTOP-8IHU6CM/192.168.1.9:9092) could not be established. Broker may not be available.
2026-05-10 01:21:11 [INFO] [Consumer clientId=consumer-school-group-2, groupId=school-group] Node 0 disconnected.
2026-05-10 01:21:11 [WARN] [Consumer clientId=consumer-school-group-2, groupId=school-group] Connection to node 0 (DESKTOP-8IHU6CM/192.168.56.1:9092) could not be established. Broker may not be available.
2026-05-10 01:21:11 [INFO] [Consumer clientId=consumer-school-group-2, groupId=school-group] Error sending fetch request (sessionId=1999736093, epoch=INITIAL) to node 0:
org.apache.kafka.common.errors.DisconnectException: null
2026-05-10 01:21:14 [INFO] [Consumer clientId=consumer-school-group-2, groupId=school-group] Node 0 disconnected.
2026-05-10 01:21:14 [WARN] [Consumer clientId=consumer-school-group-2, groupId=school-group] Connection to node 0 (DESKTOP-8IHU6CM/192.168.137.1:9092) could not be established. Broker may not be available.
2026-05-10 01:21:17 [INFO] [Consumer clientId=consumer-school-group-2, groupId=school-group] Node 0 disconnected.
2026-05-10 01:21:17 [WARN] [Consumer clientId=consumer-school-group-2, groupId=school-group] Connection to node 0 (DESKTOP-8IHU6CM/192.168.1.9:9092) could not be established. Broker may not be available.
2026-05-10 01:21:17 [INFO] [Consumer clientId=consumer-school-group-2, groupId=school-group] Error sending fetch request (sessionId=1999736093, epoch=INITIAL) to node 0:
org.apache.kafka.common.errors.DisconnectException: null
2026-05-10 01:21:20 [INFO] [Consumer clientId=consumer-school-group-2, groupId=school-group] Node 0 disconnected.
2026-05-10 01:21:20 [WARN] [Consumer clientId=consumer-school-group-2, groupId=school-group] Connection to node 0 (DESKTOP-8IHU6CM/192.168.56.1:9092) could not be established. Broker may not be available.
2026-05-10 01:21:23 [INFO] [Consumer clientId=consumer-school-group-2, groupId=school-group] Node 0 disconnected.
2026-05-10 01:21:23 [WARN] [Consumer clientId=consumer-school-group-2, groupId=school-group] Connection to node 0 (DESKTOP-8IHU6CM/192.168.137.1:9092) could not be established. Broker may not be available.
2026-05-10 01:21:23 [INFO] [Consumer clientId=consumer-school-group-2, groupId=school-group] Error sending fetch request (sessionId=1999736093, epoch=INITIAL) to node 0:
org.apache.kafka.common.errors.DisconnectException: null
2026-05-10 01:21:26 [INFO] [Consumer clientId=consumer-school-group-2, groupId=school-group] Node 0 disconnected.
2026-05-10 01:21:26 [WARN] [Consumer clientId=consumer-school-group-2, groupId=school-group] Connection to node 0 (DESKTOP-8IHU6CM/192.168.1.9:9092) could not be established. Broker may not be available.
2026-05-10 01:21:26 [INFO] [Consumer clientId=consumer-school-group-2, groupId=school-group] Error sending fetch request (sessionId=1999736093, epoch=INITIAL) to node 0:
org.apache.kafka.common.errors.DisconnectException: null
2026-05-10 01:21:29 [INFO] [Consumer clientId=consumer-school-group-2, groupId=school-group] Node 0 disconnected.
2026-05-10 01:21:29 [WARN] [Consumer clientId=consumer-school-group-2, groupId=school-group] Connection to node 0 (DESKTOP-8IHU6CM/192.168.56.1:9092) could not be established. Broker may not be available.
2026-05-10 01:21:32 [INFO] [Consumer clientId=consumer-school-group-2, groupId=school-group] Node 0 disconnected.
2026-05-10 01:21:32 [WARN] [Consumer clientId=consumer-school-group-2, groupId=school-group] Connection to node 0 (DESKTOP-8IHU6CM/192.168.137.1:9092) could not be established. Broker may not be available.
2026-05-10 01:21:32 [INFO] [Consumer clientId=consumer-school-group-2, groupId=school-group] Error sending fetch request (sessionId=1999736093, epoch=INITIAL) to node 0:
org.apache.kafka.common.errors.DisconnectException: null
2026-05-10 01:21:35 [INFO] [Consumer clientId=consumer-school-group-2, groupId=school-group] Node 0 disconnected.
2026-05-10 01:21:35 [WARN] [Consumer clientId=consumer-school-group-2, groupId=school-group] Connection to node 0 (DESKTOP-8IHU6CM/192.168.1.9:9092) could not be established. Broker may not be available.
2026-05-10 01:21:38 [INFO] [Consumer clientId=consumer-school-group-2, groupId=school-group] Node 0 disconnected.
2026-05-10 01:21:38 [WARN] [Consumer clientId=consumer-school-group-2, groupId=school-group] Connection to node 0 (DESKTOP-8IHU6CM/192.168.56.1:9092) could not be established. Broker may not be available.
2026-05-10 01:21:41 [INFO] [Consumer clientId=consumer-school-group-2, groupId=school-group] Node 0 disconnected.
2026-05-10 01:21:41 [WARN] [Consumer clientId=consumer-school-group-2, groupId=school-group] Connection to node 0 (DESKTOP-8IHU6CM/192.168.137.1:9092) could not be established. Broker may not be available.
2026-05-10 01:21:41 [INFO] [Consumer clientId=consumer-school-group-2, groupId=school-group] Error sending fetch request (sessionId=1999736093, epoch=INITIAL) to node 0:
org.apache.kafka.common.errors.DisconnectException: null
2026-05-10 01:21:44 [INFO] [Consumer clientId=consumer-school-group-2, groupId=school-group] Node 0 disconnected.
2026-05-10 01:21:44 [WARN] [Consumer clientId=consumer-school-group-2, groupId=school-group] Connection to node 0 (DESKTOP-8IHU6CM/192.168.1.9:9092) could not be established. Broker may not be available.
2026-05-10 01:21:47 [INFO] [Consumer clientId=consumer-school-group-2, groupId=school-group] Node 0 disconnected.
2026-05-10 01:21:47 [WARN] [Consumer clientId=consumer-school-group-2, groupId=school-group] Connection to node 0 (DESKTOP-8IHU6CM/192.168.56.1:9092) could not be established. Broker may not be available.
2026-05-10 01:21:47 [INFO] [Consumer clientId=consumer-school-group-2, groupId=school-group] Error sending fetch request (sessionId=1999736093, epoch=INITIAL) to node 0:
org.apache.kafka.common.errors.DisconnectException: null
2026-05-10 01:21:50 [INFO] [Consumer clientId=consumer-school-group-2, groupId=school-group] Node 0 disconnected.
2026-05-10 01:21:50 [WARN] [Consumer clientId=consumer-school-group-2, groupId=school-group] Connection to node 0 (DESKTOP-8IHU6CM/192.168.137.1:9092) could not be established. Broker may not be available.
2026-05-10 01:21:53 [INFO] [Consumer clientId=consumer-school-group-2, groupId=school-group] Node 0 disconnected.
2026-05-10 01:21:53 [WARN] [Consumer clientId=consumer-school-group-2, groupId=school-group] Connection to node 0 (DESKTOP-8IHU6CM/192.168.1.9:9092) could not be established. Broker may not be available.
2026-05-10 01:21:57 [INFO] [Consumer clientId=consumer-school-group-2, groupId=school-group] Node 0 disconnected.
2026-05-10 01:21:57 [WARN] [Consumer clientId=consumer-school-group-2, groupId=school-group] Connection to node 0 (DESKTOP-8IHU6CM/192.168.56.1:9092) could not be established. Broker may not be available.
2026-05-10 01:21:57 [INFO] [Consumer clientId=consumer-school-group-2, groupId=school-group] Error sending fetch request (sessionId=1999736093, epoch=INITIAL) to node 0:
org.apache.kafka.common.errors.DisconnectException: null
2026-05-10 01:22:00 [INFO] [Consumer clientId=consumer-school-group-2, groupId=school-group] Node 0 disconnected.
2026-05-10 01:22:00 [WARN] [Consumer clientId=consumer-school-group-2, groupId=school-group] Connection to node 0 (DESKTOP-8IHU6CM/192.168.137.1:9092) could not be established. Broker may not be available.
2026-05-10 01:22:03 [INFO] [Consumer clientId=consumer-school-group-2, groupId=school-group] Node 0 disconnected.
2026-05-10 01:22:03 [WARN] [Consumer clientId=consumer-school-group-2, groupId=school-group] Connection to node 0 (DESKTOP-8IHU6CM/192.168.1.9:9092) could not be established. Broker may not be available.
2026-05-10 01:22:03 [INFO] [Consumer clientId=consumer-school-group-2, groupId=school-group] Error sending fetch request (sessionId=1999736093, epoch=INITIAL) to node 0:
org.apache.kafka.common.errors.DisconnectException: null
2026-05-10 01:22:06 [INFO] [Consumer clientId=consumer-school-group-2, groupId=school-group] Node 0 disconnected.
2026-05-10 01:22:06 [WARN] [Consumer clientId=consumer-school-group-2, groupId=school-group] Connection to node 0 (DESKTOP-8IHU6CM/192.168.56.1:9092) could not be established. Broker may not be available.
2026-05-10 01:22:09 [INFO] [Consumer clientId=consumer-school-group-2, groupId=school-group] Node 0 disconnected.
2026-05-10 01:22:09 [WARN] [Consumer clientId=consumer-school-group-2, groupId=school-group] Connection to node 0 (DESKTOP-8IHU6CM/192.168.137.1:9092) could not be established. Broker may not be available.
2026-05-10 01:22:12 [INFO] [Consumer clientId=consumer-school-group-2, groupId=school-group] Node 0 disconnected.
2026-05-10 01:22:12 [WARN] [Consumer clientId=consumer-school-group-2, groupId=school-group] Connection to node 0 (DESKTOP-8IHU6CM/192.168.1.9:9092) could not be established. Broker may not be available.
2026-05-10 01:22:12 [INFO] [Consumer clientId=consumer-school-group-2, groupId=school-group] Error sending fetch request (sessionId=1999736093, epoch=INITIAL) to node 0:
org.apache.kafka.common.errors.DisconnectException: null
2026-05-10 01:22:15 [INFO] [Consumer clientId=consumer-school-group-2, groupId=school-group] Node 0 disconnected.
2026-05-10 01:22:15 [WARN] [Consumer clientId=consumer-school-group-2, groupId=school-group] Connection to node 0 (DESKTOP-8IHU6CM/192.168.56.1:9092) could not be established. Broker may not be available.
2026-05-10 01:22:18 [INFO] [Consumer clientId=consumer-school-group-2, groupId=school-group] Node 0 disconnected.
2026-05-10 01:22:18 [WARN] [Consumer clientId=consumer-school-group-2, groupId=school-group] Connection to node 0 (DESKTOP-8IHU6CM/192.168.137.1:9092) could not be established. Broker may not be available.
2026-05-10 01:22:18 [INFO] [Consumer clientId=consumer-school-group-2, groupId=school-group] Error sending fetch request (sessionId=1999736093, epoch=INITIAL) to node 0:
org.apache.kafka.common.errors.DisconnectException: null
2026-05-10 01:22:21 [INFO] [Consumer clientId=consumer-school-group-2, groupId=school-group] Node 0 disconnected.
2026-05-10 01:22:21 [WARN] [Consumer clientId=consumer-school-group-2, groupId=school-group] Connection to node 0 (DESKTOP-8IHU6CM/192.168.1.9:9092) could not be established. Broker may not be available.
2026-05-10 01:22:21 [INFO] [Consumer clientId=consumer-school-group-2, groupId=school-group] Error sending fetch request (sessionId=1999736093, epoch=INITIAL) to node 0:
org.apache.kafka.common.errors.DisconnectException: null
2026-05-10 01:22:24 [INFO] [Consumer clientId=consumer-school-group-2, groupId=school-group] Node 0 disconnected.
2026-05-10 01:22:24 [WARN] [Consumer clientId=consumer-school-group-2, groupId=school-group] Connection to node 0 (DESKTOP-8IHU6CM/192.168.56.1:9092) could not be established. Broker may not be available.
2026-05-10 01:22:27 [INFO] [Consumer clientId=consumer-school-group-2, groupId=school-group] Node 0 disconnected.
2026-05-10 01:22:27 [WARN] [Consumer clientId=consumer-school-group-2, groupId=school-group] Connection to node 0 (DESKTOP-8IHU6CM/192.168.137.1:9092) could not be established. Broker may not be available.
2026-05-10 01:22:27 [INFO] [Consumer clientId=consumer-school-group-2, groupId=school-group] Error sending fetch request (sessionId=1999736093, epoch=INITIAL) to node 0:
org.apache.kafka.common.errors.DisconnectException: null
2026-05-10 01:22:30 [INFO] [Consumer clientId=consumer-school-group-2, groupId=school-group] Node 0 disconnected.
2026-05-10 01:22:30 [WARN] [Consumer clientId=consumer-school-group-2, groupId=school-group] Connection to node 0 (DESKTOP-8IHU6CM/192.168.1.9:9092) could not be established. Broker may not be available.
2026-05-10 01:22:33 [INFO] [Consumer clientId=consumer-school-group-2, groupId=school-group] Node 0 disconnected.
2026-05-10 01:22:33 [WARN] [Consumer clientId=consumer-school-group-2, groupId=school-group] Connection to node 0 (DESKTOP-8IHU6CM/192.168.56.1:9092) could not be established. Broker may not be available.
2026-05-10 01:22:36 [INFO] [Consumer clientId=consumer-school-group-2, groupId=school-group] Node 0 disconnected.
2026-05-10 01:22:36 [WARN] [Consumer clientId=consumer-school-group-2, groupId=school-group] Connection to node 0 (DESKTOP-8IHU6CM/192.168.137.1:9092) could not be established. Broker may not be available.
2026-05-10 01:22:36 [INFO] [Consumer clientId=consumer-school-group-2, groupId=school-group] Error sending fetch request (sessionId=1999736093, epoch=INITIAL) to node 0:
org.apache.kafka.common.errors.DisconnectException: null
2026-05-10 01:22:40 [INFO] [Consumer clientId=consumer-school-group-2, groupId=school-group] Node 0 disconnected.
2026-05-10 01:22:40 [WARN] [Consumer clientId=consumer-school-group-2, groupId=school-group] Connection to node 0 (DESKTOP-8IHU6CM/192.168.1.9:9092) could not be established. Broker may not be available.
2026-05-10 01:22:42 [INFO] [Consumer clientId=consumer-school-group-2, groupId=school-group] Node 0 disconnected.
2026-05-10 01:22:42 [WARN] [Consumer clientId=consumer-school-group-2, groupId=school-group] Connection to node 0 (DESKTOP-8IHU6CM/192.168.56.1:9092) could not be established. Broker may not be available.
2026-05-10 01:22:42 [INFO] [Consumer clientId=consumer-school-group-2, groupId=school-group] Error sending fetch request (sessionId=1999736093, epoch=INITIAL) to node 0:
org.apache.kafka.common.errors.DisconnectException: null
2026-05-10 01:22:45 [INFO] [Consumer clientId=consumer-school-group-2, groupId=school-group] Node 0 disconnected.
2026-05-10 01:22:45 [WARN] [Consumer clientId=consumer-school-group-2, groupId=school-group] Connection to node 0 (DESKTOP-8IHU6CM/192.168.137.1:9092) could not be established. Broker may not be available.
2026-05-10 01:22:48 [INFO] [Consumer clientId=consumer-school-group-2, groupId=school-group] Node 0 disconnected.
2026-05-10 01:22:48 [WARN] [Consumer clientId=consumer-school-group-2, groupId=school-group] Connection to node 0 (DESKTOP-8IHU6CM/192.168.1.9:9092) could not be established. Broker may not be available.
2026-05-10 01:22:52 [INFO] [Consumer clientId=consumer-school-group-2, groupId=school-group] Node 0 disconnected.
2026-05-10 01:22:52 [WARN] [Consumer clientId=consumer-school-group-2, groupId=school-group] Connection to node 0 (DESKTOP-8IHU6CM/192.168.56.1:9092) could not be established. Broker may not be available.
2026-05-10 01:22:52 [INFO] [Consumer clientId=consumer-school-group-2, groupId=school-group] Error sending fetch request (sessionId=1999736093, epoch=INITIAL) to node 0:
org.apache.kafka.common.errors.DisconnectException: null
2026-05-10 01:22:55 [INFO] [Consumer clientId=consumer-school-group-2, groupId=school-group] Node 0 disconnected.
2026-05-10 01:22:55 [WARN] [Consumer clientId=consumer-school-group-2, groupId=school-group] Connection to node 0 (DESKTOP-8IHU6CM/192.168.137.1:9092) could not be established. Broker may not be available.
2026-05-10 01:22:58 [INFO] [Consumer clientId=consumer-school-group-2, groupId=school-group] Node 0 disconnected.
2026-05-10 01:22:58 [WARN] [Consumer clientId=consumer-school-group-2, groupId=school-group] Connection to node 0 (DESKTOP-8IHU6CM/192.168.1.9:9092) could not be established. Broker may not be available.
2026-05-10 01:22:58 [INFO] [Consumer clientId=consumer-school-group-2, groupId=school-group] Error sending fetch request (sessionId=1999736093, epoch=INITIAL) to node 0:
org.apache.kafka.common.errors.DisconnectException: null
2026-05-10 01:23:01 [INFO] [Consumer clientId=consumer-school-group-2, groupId=school-group] Node 0 disconnected.
2026-05-10 01:23:01 [WARN] [Consumer clientId=consumer-school-group-2, groupId=school-group] Connection to node 0 (DESKTOP-8IHU6CM/192.168.56.1:9092) could not be established. Broker may not be available.
2026-05-10 01:23:04 [INFO] [Consumer clientId=consumer-school-group-2, groupId=school-group] Node 0 disconnected.
2026-05-10 01:23:04 [WARN] [Consumer clientId=consumer-school-group-2, groupId=school-group] Connection to node 0 (DESKTOP-8IHU6CM/192.168.137.1:9092) could not be established. Broker may not be available.
2026-05-10 01:23:07 [INFO] [Consumer clientId=consumer-school-group-2, groupId=school-group] Node 0 disconnected.
2026-05-10 01:23:07 [WARN] [Consumer clientId=consumer-school-group-2, groupId=school-group] Connection to node 0 (DESKTOP-8IHU6CM/192.168.1.9:9092) could not be established. Broker may not be available.
2026-05-10 01:23:07 [INFO] [Consumer clientId=consumer-school-group-2, groupId=school-group] Error sending fetch request (sessionId=1999736093, epoch=INITIAL) to node 0:
org.apache.kafka.common.errors.DisconnectException: null
2026-05-10 01:23:10 [INFO] [Consumer clientId=consumer-school-group-2, groupId=school-group] Node 0 disconnected.
2026-05-10 01:23:10 [WARN] [Consumer clientId=consumer-school-group-2, groupId=school-group] Connection to node 0 (DESKTOP-8IHU6CM/192.168.56.1:9092) could not be established. Broker may not be available.
2026-05-10 01:23:13 [INFO] [Consumer clientId=consumer-school-group-2, groupId=school-group] Node 0 disconnected.
2026-05-10 01:23:13 [WARN] [Consumer clientId=consumer-school-group-2, groupId=school-group] Connection to node 0 (DESKTOP-8IHU6CM/192.168.137.1:9092) could not be established. Broker may not be available.
2026-05-10 01:23:16 [INFO] [Consumer clientId=consumer-school-group-2, groupId=school-group] Node 0 disconnected.
2026-05-10 01:23:16 [WARN] [Consumer clientId=consumer-school-group-2, groupId=school-group] Connection to node 0 (DESKTOP-8IHU6CM/192.168.1.9:9092) could not be established. Broker may not be available.
2026-05-10 01:23:16 [INFO] [Consumer clientId=consumer-school-group-2, groupId=school-group] Error sending fetch request (sessionId=1999736093, epoch=INITIAL) to node 0:
org.apache.kafka.common.errors.DisconnectException: null
2026-05-10 01:23:20 [INFO] [Consumer clientId=consumer-school-group-2, groupId=school-group] Node 0 disconnected.
2026-05-10 01:23:20 [WARN] [Consumer clientId=consumer-school-group-2, groupId=school-group] Connection to node 0 (DESKTOP-8IHU6CM/192.168.56.1:9092) could not be established. Broker may not be available.
2026-05-10 01:23:23 [INFO] [Consumer clientId=consumer-school-group-2, groupId=school-group] Node 0 disconnected.
2026-05-10 01:23:23 [WARN] [Consumer clientId=consumer-school-group-2, groupId=school-group] Connection to node 0 (DESKTOP-8IHU6CM/192.168.137.1:9092) could not be established. Broker may not be available.
2026-05-10 01:23:23 [INFO] [Consumer clientId=consumer-school-group-2, groupId=school-group] Error sending fetch request (sessionId=1999736093, epoch=INITIAL) to node 0:
org.apache.kafka.common.errors.DisconnectException: null
2026-05-10 01:23:26 [INFO] [Consumer clientId=consumer-school-group-2, groupId=school-group] Node 0 disconnected.
2026-05-10 01:23:26 [WARN] [Consumer clientId=consumer-school-group-2, groupId=school-group] Connection to node 0 (DESKTOP-8IHU6CM/192.168.1.9:9092) could not be established. Broker may not be available.
2026-05-10 01:23:29 [INFO] [Consumer clientId=consumer-school-group-2, groupId=school-group] Node 0 disconnected.
2026-05-10 01:23:29 [WARN] [Consumer clientId=consumer-school-group-2, groupId=school-group] Connection to node 0 (DESKTOP-8IHU6CM/192.168.56.1:9092) could not be established. Broker may not be available.
2026-05-10 01:23:32 [INFO] [Consumer clientId=consumer-school-group-2, groupId=school-group] Node 0 disconnected.
2026-05-10 01:23:32 [WARN] [Consumer clientId=consumer-school-group-2, groupId=school-group] Connection to node 0 (DESKTOP-8IHU6CM/192.168.137.1:9092) could not be established. Broker may not be available.
2026-05-10 01:23:32 [INFO] [Consumer clientId=consumer-school-group-2, groupId=school-group] Error sending fetch request (sessionId=1999736093, epoch=INITIAL) to node 0:
org.apache.kafka.common.errors.DisconnectException: null
2026-05-10 01:23:35 [INFO] [Consumer clientId=consumer-school-group-2, groupId=school-group] Node 0 disconnected.
2026-05-10 01:23:35 [WARN] [Consumer clientId=consumer-school-group-2, groupId=school-group] Connection to node 0 (DESKTOP-8IHU6CM/192.168.1.9:9092) could not be established. Broker may not be available.
2026-05-10 01:23:38 [INFO] [Consumer clientId=consumer-school-group-2, groupId=school-group] Node 0 disconnected.
2026-05-10 01:23:38 [WARN] [Consumer clientId=consumer-school-group-2, groupId=school-group] Connection to node 0 (DESKTOP-8IHU6CM/192.168.56.1:9092) could not be established. Broker may not be available.
2026-05-10 01:23:38 [INFO] [Consumer clientId=consumer-school-group-2, groupId=school-group] Error sending fetch request (sessionId=1999736093, epoch=INITIAL) to node 0:
org.apache.kafka.common.errors.DisconnectException: null
2026-05-10 01:23:41 [INFO] [Consumer clientId=consumer-school-group-2, groupId=school-group] Node 0 disconnected.
2026-05-10 01:23:41 [WARN] [Consumer clientId=consumer-school-group-2, groupId=school-group] Connection to node 0 (DESKTOP-8IHU6CM/192.168.137.1:9092) could not be established. Broker may not be available.
2026-05-10 01:23:44 [INFO] [Consumer clientId=consumer-school-group-2, groupId=school-group] Node 0 disconnected.
2026-05-10 01:23:44 [WARN] [Consumer clientId=consumer-school-group-2, groupId=school-group] Connection to node 0 (DESKTOP-8IHU6CM/192.168.1.9:9092) could not be established. Broker may not be available.
2026-05-10 01:23:47 [INFO] [Consumer clientId=consumer-school-group-2, groupId=school-group] Node 0 disconnected.
2026-05-10 01:23:47 [WARN] [Consumer clientId=consumer-school-group-2, groupId=school-group] Connection to node 0 (DESKTOP-8IHU6CM/192.168.56.1:9092) could not be established. Broker may not be available.
2026-05-10 01:23:47 [INFO] [Consumer clientId=consumer-school-group-2, groupId=school-group] Error sending fetch request (sessionId=1999736093, epoch=INITIAL) to node 0:
org.apache.kafka.common.errors.DisconnectException: null
2026-05-10 01:23:50 [INFO] [Consumer clientId=consumer-school-group-2, groupId=school-group] Node 0 disconnected.
2026-05-10 01:23:50 [WARN] [Consumer clientId=consumer-school-group-2, groupId=school-group] Connection to node 0 (DESKTOP-8IHU6CM/192.168.137.1:9092) could not be established. Broker may not be available.
2026-05-10 01:23:53 [INFO] [Consumer clientId=consumer-school-group-2, groupId=school-group] Node 0 disconnected.
2026-05-10 01:23:53 [WARN] [Consumer clientId=consumer-school-group-2, groupId=school-group] Connection to node 0 (DESKTOP-8IHU6CM/192.168.1.9:9092) could not be established. Broker may not be available.
2026-05-10 01:23:53 [INFO] [Consumer clientId=consumer-school-group-2, groupId=school-group] Error sending fetch request (sessionId=1999736093, epoch=INITIAL) to node 0:
org.apache.kafka.common.errors.DisconnectException: null
2026-05-10 01:23:56 [INFO] [Consumer clientId=consumer-school-group-2, groupId=school-group] Node 0 disconnected.
2026-05-10 01:23:56 [WARN] [Consumer clientId=consumer-school-group-2, groupId=school-group] Connection to node 0 (DESKTOP-8IHU6CM/192.168.56.1:9092) could not be established. Broker may not be available.
2026-05-10 01:23:59 [INFO] [Consumer clientId=consumer-school-group-2, groupId=school-group] Node 0 disconnected.
2026-05-10 01:23:59 [WARN] [Consumer clientId=consumer-school-group-2, groupId=school-group] Connection to node 0 (DESKTOP-8IHU6CM/192.168.137.1:9092) could not be established. Broker may not be available.
2026-05-10 01:24:02 [INFO] [Consumer clientId=consumer-school-group-2, groupId=school-group] Node 0 disconnected.
2026-05-10 01:24:02 [WARN] [Consumer clientId=consumer-school-group-2, groupId=school-group] Connection to node 0 (DESKTOP-8IHU6CM/192.168.1.9:9092) could not be established. Broker may not be available.
2026-05-10 01:24:02 [INFO] [Consumer clientId=consumer-school-group-2, groupId=school-group] Error sending fetch request (sessionId=1999736093, epoch=INITIAL) to node 0:
org.apache.kafka.common.errors.DisconnectException: null
2026-05-10 01:24:05 [INFO] [Consumer clientId=consumer-school-group-2, groupId=school-group] Node 0 disconnected.
2026-05-10 01:24:05 [WARN] [Consumer clientId=consumer-school-group-2, groupId=school-group] Connection to node 0 (DESKTOP-8IHU6CM/192.168.56.1:9092) could not be established. Broker may not be available.
2026-05-10 01:24:08 [INFO] [Consumer clientId=consumer-school-group-2, groupId=school-group] Node 0 disconnected.
2026-05-10 01:24:08 [WARN] [Consumer clientId=consumer-school-group-2, groupId=school-group] Connection to node 0 (DESKTOP-8IHU6CM/192.168.137.1:9092) could not be established. Broker may not be available.
2026-05-10 01:24:11 [INFO] [Consumer clientId=consumer-school-group-2, groupId=school-group] Node 0 disconnected.
2026-05-10 01:24:11 [WARN] [Consumer clientId=consumer-school-group-2, groupId=school-group] Connection to node 0 (DESKTOP-8IHU6CM/192.168.1.9:9092) could not be established. Broker may not be available.
2026-05-10 01:24:11 [INFO] [Consumer clientId=consumer-school-group-2, groupId=school-group] Error sending fetch request (sessionId=1999736093, epoch=INITIAL) to node 0:
org.apache.kafka.common.errors.DisconnectException: null
2026-05-10 01:24:14 [INFO] [Consumer clientId=consumer-school-group-2, groupId=school-group] Node 0 disconnected.
2026-05-10 01:24:14 [WARN] [Consumer clientId=consumer-school-group-2, groupId=school-group] Connection to node 0 (DESKTOP-8IHU6CM/192.168.56.1:9092) could not be established. Broker may not be available.
2026-05-10 01:24:18 [INFO] [Consumer clientId=consumer-school-group-2, groupId=school-group] Node 0 disconnected.
2026-05-10 01:24:18 [WARN] [Consumer clientId=consumer-school-group-2, groupId=school-group] Connection to node 0 (DESKTOP-8IHU6CM/192.168.137.1:9092) could not be established. Broker may not be available.
2026-05-10 01:24:18 [INFO] [Consumer clientId=consumer-school-group-2, groupId=school-group] Error sending fetch request (sessionId=1999736093, epoch=INITIAL) to node 0:
org.apache.kafka.common.errors.DisconnectException: null
2026-05-10 01:24:21 [INFO] [Consumer clientId=consumer-school-group-2, groupId=school-group] Node 0 disconnected.
2026-05-10 01:24:21 [WARN] [Consumer clientId=consumer-school-group-2, groupId=school-group] Connection to node 0 (DESKTOP-8IHU6CM/192.168.1.9:9092) could not be established. Broker may not be available.
2026-05-10 01:24:24 [INFO] [Consumer clientId=consumer-school-group-2, groupId=school-group] Node 0 disconnected.
2026-05-10 01:24:24 [WARN] [Consumer clientId=consumer-school-group-2, groupId=school-group] Connection to node 0 (DESKTOP-8IHU6CM/192.168.56.1:9092) could not be established. Broker may not be available.
2026-05-10 01:24:27 [INFO] [Consumer clientId=consumer-school-group-2, groupId=school-group] Node 0 disconnected.
2026-05-10 01:24:27 [WARN] [Consumer clientId=consumer-school-group-2, groupId=school-group] Connection to node 0 (DESKTOP-8IHU6CM/192.168.137.1:9092) could not be established. Broker may not be available.
2026-05-10 01:24:27 [INFO] [Consumer clientId=consumer-school-group-2, groupId=school-group] Error sending fetch request (sessionId=1999736093, epoch=INITIAL) to node 0:
org.apache.kafka.common.errors.DisconnectException: null
2026-05-10 01:24:30 [INFO] [Consumer clientId=consumer-school-group-2, groupId=school-group] Node 0 disconnected.
2026-05-10 01:24:30 [WARN] [Consumer clientId=consumer-school-group-2, groupId=school-group] Connection to node 0 (DESKTOP-8IHU6CM/192.168.1.9:9092) could not be established. Broker may not be available.
2026-05-10 01:24:33 [INFO] [Consumer clientId=consumer-school-group-2, groupId=school-group] Node 0 disconnected.
2026-05-10 01:24:33 [WARN] [Consumer clientId=consumer-school-group-2, groupId=school-group] Connection to node 0 (DESKTOP-8IHU6CM/192.168.56.1:9092) could not be established. Broker may not be available.
2026-05-10 01:24:33 [INFO] [Consumer clientId=consumer-school-group-2, groupId=school-group] Error sending fetch request (sessionId=1999736093, epoch=INITIAL) to node 0:
org.apache.kafka.common.errors.DisconnectException: null
2026-05-10 01:24:36 [INFO] [Consumer clientId=consumer-school-group-2, groupId=school-group] Node 0 disconnected.
2026-05-10 01:24:36 [WARN] [Consumer clientId=consumer-school-group-2, groupId=school-group] Connection to node 0 (DESKTOP-8IHU6CM/192.168.137.1:9092) could not be established. Broker may not be available.
2026-05-10 01:24:39 [INFO] [Consumer clientId=consumer-school-group-2, groupId=school-group] Node 0 disconnected.
2026-05-10 01:24:39 [WARN] [Consumer clientId=consumer-school-group-2, groupId=school-group] Connection to node 0 (DESKTOP-8IHU6CM/192.168.1.9:9092) could not be established. Broker may not be available.
2026-05-10 01:24:42 [INFO] [Consumer clientId=consumer-school-group-2, groupId=school-group] Node 0 disconnected.
2026-05-10 01:24:42 [WARN] [Consumer clientId=consumer-school-group-2, groupId=school-group] Connection to node 0 (DESKTOP-8IHU6CM/192.168.56.1:9092) could not be established. Broker may not be available.
2026-05-10 01:24:42 [INFO] [Consumer clientId=consumer-school-group-2, groupId=school-group] Error sending fetch request (sessionId=1999736093, epoch=INITIAL) to node 0:
org.apache.kafka.common.errors.DisconnectException: null
2026-05-10 01:24:45 [INFO] [Consumer clientId=consumer-school-group-2, groupId=school-group] Node 0 disconnected.
2026-05-10 01:24:45 [WARN] [Consumer clientId=consumer-school-group-2, groupId=school-group] Connection to node 0 (DESKTOP-8IHU6CM/192.168.137.1:9092) could not be established. Broker may not be available.
2026-05-10 01:24:48 [INFO] [Consumer clientId=consumer-school-group-2, groupId=school-group] Node 0 disconnected.
2026-05-10 01:24:48 [WARN] [Consumer clientId=consumer-school-group-2, groupId=school-group] Connection to node 0 (DESKTOP-8IHU6CM/192.168.1.9:9092) could not be established. Broker may not be available.
2026-05-10 01:24:48 [INFO] [Consumer clientId=consumer-school-group-2, groupId=school-group] Error sending fetch request (sessionId=1999736093, epoch=INITIAL) to node 0:
org.apache.kafka.common.errors.DisconnectException: null
2026-05-10 01:24:52 [INFO] [Consumer clientId=consumer-school-group-2, groupId=school-group] Node 0 disconnected.
2026-05-10 01:24:52 [WARN] [Consumer clientId=consumer-school-group-2, groupId=school-group] Connection to node 0 (DESKTOP-8IHU6CM/192.168.56.1:9092) could not be established. Broker may not be available.
2026-05-10 01:24:52 [INFO] [Consumer clientId=consumer-school-group-2, groupId=school-group] Error sending fetch request (sessionId=1999736093, epoch=INITIAL) to node 0:
org.apache.kafka.common.errors.DisconnectException: null
2026-05-10 01:24:55 [INFO] [Consumer clientId=consumer-school-group-2, groupId=school-group] Node 0 disconnected.
2026-05-10 01:24:55 [WARN] [Consumer clientId=consumer-school-group-2, groupId=school-group] Connection to node 0 (DESKTOP-8IHU6CM/192.168.137.1:9092) could not be established. Broker may not be available.
2026-05-10 01:24:58 [INFO] [Consumer clientId=consumer-school-group-2, groupId=school-group] Node 0 disconnected.
2026-05-10 01:24:58 [WARN] [Consumer clientId=consumer-school-group-2, groupId=school-group] Connection to node 0 (DESKTOP-8IHU6CM/192.168.1.9:9092) could not be established. Broker may not be available.
2026-05-10 01:24:58 [INFO] [Consumer clientId=consumer-school-group-2, groupId=school-group] Error sending fetch request (sessionId=1999736093, epoch=INITIAL) to node 0:
org.apache.kafka.common.errors.DisconnectException: null
2026-05-10 01:25:01 [INFO] [Consumer clientId=consumer-school-group-2, groupId=school-group] Node 0 disconnected.
2026-05-10 01:25:01 [WARN] [Consumer clientId=consumer-school-group-2, groupId=school-group] Connection to node 0 (DESKTOP-8IHU6CM/192.168.56.1:9092) could not be established. Broker may not be available.
2026-05-10 01:25:01 [INFO] [Consumer clientId=consumer-school-group-2, groupId=school-group] Error sending fetch request (sessionId=1999736093, epoch=INITIAL) to node 0:
org.apache.kafka.common.errors.DisconnectException: null
2026-05-10 01:25:04 [INFO] [Consumer clientId=consumer-school-group-2, groupId=school-group] Node 0 disconnected.
2026-05-10 01:25:04 [WARN] [Consumer clientId=consumer-school-group-2, groupId=school-group] Connection to node 0 (DESKTOP-8IHU6CM/192.168.137.1:9092) could not be established. Broker may not be available.
2026-05-10 01:25:07 [INFO] [Consumer clientId=consumer-school-group-2, groupId=school-group] Node 0 disconnected.
2026-05-10 01:25:07 [WARN] [Consumer clientId=consumer-school-group-2, groupId=school-group] Connection to node 0 (DESKTOP-8IHU6CM/192.168.1.9:9092) could not be established. Broker may not be available.
2026-05-10 01:25:07 [INFO] [Consumer clientId=consumer-school-group-2, groupId=school-group] Error sending fetch request (sessionId=1999736093, epoch=INITIAL) to node 0:
org.apache.kafka.common.errors.DisconnectException: null
2026-05-10 01:25:10 [INFO] [Consumer clientId=consumer-school-group-2, groupId=school-group] Node 0 disconnected.
2026-05-10 01:25:10 [WARN] [Consumer clientId=consumer-school-group-2, groupId=school-group] Connection to node 0 (DESKTOP-8IHU6CM/192.168.56.1:9092) could not be established. Broker may not be available.
2026-05-10 01:25:14 [INFO] [Consumer clientId=consumer-school-group-2, groupId=school-group] Node 0 disconnected.
2026-05-10 01:25:14 [WARN] [Consumer clientId=consumer-school-group-2, groupId=school-group] Connection to node 0 (DESKTOP-8IHU6CM/192.168.137.1:9092) could not be established. Broker may not be available.
2026-05-10 01:25:17 [INFO] [Consumer clientId=consumer-school-group-2, groupId=school-group] Node 0 disconnected.
2026-05-10 01:25:17 [WARN] [Consumer clientId=consumer-school-group-2, groupId=school-group] Connection to node 0 (DESKTOP-8IHU6CM/192.168.1.9:9092) could not be established. Broker may not be available.
2026-05-10 01:25:17 [INFO] [Consumer clientId=consumer-school-group-2, groupId=school-group] Error sending fetch request (sessionId=1999736093, epoch=INITIAL) to node 0:
org.apache.kafka.common.errors.DisconnectException: null
2026-05-10 01:25:20 [INFO] [Consumer clientId=consumer-school-group-2, groupId=school-group] Node 0 disconnected.
2026-05-10 01:25:20 [WARN] [Consumer clientId=consumer-school-group-2, groupId=school-group] Connection to node 0 (DESKTOP-8IHU6CM/192.168.56.1:9092) could not be established. Broker may not be available.
2026-05-10 01:25:23 [INFO] [Consumer clientId=consumer-school-group-2, groupId=school-group] Node 0 disconnected.
2026-05-10 01:25:23 [WARN] [Consumer clientId=consumer-school-group-2, groupId=school-group] Connection to node 0 (DESKTOP-8IHU6CM/192.168.137.1:9092) could not be established. Broker may not be available.
2026-05-10 01:25:23 [INFO] [Consumer clientId=consumer-school-group-2, groupId=school-group] Error sending fetch request (sessionId=1999736093, epoch=INITIAL) to node 0:
org.apache.kafka.common.errors.DisconnectException: null
2026-05-10 01:25:26 [INFO] [Consumer clientId=consumer-school-group-2, groupId=school-group] Node 0 disconnected.
2026-05-10 01:25:26 [WARN] [Consumer clientId=consumer-school-group-2, groupId=school-group] Connection to node 0 (DESKTOP-8IHU6CM/192.168.1.9:9092) could not be established. Broker may not be available.
2026-05-10 01:25:29 [INFO] [Consumer clientId=consumer-school-group-2, groupId=school-group] Node 0 disconnected.
2026-05-10 01:25:29 [WARN] [Consumer clientId=consumer-school-group-2, groupId=school-group] Connection to node 0 (DESKTOP-8IHU6CM/192.168.56.1:9092) could not be established. Broker may not be available.
2026-05-10 01:25:32 [INFO] [Consumer clientId=consumer-school-group-2, groupId=school-group] Node 0 disconnected.
2026-05-10 01:25:32 [WARN] [Consumer clientId=consumer-school-group-2, groupId=school-group] Connection to node 0 (DESKTOP-8IHU6CM/192.168.137.1:9092) could not be established. Broker may not be available.
2026-05-10 01:25:32 [INFO] [Consumer clientId=consumer-school-group-2, groupId=school-group] Error sending fetch request (sessionId=1999736093, epoch=INITIAL) to node 0:
org.apache.kafka.common.errors.DisconnectException: null
2026-05-10 01:25:36 [INFO] [Consumer clientId=consumer-school-group-2, groupId=school-group] Node 0 disconnected.
2026-05-10 01:25:36 [WARN] [Consumer clientId=consumer-school-group-2, groupId=school-group] Connection to node 0 (DESKTOP-8IHU6CM/192.168.1.9:9092) could not be established. Broker may not be available.
2026-05-10 01:25:39 [INFO] [Consumer clientId=consumer-school-group-2, groupId=school-group] Node 0 disconnected.
2026-05-10 01:25:39 [WARN] [Consumer clientId=consumer-school-group-2, groupId=school-group] Connection to node 0 (DESKTOP-8IHU6CM/192.168.56.1:9092) could not be established. Broker may not be available.
2026-05-10 01:25:42 [INFO] [Consumer clientId=consumer-school-group-2, groupId=school-group] Node 0 disconnected.
2026-05-10 01:25:42 [WARN] [Consumer clientId=consumer-school-group-2, groupId=school-group] Connection to node 0 (DESKTOP-8IHU6CM/192.168.137.1:9092) could not be established. Broker may not be available.
2026-05-10 01:25:42 [INFO] [Consumer clientId=consumer-school-group-2, groupId=school-group] Error sending fetch request (sessionId=1999736093, epoch=INITIAL) to node 0:
org.apache.kafka.common.errors.DisconnectException: null
2026-05-10 01:25:45 [INFO] [Consumer clientId=consumer-school-group-2, groupId=school-group] Node 0 disconnected.
2026-05-10 01:25:45 [WARN] [Consumer clientId=consumer-school-group-2, groupId=school-group] Connection to node 0 (DESKTOP-8IHU6CM/192.168.1.9:9092) could not be established. Broker may not be available.
2026-05-10 01:25:48 [INFO] [Consumer clientId=consumer-school-group-2, groupId=school-group] Node 0 disconnected.
2026-05-10 01:25:48 [WARN] [Consumer clientId=consumer-school-group-2, groupId=school-group] Connection to node 0 (DESKTOP-8IHU6CM/192.168.56.1:9092) could not be established. Broker may not be available.
2026-05-10 01:25:48 [INFO] [Consumer clientId=consumer-school-group-2, groupId=school-group] Error sending fetch request (sessionId=1999736093, epoch=INITIAL) to node 0:
org.apache.kafka.common.errors.DisconnectException: null
2026-05-10 01:25:51 [INFO] [Consumer clientId=consumer-school-group-2, groupId=school-group] Node 0 disconnected.
2026-05-10 01:25:51 [WARN] [Consumer clientId=consumer-school-group-2, groupId=school-group] Connection to node 0 (DESKTOP-8IHU6CM/192.168.137.1:9092) could not be established. Broker may not be available.
2026-05-10 01:25:54 [INFO] [Consumer clientId=consumer-school-group-2, groupId=school-group] Node 0 disconnected.
2026-05-10 01:25:54 [WARN] [Consumer clientId=consumer-school-group-2, groupId=school-group] Connection to node 0 (DESKTOP-8IHU6CM/192.168.1.9:9092) could not be established. Broker may not be available.
2026-05-10 01:25:57 [INFO] [Consumer clientId=consumer-school-group-2, groupId=school-group] Node 0 disconnected.
2026-05-10 01:25:57 [WARN] [Consumer clientId=consumer-school-group-2, groupId=school-group] Connection to node 0 (DESKTOP-8IHU6CM/192.168.56.1:9092) could not be established. Broker may not be available.
2026-05-10 01:25:57 [INFO] [Consumer clientId=consumer-school-group-2, groupId=school-group] Error sending fetch request (sessionId=1999736093, epoch=INITIAL) to node 0:
org.apache.kafka.common.errors.DisconnectException: null
2026-05-10 01:25:59 [INFO] [Consumer clientId=consumer-school-group-2, groupId=school-group] Node 0 disconnected.
2026-05-10 01:25:59 [WARN] [Consumer clientId=consumer-school-group-2, groupId=school-group] Connection to node 0 (DESKTOP-8IHU6CM/192.168.137.1:9092) could not be established. Broker may not be available.
2026-05-10 01:26:03 [INFO] [Consumer clientId=consumer-school-group-2, groupId=school-group] Node 0 disconnected.
2026-05-10 01:26:03 [WARN] [Consumer clientId=consumer-school-group-2, groupId=school-group] Connection to node 0 (DESKTOP-8IHU6CM/192.168.1.9:9092) could not be established. Broker may not be available.
2026-05-10 01:26:03 [INFO] [Consumer clientId=consumer-school-group-2, groupId=school-group] Error sending fetch request (sessionId=1999736093, epoch=INITIAL) to node 0:
org.apache.kafka.common.errors.DisconnectException: null
2026-05-10 01:26:05 [INFO] [Consumer clientId=consumer-school-group-2, groupId=school-group] Node 0 disconnected.
2026-05-10 01:26:05 [WARN] [Consumer clientId=consumer-school-group-2, groupId=school-group] Connection to node 0 (DESKTOP-8IHU6CM/192.168.56.1:9092) could not be established. Broker may not be available.
2026-05-10 01:26:08 [INFO] [Consumer clientId=consumer-school-group-2, groupId=school-group] Node 0 disconnected.
2026-05-10 01:26:08 [WARN] [Consumer clientId=consumer-school-group-2, groupId=school-group] Connection to node 0 (DESKTOP-8IHU6CM/192.168.137.1:9092) could not be established. Broker may not be available.
2026-05-10 01:26:12 [INFO] [Consumer clientId=consumer-school-group-2, groupId=school-group] Node 0 disconnected.
2026-05-10 01:26:12 [WARN] [Consumer clientId=consumer-school-group-2, groupId=school-group] Connection to node 0 (DESKTOP-8IHU6CM/192.168.1.9:9092) could not be established. Broker may not be available.
2026-05-10 01:26:12 [INFO] [Consumer clientId=consumer-school-group-2, groupId=school-group] Error sending fetch request (sessionId=1999736093, epoch=INITIAL) to node 0:
org.apache.kafka.common.errors.DisconnectException: null
2026-05-10 01:26:15 [INFO] [Consumer clientId=consumer-school-group-2, groupId=school-group] Node 0 disconnected.
2026-05-10 01:26:15 [WARN] [Consumer clientId=consumer-school-group-2, groupId=school-group] Connection to node 0 (DESKTOP-8IHU6CM/192.168.56.1:9092) could not be established. Broker may not be available.
2026-05-10 01:26:18 [INFO] [Consumer clientId=consumer-school-group-2, groupId=school-group] Node 0 disconnected.
2026-05-10 01:26:18 [WARN] [Consumer clientId=consumer-school-group-2, groupId=school-group] Connection to node 0 (DESKTOP-8IHU6CM/192.168.137.1:9092) could not be established. Broker may not be available.
2026-05-10 01:26:18 [INFO] [Consumer clientId=consumer-school-group-2, groupId=school-group] Error sending fetch request (sessionId=1999736093, epoch=INITIAL) to node 0:
org.apache.kafka.common.errors.DisconnectException: null
2026-05-10 01:26:20 [INFO] [Consumer clientId=consumer-school-group-2, groupId=school-group] Node 0 disconnected.
2026-05-10 01:26:20 [WARN] [Consumer clientId=consumer-school-group-2, groupId=school-group] Connection to node 0 (DESKTOP-8IHU6CM/192.168.1.9:9092) could not be established. Broker may not be available.
2026-05-10 01:26:24 [INFO] [Consumer clientId=consumer-school-group-2, groupId=school-group] Node 0 disconnected.
2026-05-10 01:26:24 [WARN] [Consumer clientId=consumer-school-group-2, groupId=school-group] Connection to node 0 (DESKTOP-8IHU6CM/192.168.56.1:9092) could not be established. Broker may not be available.
2026-05-10 01:26:27 [INFO] [Consumer clientId=consumer-school-group-2, groupId=school-group] Node 0 disconnected.
2026-05-10 01:26:27 [WARN] [Consumer clientId=consumer-school-group-2, groupId=school-group] Connection to node 0 (DESKTOP-8IHU6CM/192.168.137.1:9092) could not be established. Broker may not be available.
2026-05-10 01:26:27 [INFO] [Consumer clientId=consumer-school-group-2, groupId=school-group] Error sending fetch request (sessionId=1999736093, epoch=INITIAL) to node 0:
org.apache.kafka.common.errors.DisconnectException: null
2026-05-10 01:26:30 [INFO] [Consumer clientId=consumer-school-group-2, groupId=school-group] Node 0 disconnected.
2026-05-10 01:26:30 [WARN] [Consumer clientId=consumer-school-group-2, groupId=school-group] Connection to node 0 (DESKTOP-8IHU6CM/192.168.1.9:9092) could not be established. Broker may not be available.
2026-05-10 01:26:33 [INFO] [Consumer clientId=consumer-school-group-2, groupId=school-group] Node 0 disconnected.
2026-05-10 01:26:33 [WARN] [Consumer clientId=consumer-school-group-2, groupId=school-group] Connection to node 0 (DESKTOP-8IHU6CM/192.168.56.1:9092) could not be established. Broker may not be available.
2026-05-10 01:26:33 [INFO] [Consumer clientId=consumer-school-group-2, groupId=school-group] Error sending fetch request (sessionId=1999736093, epoch=INITIAL) to node 0:
org.apache.kafka.common.errors.DisconnectException: null
2026-05-10 01:26:36 [INFO] [Consumer clientId=consumer-school-group-2, groupId=school-group] Node 0 disconnected.
2026-05-10 01:26:36 [WARN] [Consumer clientId=consumer-school-group-2, groupId=school-group] Connection to node 0 (DESKTOP-8IHU6CM/192.168.137.1:9092) could not be established. Broker may not be available.
2026-05-10 01:26:39 [INFO] [Consumer clientId=consumer-school-group-2, groupId=school-group] Node 0 disconnected.
2026-05-10 01:26:39 [WARN] [Consumer clientId=consumer-school-group-2, groupId=school-group] Connection to node 0 (DESKTOP-8IHU6CM/192.168.1.9:9092) could not be established. Broker may not be available.
2026-05-10 01:26:42 [INFO] [Consumer clientId=consumer-school-group-2, groupId=school-group] Node 0 disconnected.
2026-05-10 01:26:42 [WARN] [Consumer clientId=consumer-school-group-2, groupId=school-group] Connection to node 0 (DESKTOP-8IHU6CM/192.168.56.1:9092) could not be established. Broker may not be available.
2026-05-10 01:26:42 [INFO] [Consumer clientId=consumer-school-group-2, groupId=school-group] Error sending fetch request (sessionId=1999736093, epoch=INITIAL) to node 0:
org.apache.kafka.common.errors.DisconnectException: null
2026-05-10 01:26:45 [INFO] [Consumer clientId=consumer-school-group-2, groupId=school-group] Node 0 disconnected.
2026-05-10 01:26:45 [WARN] [Consumer clientId=consumer-school-group-2, groupId=school-group] Connection to node 0 (DESKTOP-8IHU6CM/192.168.137.1:9092) could not be established. Broker may not be available.
2026-05-10 01:26:48 [INFO] [Consumer clientId=consumer-school-group-2, groupId=school-group] Node 0 disconnected.
2026-05-10 01:26:48 [WARN] [Consumer clientId=consumer-school-group-2, groupId=school-group] Connection to node 0 (DESKTOP-8IHU6CM/192.168.1.9:9092) could not be established. Broker may not be available.
2026-05-10 01:26:48 [INFO] [Consumer clientId=consumer-school-group-2, groupId=school-group] Error sending fetch request (sessionId=1999736093, epoch=INITIAL) to node 0:
org.apache.kafka.common.errors.DisconnectException: null
2026-05-10 01:26:51 [INFO] [Consumer clientId=consumer-school-group-2, groupId=school-group] Node 0 disconnected.
2026-05-10 01:26:51 [WARN] [Consumer clientId=consumer-school-group-2, groupId=school-group] Connection to node 0 (DESKTOP-8IHU6CM/192.168.56.1:9092) could not be established. Broker may not be available.
2026-05-10 01:26:55 [INFO] [Consumer clientId=consumer-school-group-2, groupId=school-group] Node 0 disconnected.
2026-05-10 01:26:55 [WARN] [Consumer clientId=consumer-school-group-2, groupId=school-group] Connection to node 0 (DESKTOP-8IHU6CM/192.168.137.1:9092) could not be established. Broker may not be available.
2026-05-10 01:26:58 [INFO] [Consumer clientId=consumer-school-group-2, groupId=school-group] Node 0 disconnected.
2026-05-10 01:26:58 [WARN] [Consumer clientId=consumer-school-group-2, groupId=school-group] Connection to node 0 (DESKTOP-8IHU6CM/192.168.1.9:9092) could not be established. Broker may not be available.
2026-05-10 01:26:58 [INFO] [Consumer clientId=consumer-school-group-2, groupId=school-group] Error sending fetch request (sessionId=1999736093, epoch=INITIAL) to node 0:
org.apache.kafka.common.errors.DisconnectException: null
2026-05-10 01:27:01 [INFO] [Consumer clientId=consumer-school-group-2, groupId=school-group] Node 0 disconnected.
2026-05-10 01:27:01 [WARN] [Consumer clientId=consumer-school-group-2, groupId=school-group] Connection to node 0 (DESKTOP-8IHU6CM/192.168.56.1:9092) could not be established. Broker may not be available.
2026-05-10 01:27:04 [INFO] [Consumer clientId=consumer-school-group-2, groupId=school-group] Node 0 disconnected.
2026-05-10 01:27:04 [WARN] [Consumer clientId=consumer-school-group-2, groupId=school-group] Connection to node 0 (DESKTOP-8IHU6CM/192.168.137.1:9092) could not be established. Broker may not be available.
2026-05-10 01:27:07 [INFO] [Consumer clientId=consumer-school-group-2, groupId=school-group] Node 0 disconnected.
2026-05-10 01:27:07 [WARN] [Consumer clientId=consumer-school-group-2, groupId=school-group] Connection to node 0 (DESKTOP-8IHU6CM/192.168.1.9:9092) could not be established. Broker may not be available.
2026-05-10 01:27:07 [INFO] [Consumer clientId=consumer-school-group-2, groupId=school-group] Error sending fetch request (sessionId=1999736093, epoch=INITIAL) to node 0:
org.apache.kafka.common.errors.DisconnectException: null
2026-05-10 01:27:10 [INFO] [Consumer clientId=consumer-school-group-2, groupId=school-group] Node 0 disconnected.
2026-05-10 01:27:10 [WARN] [Consumer clientId=consumer-school-group-2, groupId=school-group] Connection to node 0 (DESKTOP-8IHU6CM/192.168.56.1:9092) could not be established. Broker may not be available.
2026-05-10 01:27:13 [INFO] [Consumer clientId=consumer-school-group-2, groupId=school-group] Node 0 disconnected.
2026-05-10 01:27:13 [WARN] [Consumer clientId=consumer-school-group-2, groupId=school-group] Connection to node 0 (DESKTOP-8IHU6CM/192.168.137.1:9092) could not be established. Broker may not be available.
2026-05-10 01:27:13 [INFO] [Consumer clientId=consumer-school-group-2, groupId=school-group] Error sending fetch request (sessionId=1999736093, epoch=INITIAL) to node 0:
org.apache.kafka.common.errors.DisconnectException: null
2026-05-10 01:27:16 [INFO] [Consumer clientId=consumer-school-group-2, groupId=school-group] Node 0 disconnected.
2026-05-10 01:27:16 [WARN] [Consumer clientId=consumer-school-group-2, groupId=school-group] Connection to node 0 (DESKTOP-8IHU6CM/192.168.1.9:9092) could not be established. Broker may not be available.
2026-05-10 01:27:19 [INFO] [Consumer clientId=consumer-school-group-2, groupId=school-group] Node 0 disconnected.
2026-05-10 01:27:19 [WARN] [Consumer clientId=consumer-school-group-2, groupId=school-group] Connection to node 0 (DESKTOP-8IHU6CM/192.168.56.1:9092) could not be established. Broker may not be available.
2026-05-10 01:27:23 [INFO] [Consumer clientId=consumer-school-group-2, groupId=school-group] Node 0 disconnected.
2026-05-10 01:27:23 [WARN] [Consumer clientId=consumer-school-group-2, groupId=school-group] Connection to node 0 (DESKTOP-8IHU6CM/192.168.137.1:9092) could not be established. Broker may not be available.
2026-05-10 01:27:23 [INFO] [Consumer clientId=consumer-school-group-2, groupId=school-group] Error sending fetch request (sessionId=1999736093, epoch=INITIAL) to node 0:
org.apache.kafka.common.errors.DisconnectException: null
2026-05-10 01:27:26 [INFO] [Consumer clientId=consumer-school-group-2, groupId=school-group] Node 0 disconnected.
2026-05-10 01:27:26 [WARN] [Consumer clientId=consumer-school-group-2, groupId=school-group] Connection to node 0 (DESKTOP-8IHU6CM/192.168.1.9:9092) could not be established. Broker may not be available.
2026-05-10 01:27:29 [INFO] [Consumer clientId=consumer-school-group-2, groupId=school-group] Node 0 disconnected.
2026-05-10 01:27:29 [WARN] [Consumer clientId=consumer-school-group-2, groupId=school-group] Connection to node 0 (DESKTOP-8IHU6CM/192.168.56.1:9092) could not be established. Broker may not be available.
2026-05-10 01:27:32 [INFO] [Consumer clientId=consumer-school-group-2, groupId=school-group] Node 0 disconnected.
2026-05-10 01:27:32 [WARN] [Consumer clientId=consumer-school-group-2, groupId=school-group] Connection to node 0 (DESKTOP-8IHU6CM/192.168.137.1:9092) could not be established. Broker may not be available.
2026-05-10 01:27:32 [INFO] [Consumer clientId=consumer-school-group-2, groupId=school-group] Error sending fetch request (sessionId=1999736093, epoch=INITIAL) to node 0:
org.apache.kafka.common.errors.DisconnectException: null
2026-05-10 01:27:35 [INFO] [Consumer clientId=consumer-school-group-2, groupId=school-group] Node 0 disconnected.
2026-05-10 01:27:35 [WARN] [Consumer clientId=consumer-school-group-2, groupId=school-group] Connection to node 0 (DESKTOP-8IHU6CM/192.168.1.9:9092) could not be established. Broker may not be available.
2026-05-10 01:27:38 [INFO] [Consumer clientId=consumer-school-group-2, groupId=school-group] Node 0 disconnected.
2026-05-10 01:27:38 [WARN] [Consumer clientId=consumer-school-group-2, groupId=school-group] Connection to node 0 (DESKTOP-8IHU6CM/192.168.56.1:9092) could not be established. Broker may not be available.
2026-05-10 01:27:38 [INFO] [Consumer clientId=consumer-school-group-2, groupId=school-group] Error sending fetch request (sessionId=1999736093, epoch=INITIAL) to node 0:
org.apache.kafka.common.errors.DisconnectException: null
2026-05-10 01:27:41 [INFO] [Consumer clientId=consumer-school-group-2, groupId=school-group] Node 0 disconnected.
2026-05-10 01:27:41 [WARN] [Consumer clientId=consumer-school-group-2, groupId=school-group] Connection to node 0 (DESKTOP-8IHU6CM/192.168.137.1:9092) could not be established. Broker may not be available.
2026-05-10 01:27:44 [INFO] [Consumer clientId=consumer-school-group-2, groupId=school-group] Node 0 disconnected.
2026-05-10 01:27:44 [WARN] [Consumer clientId=consumer-school-group-2, groupId=school-group] Connection to node 0 (DESKTOP-8IHU6CM/192.168.1.9:9092) could not be established. Broker may not be available.
2026-05-10 01:27:47 [INFO] [Consumer clientId=consumer-school-group-2, groupId=school-group] Node 0 disconnected.
2026-05-10 01:27:47 [WARN] [Consumer clientId=consumer-school-group-2, groupId=school-group] Connection to node 0 (DESKTOP-8IHU6CM/192.168.56.1:9092) could not be established. Broker may not be available.
2026-05-10 01:27:47 [INFO] [Consumer clientId=consumer-school-group-2, groupId=school-group] Error sending fetch request (sessionId=1999736093, epoch=INITIAL) to node 0:
org.apache.kafka.common.errors.DisconnectException: null
2026-05-10 01:27:50 [INFO] [Consumer clientId=consumer-school-group-2, groupId=school-group] Node 0 disconnected.
2026-05-10 01:27:50 [WARN] [Consumer clientId=consumer-school-group-2, groupId=school-group] Connection to node 0 (DESKTOP-8IHU6CM/192.168.137.1:9092) could not be established. Broker may not be available.
2026-05-10 01:27:53 [INFO] [Consumer clientId=consumer-school-group-2, groupId=school-group] Node 0 disconnected.
2026-05-10 01:27:53 [WARN] [Consumer clientId=consumer-school-group-2, groupId=school-group] Connection to node 0 (DESKTOP-8IHU6CM/192.168.1.9:9092) could not be established. Broker may not be available.
2026-05-10 01:27:53 [INFO] [Consumer clientId=consumer-school-group-2, groupId=school-group] Error sending fetch request (sessionId=1999736093, epoch=INITIAL) to node 0:
org.apache.kafka.common.errors.DisconnectException: null
2026-05-10 01:27:57 [INFO] [Consumer clientId=consumer-school-group-2, groupId=school-group] Node 0 disconnected.
2026-05-10 01:27:57 [WARN] [Consumer clientId=consumer-school-group-2, groupId=school-group] Connection to node 0 (DESKTOP-8IHU6CM/192.168.56.1:9092) could not be established. Broker may not be available.
2026-05-10 01:27:57 [INFO] [Consumer clientId=consumer-school-group-2, groupId=school-group] Error sending fetch request (sessionId=1999736093, epoch=INITIAL) to node 0:
org.apache.kafka.common.errors.DisconnectException: null
2026-05-10 01:28:00 [INFO] [Consumer clientId=consumer-school-group-2, groupId=school-group] Node 0 disconnected.
2026-05-10 01:28:00 [WARN] [Consumer clientId=consumer-school-group-2, groupId=school-group] Connection to node 0 (DESKTOP-8IHU6CM/192.168.137.1:9092) could not be established. Broker may not be available.
2026-05-10 01:28:03 [INFO] [Consumer clientId=consumer-school-group-2, groupId=school-group] Node 0 disconnected.
2026-05-10 01:28:03 [WARN] [Consumer clientId=consumer-school-group-2, groupId=school-group] Connection to node 0 (DESKTOP-8IHU6CM/192.168.1.9:9092) could not be established. Broker may not be available.
2026-05-10 01:28:03 [INFO] [Consumer clientId=consumer-school-group-2, groupId=school-group] Error sending fetch request (sessionId=1999736093, epoch=INITIAL) to node 0:
org.apache.kafka.common.errors.DisconnectException: null
2026-05-10 01:28:06 [INFO] [Consumer clientId=consumer-school-group-2, groupId=school-group] Node 0 disconnected.
2026-05-10 01:28:06 [WARN] [Consumer clientId=consumer-school-group-2, groupId=school-group] Connection to node 0 (DESKTOP-8IHU6CM/192.168.56.1:9092) could not be established. Broker may not be available.
2026-05-10 01:28:09 [INFO] [Consumer clientId=consumer-school-group-2, groupId=school-group] Node 0 disconnected.
2026-05-10 01:28:09 [WARN] [Consumer clientId=consumer-school-group-2, groupId=school-group] Connection to node 0 (DESKTOP-8IHU6CM/192.168.137.1:9092) could not be established. Broker may not be available.
2026-05-10 01:28:12 [INFO] [Consumer clientId=consumer-school-group-2, groupId=school-group] Node 0 disconnected.
2026-05-10 01:28:12 [WARN] [Consumer clientId=consumer-school-group-2, groupId=school-group] Connection to node 0 (DESKTOP-8IHU6CM/192.168.1.9:9092) could not be established. Broker may not be available.
2026-05-10 01:28:12 [INFO] [Consumer clientId=consumer-school-group-2, groupId=school-group] Error sending fetch request (sessionId=1999736093, epoch=INITIAL) to node 0:
org.apache.kafka.common.errors.DisconnectException: null
2026-05-10 01:28:15 [INFO] [Consumer clientId=consumer-school-group-2, groupId=school-group] Node 0 disconnected.
2026-05-10 01:28:15 [WARN] [Consumer clientId=consumer-school-group-2, groupId=school-group] Connection to node 0 (DESKTOP-8IHU6CM/192.168.56.1:9092) could not be established. Broker may not be available.
2026-05-10 01:28:18 [INFO] [Consumer clientId=consumer-school-group-2, groupId=school-group] Node 0 disconnected.
2026-05-10 01:28:18 [WARN] [Consumer clientId=consumer-school-group-2, groupId=school-group] Connection to node 0 (DESKTOP-8IHU6CM/192.168.137.1:9092) could not be established. Broker may not be available.
2026-05-10 01:28:18 [INFO] [Consumer clientId=consumer-school-group-2, groupId=school-group] Error sending fetch request (sessionId=1999736093, epoch=INITIAL) to node 0:
org.apache.kafka.common.errors.DisconnectException: null
2026-05-10 01:28:21 [INFO] [Consumer clientId=consumer-school-group-2, groupId=school-group] Node 0 disconnected.
2026-05-10 01:28:21 [WARN] [Consumer clientId=consumer-school-group-2, groupId=school-group] Connection to node 0 (DESKTOP-8IHU6CM/192.168.1.9:9092) could not be established. Broker may not be available.
2026-05-10 01:28:24 [INFO] [Consumer clientId=consumer-school-group-2, groupId=school-group] Node 0 disconnected.
2026-05-10 01:28:24 [WARN] [Consumer clientId=consumer-school-group-2, groupId=school-group] Connection to node 0 (DESKTOP-8IHU6CM/192.168.56.1:9092) could not be established. Broker may not be available.
2026-05-10 01:28:27 [INFO] [Consumer clientId=consumer-school-group-2, groupId=school-group] Node 0 disconnected.
2026-05-10 01:28:27 [WARN] [Consumer clientId=consumer-school-group-2, groupId=school-group] Connection to node 0 (DESKTOP-8IHU6CM/192.168.137.1:9092) could not be established. Broker may not be available.
2026-05-10 01:28:27 [INFO] [Consumer clientId=consumer-school-group-2, groupId=school-group] Error sending fetch request (sessionId=1999736093, epoch=INITIAL) to node 0:
org.apache.kafka.common.errors.DisconnectException: null
2026-05-10 01:28:30 [INFO] [Consumer clientId=consumer-school-group-2, groupId=school-group] Node 0 disconnected.
2026-05-10 01:28:30 [WARN] [Consumer clientId=consumer-school-group-2, groupId=school-group] Connection to node 0 (DESKTOP-8IHU6CM/192.168.1.9:9092) could not be established. Broker may not be available.
2026-05-10 01:28:33 [INFO] [Consumer clientId=consumer-school-group-2, groupId=school-group] Node 0 disconnected.
2026-05-10 01:28:33 [WARN] [Consumer clientId=consumer-school-group-2, groupId=school-group] Connection to node 0 (DESKTOP-8IHU6CM/192.168.56.1:9092) could not be established. Broker may not be available.
2026-05-10 01:28:33 [INFO] [Consumer clientId=consumer-school-group-2, groupId=school-group] Error sending fetch request (sessionId=1999736093, epoch=INITIAL) to node 0:
org.apache.kafka.common.errors.DisconnectException: null
2026-05-10 01:28:37 [INFO] [Consumer clientId=consumer-school-group-2, groupId=school-group] Node 0 disconnected.
2026-05-10 01:28:37 [WARN] [Consumer clientId=consumer-school-group-2, groupId=school-group] Connection to node 0 (DESKTOP-8IHU6CM/192.168.137.1:9092) could not be established. Broker may not be available.
2026-05-10 01:28:39 [INFO] [Consumer clientId=consumer-school-group-2, groupId=school-group] Node 0 disconnected.
2026-05-10 01:28:39 [WARN] [Consumer clientId=consumer-school-group-2, groupId=school-group] Connection to node 0 (DESKTOP-8IHU6CM/192.168.1.9:9092) could not be established. Broker may not be available.
2026-05-10 01:28:42 [INFO] [Consumer clientId=consumer-school-group-2, groupId=school-group] Node 0 disconnected.
2026-05-10 01:28:42 [WARN] [Consumer clientId=consumer-school-group-2, groupId=school-group] Connection to node 0 (DESKTOP-8IHU6CM/192.168.56.1:9092) could not be established. Broker may not be available.
2026-05-10 01:28:42 [INFO] [Consumer clientId=consumer-school-group-2, groupId=school-group] Error sending fetch request (sessionId=1999736093, epoch=INITIAL) to node 0:
org.apache.kafka.common.errors.DisconnectException: null
2026-05-10 01:28:46 [INFO] [Consumer clientId=consumer-school-group-2, groupId=school-group] Node 0 disconnected.
2026-05-10 01:28:46 [WARN] [Consumer clientId=consumer-school-group-2, groupId=school-group] Connection to node 0 (DESKTOP-8IHU6CM/192.168.137.1:9092) could not be established. Broker may not be available.
2026-05-10 01:28:49 [INFO] [Consumer clientId=consumer-school-group-2, groupId=school-group] Node 0 disconnected.
2026-05-10 01:28:49 [WARN] [Consumer clientId=consumer-school-group-2, groupId=school-group] Connection to node 0 (DESKTOP-8IHU6CM/192.168.1.9:9092) could not be established. Broker may not be available.
2026-05-10 01:28:49 [INFO] [Consumer clientId=consumer-school-group-2, groupId=school-group] Error sending fetch request (sessionId=1999736093, epoch=INITIAL) to node 0:
org.apache.kafka.common.errors.DisconnectException: null
2026-05-10 01:28:52 [INFO] [Consumer clientId=consumer-school-group-2, groupId=school-group] Node 0 disconnected.
2026-05-10 01:28:52 [WARN] [Consumer clientId=consumer-school-group-2, groupId=school-group] Connection to node 0 (DESKTOP-8IHU6CM/192.168.56.1:9092) could not be established. Broker may not be available.
2026-05-10 01:28:52 [INFO] [Consumer clientId=consumer-school-group-2, groupId=school-group] Error sending fetch request (sessionId=1999736093, epoch=INITIAL) to node 0:
org.apache.kafka.common.errors.DisconnectException: null
2026-05-10 01:28:55 [INFO] [Consumer clientId=consumer-school-group-2, groupId=school-group] Node 0 disconnected.
2026-05-10 01:28:55 [WARN] [Consumer clientId=consumer-school-group-2, groupId=school-group] Connection to node 0 (DESKTOP-8IHU6CM/192.168.137.1:9092) could not be established. Broker may not be available.
2026-05-10 01:28:58 [INFO] [Consumer clientId=consumer-school-group-2, groupId=school-group] Node 0 disconnected.
2026-05-10 01:28:58 [WARN] [Consumer clientId=consumer-school-group-2, groupId=school-group] Connection to node 0 (DESKTOP-8IHU6CM/192.168.1.9:9092) could not be established. Broker may not be available.
2026-05-10 01:28:58 [INFO] [Consumer clientId=consumer-school-group-2, groupId=school-group] Error sending fetch request (sessionId=1999736093, epoch=INITIAL) to node 0:
org.apache.kafka.common.errors.DisconnectException: null
2026-05-10 01:29:01 [INFO] [Consumer clientId=consumer-school-group-2, groupId=school-group] Node 0 disconnected.
2026-05-10 01:29:01 [WARN] [Consumer clientId=consumer-school-group-2, groupId=school-group] Connection to node 0 (DESKTOP-8IHU6CM/192.168.56.1:9092) could not be established. Broker may not be available.
2026-05-10 01:29:04 [INFO] [Consumer clientId=consumer-school-group-2, groupId=school-group] Node 0 disconnected.
2026-05-10 01:29:04 [WARN] [Consumer clientId=consumer-school-group-2, groupId=school-group] Connection to node 0 (DESKTOP-8IHU6CM/192.168.137.1:9092) could not be established. Broker may not be available.
2026-05-10 01:29:07 [INFO] [Consumer clientId=consumer-school-group-2, groupId=school-group] Node 0 disconnected.
2026-05-10 01:29:07 [WARN] [Consumer clientId=consumer-school-group-2, groupId=school-group] Connection to node 0 (DESKTOP-8IHU6CM/192.168.1.9:9092) could not be established. Broker may not be available.
2026-05-10 01:29:07 [INFO] [Consumer clientId=consumer-school-group-2, groupId=school-group] Error sending fetch request (sessionId=1999736093, epoch=INITIAL) to node 0:
org.apache.kafka.common.errors.DisconnectException: null
2026-05-10 01:29:10 [INFO] [Consumer clientId=consumer-school-group-2, groupId=school-group] Node 0 disconnected.
2026-05-10 01:29:10 [WARN] [Consumer clientId=consumer-school-group-2, groupId=school-group] Connection to node 0 (DESKTOP-8IHU6CM/192.168.56.1:9092) could not be established. Broker may not be available.
2026-05-10 01:29:13 [INFO] [Consumer clientId=consumer-school-group-2, groupId=school-group] Node 0 disconnected.
2026-05-10 01:29:13 [WARN] [Consumer clientId=consumer-school-group-2, groupId=school-group] Connection to node 0 (DESKTOP-8IHU6CM/192.168.137.1:9092) could not be established. Broker may not be available.
2026-05-10 01:29:13 [INFO] [Consumer clientId=consumer-school-group-2, groupId=school-group] Error sending fetch request (sessionId=1999736093, epoch=INITIAL) to node 0:
org.apache.kafka.common.errors.DisconnectException: null
2026-05-10 01:29:16 [INFO] [Consumer clientId=consumer-school-group-2, groupId=school-group] Node 0 disconnected.
2026-05-10 01:29:16 [WARN] [Consumer clientId=consumer-school-group-2, groupId=school-group] Connection to node 0 (DESKTOP-8IHU6CM/192.168.1.9:9092) could not be established. Broker may not be available.
2026-05-10 01:29:19 [INFO] [Consumer clientId=consumer-school-group-2, groupId=school-group] Node 0 disconnected.
2026-05-10 01:29:19 [WARN] [Consumer clientId=consumer-school-group-2, groupId=school-group] Connection to node 0 (DESKTOP-8IHU6CM/192.168.56.1:9092) could not be established. Broker may not be available.
2026-05-10 01:29:22 [INFO] [Consumer clientId=consumer-school-group-2, groupId=school-group] Node 0 disconnected.
2026-05-10 01:29:22 [WARN] [Consumer clientId=consumer-school-group-2, groupId=school-group] Connection to node 0 (DESKTOP-8IHU6CM/192.168.137.1:9092) could not be established. Broker may not be available.
2026-05-10 01:29:22 [INFO] [Consumer clientId=consumer-school-group-2, groupId=school-group] Error sending fetch request (sessionId=1999736093, epoch=INITIAL) to node 0:
org.apache.kafka.common.errors.DisconnectException: null
2026-05-10 01:29:25 [INFO] [Consumer clientId=consumer-school-group-2, groupId=school-group] Node 0 disconnected.
2026-05-10 01:29:25 [WARN] [Consumer clientId=consumer-school-group-2, groupId=school-group] Connection to node 0 (DESKTOP-8IHU6CM/192.168.1.9:9092) could not be established. Broker may not be available.
2026-05-10 01:29:28 [INFO] [Consumer clientId=consumer-school-group-2, groupId=school-group] Node 0 disconnected.
2026-05-10 01:29:28 [WARN] [Consumer clientId=consumer-school-group-2, groupId=school-group] Connection to node 0 (DESKTOP-8IHU6CM/192.168.56.1:9092) could not be established. Broker may not be available.
2026-05-10 01:29:28 [INFO] [Consumer clientId=consumer-school-group-2, groupId=school-group] Error sending fetch request (sessionId=1999736093, epoch=INITIAL) to node 0:
org.apache.kafka.common.errors.DisconnectException: null
2026-05-10 01:29:31 [INFO] [Consumer clientId=consumer-school-group-2, groupId=school-group] Node 0 disconnected.
2026-05-10 01:29:31 [WARN] [Consumer clientId=consumer-school-group-2, groupId=school-group] Connection to node 0 (DESKTOP-8IHU6CM/192.168.137.1:9092) could not be established. Broker may not be available.
2026-05-10 01:29:35 [INFO] [Consumer clientId=consumer-school-group-2, groupId=school-group] Node 0 disconnected.
2026-05-10 01:29:35 [WARN] [Consumer clientId=consumer-school-group-2, groupId=school-group] Connection to node 0 (DESKTOP-8IHU6CM/192.168.1.9:9092) could not be established. Broker may not be available.
2026-05-10 01:29:38 [INFO] [Consumer clientId=consumer-school-group-2, groupId=school-group] Node 0 disconnected.
2026-05-10 01:29:38 [WARN] [Consumer clientId=consumer-school-group-2, groupId=school-group] Connection to node 0 (DESKTOP-8IHU6CM/192.168.56.1:9092) could not be established. Broker may not be available.
2026-05-10 01:29:38 [INFO] [Consumer clientId=consumer-school-group-2, groupId=school-group] Error sending fetch request (sessionId=1999736093, epoch=INITIAL) to node 0:
org.apache.kafka.common.errors.DisconnectException: null
2026-05-10 01:29:41 [INFO] [Consumer clientId=consumer-school-group-2, groupId=school-group] Node 0 disconnected.
2026-05-10 01:29:41 [WARN] [Consumer clientId=consumer-school-group-2, groupId=school-group] Connection to node 0 (DESKTOP-8IHU6CM/192.168.137.1:9092) could not be established. Broker may not be available.
2026-05-10 01:29:44 [INFO] [Consumer clientId=consumer-school-group-2, groupId=school-group] Node 0 disconnected.
2026-05-10 01:29:44 [WARN] [Consumer clientId=consumer-school-group-2, groupId=school-group] Connection to node 0 (DESKTOP-8IHU6CM/192.168.1.9:9092) could not be established. Broker may not be available.
2026-05-10 01:29:47 [INFO] [Consumer clientId=consumer-school-group-2, groupId=school-group] Node 0 disconnected.
2026-05-10 01:29:47 [WARN] [Consumer clientId=consumer-school-group-2, groupId=school-group] Connection to node 0 (DESKTOP-8IHU6CM/192.168.56.1:9092) could not be established. Broker may not be available.
2026-05-10 01:29:47 [INFO] [Consumer clientId=consumer-school-group-2, groupId=school-group] Error sending fetch request (sessionId=1999736093, epoch=INITIAL) to node 0:
org.apache.kafka.common.errors.DisconnectException: null
2026-05-10 01:29:50 [INFO] [Consumer clientId=consumer-school-group-2, groupId=school-group] Node 0 disconnected.
2026-05-10 01:29:50 [WARN] [Consumer clientId=consumer-school-group-2, groupId=school-group] Connection to node 0 (DESKTOP-8IHU6CM/192.168.137.1:9092) could not be established. Broker may not be available.
2026-05-10 01:29:53 [INFO] [Consumer clientId=consumer-school-group-2, groupId=school-group] Node 0 disconnected.
2026-05-10 01:29:53 [WARN] [Consumer clientId=consumer-school-group-2, groupId=school-group] Connection to node 0 (DESKTOP-8IHU6CM/192.168.1.9:9092) could not be established. Broker may not be available.
2026-05-10 01:29:53 [INFO] [Consumer clientId=consumer-school-group-2, groupId=school-group] Error sending fetch request (sessionId=1999736093, epoch=INITIAL) to node 0:
org.apache.kafka.common.errors.DisconnectException: null
2026-05-10 01:29:56 [INFO] [Consumer clientId=consumer-school-group-2, groupId=school-group] Node 0 disconnected.
2026-05-10 01:29:56 [WARN] [Consumer clientId=consumer-school-group-2, groupId=school-group] Connection to node 0 (DESKTOP-8IHU6CM/192.168.56.1:9092) could not be established. Broker may not be available.
2026-05-10 01:29:59 [INFO] [Consumer clientId=consumer-school-group-2, groupId=school-group] Node 0 disconnected.
2026-05-10 01:29:59 [WARN] [Consumer clientId=consumer-school-group-2, groupId=school-group] Connection to node 0 (DESKTOP-8IHU6CM/192.168.137.1:9092) could not be established. Broker may not be available.
2026-05-10 01:30:02 [INFO] [Consumer clientId=consumer-school-group-2, groupId=school-group] Node 0 disconnected.
2026-05-10 01:30:02 [WARN] [Consumer clientId=consumer-school-group-2, groupId=school-group] Connection to node 0 (DESKTOP-8IHU6CM/192.168.1.9:9092) could not be established. Broker may not be available.
2026-05-10 01:30:02 [INFO] [Consumer clientId=consumer-school-group-2, groupId=school-group] Error sending fetch request (sessionId=1999736093, epoch=INITIAL) to node 0:
org.apache.kafka.common.errors.DisconnectException: null
2026-05-10 01:30:06 [INFO] [Consumer clientId=consumer-school-group-2, groupId=school-group] Node 0 disconnected.
2026-05-10 01:30:06 [WARN] [Consumer clientId=consumer-school-group-2, groupId=school-group] Connection to node 0 (DESKTOP-8IHU6CM/192.168.56.1:9092) could not be established. Broker may not be available.
2026-05-10 01:30:09 [INFO] [Consumer clientId=consumer-school-group-2, groupId=school-group] Node 0 disconnected.
2026-05-10 01:30:09 [WARN] [Consumer clientId=consumer-school-group-2, groupId=school-group] Connection to node 0 (DESKTOP-8IHU6CM/192.168.137.1:9092) could not be established. Broker may not be available.
2026-05-10 01:30:09 [INFO] [Consumer clientId=consumer-school-group-2, groupId=school-group] Error sending fetch request (sessionId=1999736093, epoch=INITIAL) to node 0:
org.apache.kafka.common.errors.DisconnectException: null
2026-05-10 01:30:12 [INFO] [Consumer clientId=consumer-school-group-2, groupId=school-group] Node 0 disconnected.
2026-05-10 01:30:12 [WARN] [Consumer clientId=consumer-school-group-2, groupId=school-group] Connection to node 0 (DESKTOP-8IHU6CM/192.168.1.9:9092) could not be established. Broker may not be available.
2026-05-10 01:30:12 [INFO] [Consumer clientId=consumer-school-group-2, groupId=school-group] Error sending fetch request (sessionId=1999736093, epoch=INITIAL) to node 0:
org.apache.kafka.common.errors.DisconnectException: null
2026-05-10 01:30:15 [INFO] [Consumer clientId=consumer-school-group-2, groupId=school-group] Node 0 disconnected.
2026-05-10 01:30:15 [WARN] [Consumer clientId=consumer-school-group-2, groupId=school-group] Connection to node 0 (DESKTOP-8IHU6CM/192.168.56.1:9092) could not be established. Broker may not be available.
2026-05-10 01:30:18 [INFO] [Consumer clientId=consumer-school-group-2, groupId=school-group] Node 0 disconnected.
2026-05-10 01:30:18 [WARN] [Consumer clientId=consumer-school-group-2, groupId=school-group] Connection to node 0 (DESKTOP-8IHU6CM/192.168.137.1:9092) could not be established. Broker may not be available.
2026-05-10 01:30:18 [INFO] [Consumer clientId=consumer-school-group-2, groupId=school-group] Error sending fetch request (sessionId=1999736093, epoch=INITIAL) to node 0:
org.apache.kafka.common.errors.DisconnectException: null
2026-05-10 01:30:21 [INFO] [Consumer clientId=consumer-school-group-2, groupId=school-group] Node 0 disconnected.
2026-05-10 01:30:21 [WARN] [Consumer clientId=consumer-school-group-2, groupId=school-group] Connection to node 0 (DESKTOP-8IHU6CM/192.168.1.9:9092) could not be established. Broker may not be available.
2026-05-10 01:30:24 [INFO] [Consumer clientId=consumer-school-group-2, groupId=school-group] Node 0 disconnected.
2026-05-10 01:30:24 [WARN] [Consumer clientId=consumer-school-group-2, groupId=school-group] Connection to node 0 (DESKTOP-8IHU6CM/192.168.56.1:9092) could not be established. Broker may not be available.
2026-05-10 01:30:27 [INFO] [Consumer clientId=consumer-school-group-2, groupId=school-group] Node 0 disconnected.
2026-05-10 01:30:27 [WARN] [Consumer clientId=consumer-school-group-2, groupId=school-group] Connection to node 0 (DESKTOP-8IHU6CM/192.168.137.1:9092) could not be established. Broker may not be available.
2026-05-10 01:30:27 [INFO] [Consumer clientId=consumer-school-group-2, groupId=school-group] Error sending fetch request (sessionId=1999736093, epoch=INITIAL) to node 0:
org.apache.kafka.common.errors.DisconnectException: null
2026-05-10 01:30:30 [INFO] [Consumer clientId=consumer-school-group-2, groupId=school-group] Node 0 disconnected.
2026-05-10 01:30:30 [WARN] [Consumer clientId=consumer-school-group-2, groupId=school-group] Connection to node 0 (DESKTOP-8IHU6CM/192.168.1.9:9092) could not be established. Broker may not be available.
2026-05-10 01:30:33 [INFO] [Consumer clientId=consumer-school-group-2, groupId=school-group] Node 0 disconnected.
2026-05-10 01:30:33 [WARN] [Consumer clientId=consumer-school-group-2, groupId=school-group] Connection to node 0 (DESKTOP-8IHU6CM/192.168.56.1:9092) could not be established. Broker may not be available.
2026-05-10 01:30:33 [INFO] [Consumer clientId=consumer-school-group-2, groupId=school-group] Error sending fetch request (sessionId=1999736093, epoch=INITIAL) to node 0:
org.apache.kafka.common.errors.DisconnectException: null
2026-05-10 01:30:36 [INFO] [Consumer clientId=consumer-school-group-2, groupId=school-group] Node 0 disconnected.
2026-05-10 01:30:36 [WARN] [Consumer clientId=consumer-school-group-2, groupId=school-group] Connection to node 0 (DESKTOP-8IHU6CM/192.168.137.1:9092) could not be established. Broker may not be available.
2026-05-10 01:30:40 [INFO] [Consumer clientId=consumer-school-group-2, groupId=school-group] Node 0 disconnected.
2026-05-10 01:30:40 [WARN] [Consumer clientId=consumer-school-group-2, groupId=school-group] Connection to node 0 (DESKTOP-8IHU6CM/192.168.1.9:9092) could not be established. Broker may not be available.
2026-05-10 01:30:43 [INFO] [Consumer clientId=consumer-school-group-2, groupId=school-group] Node 0 disconnected.
2026-05-10 01:30:43 [WARN] [Consumer clientId=consumer-school-group-2, groupId=school-group] Connection to node 0 (DESKTOP-8IHU6CM/192.168.56.1:9092) could not be established. Broker may not be available.
2026-05-10 01:30:43 [INFO] [Consumer clientId=consumer-school-group-2, groupId=school-group] Error sending fetch request (sessionId=1999736093, epoch=INITIAL) to node 0:
org.apache.kafka.common.errors.DisconnectException: null
2026-05-10 01:30:46 [INFO] [Consumer clientId=consumer-school-group-2, groupId=school-group] Node 0 disconnected.
2026-05-10 01:30:46 [WARN] [Consumer clientId=consumer-school-group-2, groupId=school-group] Connection to node 0 (DESKTOP-8IHU6CM/192.168.137.1:9092) could not be established. Broker may not be available.
2026-05-10 01:30:49 [INFO] [Consumer clientId=consumer-school-group-2, groupId=school-group] Node 0 disconnected.
2026-05-10 01:30:49 [WARN] [Consumer clientId=consumer-school-group-2, groupId=school-group] Connection to node 0 (DESKTOP-8IHU6CM/192.168.1.9:9092) could not be established. Broker may not be available.
2026-05-10 01:30:52 [INFO] [Consumer clientId=consumer-school-group-2, groupId=school-group] Node 0 disconnected.
2026-05-10 01:30:52 [WARN] [Consumer clientId=consumer-school-group-2, groupId=school-group] Connection to node 0 (DESKTOP-8IHU6CM/192.168.56.1:9092) could not be established. Broker may not be available.
2026-05-10 01:30:52 [INFO] [Consumer clientId=consumer-school-group-2, groupId=school-group] Error sending fetch request (sessionId=1999736093, epoch=INITIAL) to node 0:
org.apache.kafka.common.errors.DisconnectException: null
2026-05-10 01:30:55 [INFO] [Consumer clientId=consumer-school-group-2, groupId=school-group] Node 0 disconnected.
2026-05-10 01:30:55 [WARN] [Consumer clientId=consumer-school-group-2, groupId=school-group] Connection to node 0 (DESKTOP-8IHU6CM/192.168.137.1:9092) could not be established. Broker may not be available.
2026-05-10 01:30:59 [INFO] [Consumer clientId=consumer-school-group-2, groupId=school-group] Node 0 disconnected.
2026-05-10 01:30:59 [WARN] [Consumer clientId=consumer-school-group-2, groupId=school-group] Connection to node 0 (DESKTOP-8IHU6CM/192.168.1.9:9092) could not be established. Broker may not be available.
2026-05-10 01:30:59 [INFO] [Consumer clientId=consumer-school-group-2, groupId=school-group] Error sending fetch request (sessionId=1999736093, epoch=INITIAL) to node 0:
org.apache.kafka.common.errors.DisconnectException: null
2026-05-10 01:31:02 [INFO] [Consumer clientId=consumer-school-group-2, groupId=school-group] Node 0 disconnected.
2026-05-10 01:31:02 [WARN] [Consumer clientId=consumer-school-group-2, groupId=school-group] Connection to node 0 (DESKTOP-8IHU6CM/192.168.56.1:9092) could not be established. Broker may not be available.
2026-05-10 01:31:05 [INFO] [Consumer clientId=consumer-school-group-2, groupId=school-group] Node 0 disconnected.
2026-05-10 01:31:05 [WARN] [Consumer clientId=consumer-school-group-2, groupId=school-group] Connection to node 0 (DESKTOP-8IHU6CM/192.168.137.1:9092) could not be established. Broker may not be available.
2026-05-10 01:31:08 [INFO] [Consumer clientId=consumer-school-group-2, groupId=school-group] Node 0 disconnected.
2026-05-10 01:31:08 [WARN] [Consumer clientId=consumer-school-group-2, groupId=school-group] Connection to node 0 (DESKTOP-8IHU6CM/192.168.1.9:9092) could not be established. Broker may not be available.
2026-05-10 01:31:08 [INFO] [Consumer clientId=consumer-school-group-2, groupId=school-group] Error sending fetch request (sessionId=1999736093, epoch=INITIAL) to node 0:
org.apache.kafka.common.errors.DisconnectException: null
2026-05-10 01:31:11 [INFO] [Consumer clientId=consumer-school-group-2, groupId=school-group] Node 0 disconnected.
2026-05-10 01:31:11 [WARN] [Consumer clientId=consumer-school-group-2, groupId=school-group] Connection to node 0 (DESKTOP-8IHU6CM/192.168.56.1:9092) could not be established. Broker may not be available.
2026-05-10 01:31:14 [INFO] [Consumer clientId=consumer-school-group-2, groupId=school-group] Node 0 disconnected.
2026-05-10 01:31:14 [WARN] [Consumer clientId=consumer-school-group-2, groupId=school-group] Connection to node 0 (DESKTOP-8IHU6CM/192.168.137.1:9092) could not be established. Broker may not be available.
2026-05-10 01:31:17 [INFO] [Consumer clientId=consumer-school-group-2, groupId=school-group] Node 0 disconnected.
2026-05-10 01:31:17 [WARN] [Consumer clientId=consumer-school-group-2, groupId=school-group] Connection to node 0 (DESKTOP-8IHU6CM/192.168.1.9:9092) could not be established. Broker may not be available.
2026-05-10 01:31:17 [INFO] [Consumer clientId=consumer-school-group-2, groupId=school-group] Error sending fetch request (sessionId=1999736093, epoch=INITIAL) to node 0:
org.apache.kafka.common.errors.DisconnectException: null
2026-05-10 01:31:20 [INFO] [Consumer clientId=consumer-school-group-2, groupId=school-group] Node 0 disconnected.
2026-05-10 01:31:20 [WARN] [Consumer clientId=consumer-school-group-2, groupId=school-group] Connection to node 0 (DESKTOP-8IHU6CM/192.168.56.1:9092) could not be established. Broker may not be available.
2026-05-10 01:31:23 [INFO] [Consumer clientId=consumer-school-group-2, groupId=school-group] Node 0 disconnected.
2026-05-10 01:31:23 [WARN] [Consumer clientId=consumer-school-group-2, groupId=school-group] Connection to node 0 (DESKTOP-8IHU6CM/192.168.137.1:9092) could not be established. Broker may not be available.
2026-05-10 01:31:23 [INFO] [Consumer clientId=consumer-school-group-2, groupId=school-group] Error sending fetch request (sessionId=1999736093, epoch=INITIAL) to node 0:
org.apache.kafka.common.errors.DisconnectException: null
2026-05-10 01:31:26 [INFO] [Consumer clientId=consumer-school-group-2, groupId=school-group] Node 0 disconnected.
2026-05-10 01:31:26 [WARN] [Consumer clientId=consumer-school-group-2, groupId=school-group] Connection to node 0 (DESKTOP-8IHU6CM/192.168.1.9:9092) could not be established. Broker may not be available.
2026-05-10 01:31:29 [INFO] [Consumer clientId=consumer-school-group-2, groupId=school-group] Node 0 disconnected.
2026-05-10 01:31:29 [WARN] [Consumer clientId=consumer-school-group-2, groupId=school-group] Connection to node 0 (DESKTOP-8IHU6CM/192.168.56.1:9092) could not be established. Broker may not be available.
2026-05-10 01:31:33 [INFO] [Consumer clientId=consumer-school-group-2, groupId=school-group] Node 0 disconnected.
2026-05-10 01:31:33 [WARN] [Consumer clientId=consumer-school-group-2, groupId=school-group] Connection to node 0 (DESKTOP-8IHU6CM/192.168.137.1:9092) could not be established. Broker may not be available.
2026-05-10 01:31:33 [INFO] [Consumer clientId=consumer-school-group-2, groupId=school-group] Error sending fetch request (sessionId=1999736093, epoch=INITIAL) to node 0:
org.apache.kafka.common.errors.DisconnectException: null
2026-05-10 01:31:35 [INFO] [Consumer clientId=consumer-school-group-2, groupId=school-group] Node 0 disconnected.
2026-05-10 01:31:35 [WARN] [Consumer clientId=consumer-school-group-2, groupId=school-group] Connection to node 0 (DESKTOP-8IHU6CM/192.168.1.9:9092) could not be established. Broker may not be available.
2026-05-10 01:31:39 [INFO] [Consumer clientId=consumer-school-group-2, groupId=school-group] Node 0 disconnected.
2026-05-10 01:31:39 [WARN] [Consumer clientId=consumer-school-group-2, groupId=school-group] Connection to node 0 (DESKTOP-8IHU6CM/192.168.56.1:9092) could not be established. Broker may not be available.
2026-05-10 01:31:39 [INFO] [Consumer clientId=consumer-school-group-2, groupId=school-group] Error sending fetch request (sessionId=1999736093, epoch=INITIAL) to node 0:
org.apache.kafka.common.errors.DisconnectException: null
2026-05-10 01:31:42 [INFO] [Consumer clientId=consumer-school-group-2, groupId=school-group] Node 0 disconnected.
2026-05-10 01:31:42 [WARN] [Consumer clientId=consumer-school-group-2, groupId=school-group] Connection to node 0 (DESKTOP-8IHU6CM/192.168.137.1:9092) could not be established. Broker may not be available.
2026-05-10 01:31:45 [INFO] [Consumer clientId=consumer-school-group-2, groupId=school-group] Node 0 disconnected.
2026-05-10 01:31:45 [WARN] [Consumer clientId=consumer-school-group-2, groupId=school-group] Connection to node 0 (DESKTOP-8IHU6CM/192.168.1.9:9092) could not be established. Broker may not be available.
2026-05-10 01:31:48 [INFO] [Consumer clientId=consumer-school-group-2, groupId=school-group] Node 0 disconnected.
2026-05-10 01:31:48 [WARN] [Consumer clientId=consumer-school-group-2, groupId=school-group] Connection to node 0 (DESKTOP-8IHU6CM/192.168.56.1:9092) could not be established. Broker may not be available.
2026-05-10 01:31:48 [INFO] [Consumer clientId=consumer-school-group-2, groupId=school-group] Error sending fetch request (sessionId=1999736093, epoch=INITIAL) to node 0:
org.apache.kafka.common.errors.DisconnectException: null
2026-05-10 01:31:51 [INFO] [Consumer clientId=consumer-school-group-2, groupId=school-group] Node 0 disconnected.
2026-05-10 01:31:51 [WARN] [Consumer clientId=consumer-school-group-2, groupId=school-group] Connection to node 0 (DESKTOP-8IHU6CM/192.168.137.1:9092) could not be established. Broker may not be available.
2026-05-10 01:31:54 [INFO] [Consumer clientId=consumer-school-group-2, groupId=school-group] Node 0 disconnected.
2026-05-10 01:31:54 [WARN] [Consumer clientId=consumer-school-group-2, groupId=school-group] Connection to node 0 (DESKTOP-8IHU6CM/192.168.1.9:9092) could not be established. Broker may not be available.
2026-05-10 01:31:57 [INFO] [Consumer clientId=consumer-school-group-2, groupId=school-group] Node 0 disconnected.
2026-05-10 01:31:57 [WARN] [Consumer clientId=consumer-school-group-2, groupId=school-group] Connection to node 0 (DESKTOP-8IHU6CM/192.168.56.1:9092) could not be established. Broker may not be available.
2026-05-10 01:31:57 [INFO] [Consumer clientId=consumer-school-group-2, groupId=school-group] Error sending fetch request (sessionId=1999736093, epoch=INITIAL) to node 0:
org.apache.kafka.common.errors.DisconnectException: null
2026-05-10 01:32:00 [INFO] [Consumer clientId=consumer-school-group-2, groupId=school-group] Node 0 disconnected.
2026-05-10 01:32:00 [WARN] [Consumer clientId=consumer-school-group-2, groupId=school-group] Connection to node 0 (DESKTOP-8IHU6CM/192.168.137.1:9092) could not be established. Broker may not be available.
2026-05-10 01:32:03 [INFO] [Consumer clientId=consumer-school-group-2, groupId=school-group] Node 0 disconnected.
2026-05-10 01:32:03 [WARN] [Consumer clientId=consumer-school-group-2, groupId=school-group] Connection to node 0 (DESKTOP-8IHU6CM/192.168.1.9:9092) could not be established. Broker may not be available.
2026-05-10 01:32:03 [INFO] [Consumer clientId=consumer-school-group-2, groupId=school-group] Error sending fetch request (sessionId=1999736093, epoch=INITIAL) to node 0:
org.apache.kafka.common.errors.DisconnectException: null
2026-05-10 01:32:06 [INFO] [Consumer clientId=consumer-school-group-2, groupId=school-group] Node 0 disconnected.
2026-05-10 01:32:06 [WARN] [Consumer clientId=consumer-school-group-2, groupId=school-group] Connection to node 0 (DESKTOP-8IHU6CM/192.168.56.1:9092) could not be established. Broker may not be available.
2026-05-10 01:32:09 [INFO] [Consumer clientId=consumer-school-group-2, groupId=school-group] Node 0 disconnected.
2026-05-10 01:32:09 [WARN] [Consumer clientId=consumer-school-group-2, groupId=school-group] Connection to node 0 (DESKTOP-8IHU6CM/192.168.137.1:9092) could not be established. Broker may not be available.
2026-05-10 01:32:12 [INFO] [Consumer clientId=consumer-school-group-2, groupId=school-group] Node 0 disconnected.
2026-05-10 01:32:12 [WARN] [Consumer clientId=consumer-school-group-2, groupId=school-group] Connection to node 0 (DESKTOP-8IHU6CM/192.168.1.9:9092) could not be established. Broker may not be available.
2026-05-10 01:32:12 [INFO] [Consumer clientId=consumer-school-group-2, groupId=school-group] Error sending fetch request (sessionId=1999736093, epoch=INITIAL) to node 0:
org.apache.kafka.common.errors.DisconnectException: null
2026-05-10 01:32:16 [INFO] [Consumer clientId=consumer-school-group-2, groupId=school-group] Node 0 disconnected.
2026-05-10 01:32:16 [WARN] [Consumer clientId=consumer-school-group-2, groupId=school-group] Connection to node 0 (DESKTOP-8IHU6CM/192.168.56.1:9092) could not be established. Broker may not be available.
2026-05-10 01:32:18 [INFO] [Consumer clientId=consumer-school-group-2, groupId=school-group] Node 0 disconnected.
2026-05-10 01:32:18 [WARN] [Consumer clientId=consumer-school-group-2, groupId=school-group] Connection to node 0 (DESKTOP-8IHU6CM/192.168.137.1:9092) could not be established. Broker may not be available.
2026-05-10 01:32:18 [INFO] [Consumer clientId=consumer-school-group-2, groupId=school-group] Error sending fetch request (sessionId=1999736093, epoch=INITIAL) to node 0:
org.apache.kafka.common.errors.DisconnectException: null
2026-05-10 01:32:21 [INFO] [Consumer clientId=consumer-school-group-2, groupId=school-group] Node 0 disconnected.
2026-05-10 01:32:21 [WARN] [Consumer clientId=consumer-school-group-2, groupId=school-group] Connection to node 0 (DESKTOP-8IHU6CM/192.168.1.9:9092) could not be established. Broker may not be available.
2026-05-10 01:32:24 [INFO] [Consumer clientId=consumer-school-group-2, groupId=school-group] Node 0 disconnected.
2026-05-10 01:32:24 [WARN] [Consumer clientId=consumer-school-group-2, groupId=school-group] Connection to node 0 (DESKTOP-8IHU6CM/192.168.56.1:9092) could not be established. Broker may not be available.
2026-05-10 01:32:27 [INFO] [Consumer clientId=consumer-school-group-2, groupId=school-group] Node 0 disconnected.
2026-05-10 01:32:27 [WARN] [Consumer clientId=consumer-school-group-2, groupId=school-group] Connection to node 0 (DESKTOP-8IHU6CM/192.168.137.1:9092) could not be established. Broker may not be available.
2026-05-10 01:32:27 [INFO] [Consumer clientId=consumer-school-group-2, groupId=school-group] Error sending fetch request (sessionId=1999736093, epoch=INITIAL) to node 0:
org.apache.kafka.common.errors.DisconnectException: null
2026-05-10 01:32:30 [INFO] [Consumer clientId=consumer-school-group-2, groupId=school-group] Node 0 disconnected.
2026-05-10 01:32:30 [WARN] [Consumer clientId=consumer-school-group-2, groupId=school-group] Connection to node 0 (DESKTOP-8IHU6CM/192.168.1.9:9092) could not be established. Broker may not be available.
2026-05-10 01:32:33 [INFO] [Consumer clientId=consumer-school-group-2, groupId=school-group] Node 0 disconnected.
2026-05-10 01:32:33 [WARN] [Consumer clientId=consumer-school-group-2, groupId=school-group] Connection to node 0 (DESKTOP-8IHU6CM/192.168.56.1:9092) could not be established. Broker may not be available.
2026-05-10 01:32:33 [INFO] [Consumer clientId=consumer-school-group-2, groupId=school-group] Error sending fetch request (sessionId=1999736093, epoch=INITIAL) to node 0:
org.apache.kafka.common.errors.DisconnectException: null
2026-05-10 01:32:36 [INFO] [Consumer clientId=consumer-school-group-2, groupId=school-group] Node 0 disconnected.
2026-05-10 01:32:36 [WARN] [Consumer clientId=consumer-school-group-2, groupId=school-group] Connection to node 0 (DESKTOP-8IHU6CM/192.168.137.1:9092) could not be established. Broker may not be available.
2026-05-10 01:32:39 [INFO] [Consumer clientId=consumer-school-group-2, groupId=school-group] Node 0 disconnected.
2026-05-10 01:32:39 [WARN] [Consumer clientId=consumer-school-group-2, groupId=school-group] Connection to node 0 (DESKTOP-8IHU6CM/192.168.1.9:9092) could not be established. Broker may not be available.
2026-05-10 01:32:43 [INFO] [Consumer clientId=consumer-school-group-2, groupId=school-group] Node 0 disconnected.
2026-05-10 01:32:43 [WARN] [Consumer clientId=consumer-school-group-2, groupId=school-group] Connection to node 0 (DESKTOP-8IHU6CM/192.168.56.1:9092) could not be established. Broker may not be available.
2026-05-10 01:32:43 [INFO] [Consumer clientId=consumer-school-group-2, groupId=school-group] Error sending fetch request (sessionId=1999736093, epoch=INITIAL) to node 0:
org.apache.kafka.common.errors.DisconnectException: null
2026-05-10 01:32:46 [INFO] [Consumer clientId=consumer-school-group-2, groupId=school-group] Node 0 disconnected.
2026-05-10 01:32:46 [WARN] [Consumer clientId=consumer-school-group-2, groupId=school-group] Connection to node 0 (DESKTOP-8IHU6CM/192.168.137.1:9092) could not be established. Broker may not be available.
2026-05-10 01:32:49 [INFO] [Consumer clientId=consumer-school-group-2, groupId=school-group] Node 0 disconnected.
2026-05-10 01:32:49 [WARN] [Consumer clientId=consumer-school-group-2, groupId=school-group] Connection to node 0 (DESKTOP-8IHU6CM/192.168.1.9:9092) could not be established. Broker may not be available.
2026-05-10 01:32:49 [INFO] [Consumer clientId=consumer-school-group-2, groupId=school-group] Error sending fetch request (sessionId=1999736093, epoch=INITIAL) to node 0:
org.apache.kafka.common.errors.DisconnectException: null
2026-05-10 01:32:52 [INFO] [Consumer clientId=consumer-school-group-2, groupId=school-group] Node 0 disconnected.
2026-05-10 01:32:52 [WARN] [Consumer clientId=consumer-school-group-2, groupId=school-group] Connection to node 0 (DESKTOP-8IHU6CM/192.168.56.1:9092) could not be established. Broker may not be available.
2026-05-10 01:32:55 [INFO] [Consumer clientId=consumer-school-group-2, groupId=school-group] Node 0 disconnected.
2026-05-10 01:32:55 [WARN] [Consumer clientId=consumer-school-group-2, groupId=school-group] Connection to node 0 (DESKTOP-8IHU6CM/192.168.137.1:9092) could not be established. Broker may not be available.
2026-05-10 01:32:58 [INFO] [Consumer clientId=consumer-school-group-2, groupId=school-group] Node 0 disconnected.
2026-05-10 01:32:58 [WARN] [Consumer clientId=consumer-school-group-2, groupId=school-group] Connection to node 0 (DESKTOP-8IHU6CM/192.168.1.9:9092) could not be established. Broker may not be available.
2026-05-10 01:32:58 [INFO] [Consumer clientId=consumer-school-group-2, groupId=school-group] Error sending fetch request (sessionId=1999736093, epoch=INITIAL) to node 0:
org.apache.kafka.common.errors.DisconnectException: null
2026-05-10 01:33:01 [INFO] [Consumer clientId=consumer-school-group-2, groupId=school-group] Node 0 disconnected.
2026-05-10 01:33:01 [WARN] [Consumer clientId=consumer-school-group-2, groupId=school-group] Connection to node 0 (DESKTOP-8IHU6CM/192.168.56.1:9092) could not be established. Broker may not be available.
2026-05-10 01:33:04 [INFO] [Consumer clientId=consumer-school-group-2, groupId=school-group] Node 0 disconnected.
2026-05-10 01:33:04 [WARN] [Consumer clientId=consumer-school-group-2, groupId=school-group] Connection to node 0 (DESKTOP-8IHU6CM/192.168.137.1:9092) could not be established. Broker may not be available.
2026-05-10 01:33:04 [INFO] [Consumer clientId=consumer-school-group-2, groupId=school-group] Error sending fetch request (sessionId=1999736093, epoch=INITIAL) to node 0:
org.apache.kafka.common.errors.DisconnectException: null
2026-05-10 01:33:07 [INFO] [Consumer clientId=consumer-school-group-2, groupId=school-group] Node 0 disconnected.
2026-05-10 01:33:07 [WARN] [Consumer clientId=consumer-school-group-2, groupId=school-group] Connection to node 0 (DESKTOP-8IHU6CM/192.168.1.9:9092) could not be established. Broker may not be available.
2026-05-10 01:33:07 [INFO] [Consumer clientId=consumer-school-group-2, groupId=school-group] Error sending fetch request (sessionId=1999736093, epoch=INITIAL) to node 0:
org.apache.kafka.common.errors.DisconnectException: null
2026-05-10 01:33:10 [INFO] [Consumer clientId=consumer-school-group-2, groupId=school-group] Node 0 disconnected.
2026-05-10 01:33:10 [WARN] [Consumer clientId=consumer-school-group-2, groupId=school-group] Connection to node 0 (DESKTOP-8IHU6CM/192.168.56.1:9092) could not be established. Broker may not be available.
2026-05-10 01:33:13 [INFO] [Consumer clientId=consumer-school-group-2, groupId=school-group] Node 0 disconnected.
2026-05-10 01:33:13 [WARN] [Consumer clientId=consumer-school-group-2, groupId=school-group] Connection to node 0 (DESKTOP-8IHU6CM/192.168.137.1:9092) could not be established. Broker may not be available.
2026-05-10 01:33:13 [INFO] [Consumer clientId=consumer-school-group-2, groupId=school-group] Error sending fetch request (sessionId=1999736093, epoch=INITIAL) to node 0:
org.apache.kafka.common.errors.DisconnectException: null
2026-05-10 01:33:16 [INFO] [Consumer clientId=consumer-school-group-2, groupId=school-group] Node 0 disconnected.
2026-05-10 01:33:16 [WARN] [Consumer clientId=consumer-school-group-2, groupId=school-group] Connection to node 0 (DESKTOP-8IHU6CM/192.168.1.9:9092) could not be established. Broker may not be available.
2026-05-10 01:33:19 [INFO] [Consumer clientId=consumer-school-group-2, groupId=school-group] Node 0 disconnected.
2026-05-10 01:33:19 [WARN] [Consumer clientId=consumer-school-group-2, groupId=school-group] Connection to node 0 (DESKTOP-8IHU6CM/192.168.56.1:9092) could not be established. Broker may not be available.
2026-05-10 01:33:22 [INFO] [Consumer clientId=consumer-school-group-2, groupId=school-group] Node 0 disconnected.
2026-05-10 01:33:22 [WARN] [Consumer clientId=consumer-school-group-2, groupId=school-group] Connection to node 0 (DESKTOP-8IHU6CM/192.168.137.1:9092) could not be established. Broker may not be available.
2026-05-10 01:33:22 [INFO] [Consumer clientId=consumer-school-group-2, groupId=school-group] Error sending fetch request (sessionId=1999736093, epoch=INITIAL) to node 0:
org.apache.kafka.common.errors.DisconnectException: null
2026-05-10 01:33:26 [INFO] [Consumer clientId=consumer-school-group-2, groupId=school-group] Node 0 disconnected.
2026-05-10 01:33:26 [WARN] [Consumer clientId=consumer-school-group-2, groupId=school-group] Connection to node 0 (DESKTOP-8IHU6CM/192.168.1.9:9092) could not be established. Broker may not be available.
2026-05-10 01:33:29 [INFO] [Consumer clientId=consumer-school-group-2, groupId=school-group] Node 0 disconnected.
2026-05-10 01:33:29 [WARN] [Consumer clientId=consumer-school-group-2, groupId=school-group] Connection to node 0 (DESKTOP-8IHU6CM/192.168.56.1:9092) could not be established. Broker may not be available.
2026-05-10 01:33:29 [INFO] [Consumer clientId=consumer-school-group-2, groupId=school-group] Error sending fetch request (sessionId=1999736093, epoch=INITIAL) to node 0:
org.apache.kafka.common.errors.DisconnectException: null
2026-05-10 01:33:32 [INFO] [Consumer clientId=consumer-school-group-2, groupId=school-group] Node 0 disconnected.
2026-05-10 01:33:32 [WARN] [Consumer clientId=consumer-school-group-2, groupId=school-group] Connection to node 0 (DESKTOP-8IHU6CM/192.168.137.1:9092) could not be established. Broker may not be available.
2026-05-10 01:33:35 [INFO] [Consumer clientId=consumer-school-group-2, groupId=school-group] Node 0 disconnected.
2026-05-10 01:33:35 [WARN] [Consumer clientId=consumer-school-group-2, groupId=school-group] Connection to node 0 (DESKTOP-8IHU6CM/192.168.1.9:9092) could not be established. Broker may not be available.
2026-05-10 01:33:38 [INFO] [Consumer clientId=consumer-school-group-2, groupId=school-group] Node 0 disconnected.
2026-05-10 01:33:38 [WARN] [Consumer clientId=consumer-school-group-2, groupId=school-group] Connection to node 0 (DESKTOP-8IHU6CM/192.168.56.1:9092) could not be established. Broker may not be available.
2026-05-10 01:33:38 [INFO] [Consumer clientId=consumer-school-group-2, groupId=school-group] Error sending fetch request (sessionId=1999736093, epoch=INITIAL) to node 0:
org.apache.kafka.common.errors.DisconnectException: null
2026-05-10 01:33:41 [INFO] [Consumer clientId=consumer-school-group-2, groupId=school-group] Node 0 disconnected.
2026-05-10 01:33:41 [WARN] [Consumer clientId=consumer-school-group-2, groupId=school-group] Connection to node 0 (DESKTOP-8IHU6CM/192.168.137.1:9092) could not be established. Broker may not be available.
2026-05-10 01:33:44 [INFO] [Consumer clientId=consumer-school-group-2, groupId=school-group] Node 0 disconnected.
2026-05-10 01:33:44 [WARN] [Consumer clientId=consumer-school-group-2, groupId=school-group] Connection to node 0 (DESKTOP-8IHU6CM/192.168.1.9:9092) could not be established. Broker may not be available.
2026-05-10 01:33:44 [INFO] [Consumer clientId=consumer-school-group-2, groupId=school-group] Error sending fetch request (sessionId=1999736093, epoch=INITIAL) to node 0:
org.apache.kafka.common.errors.DisconnectException: null
2026-05-10 01:33:47 [INFO] [Consumer clientId=consumer-school-group-2, groupId=school-group] Node 0 disconnected.
2026-05-10 01:33:47 [WARN] [Consumer clientId=consumer-school-group-2, groupId=school-group] Connection to node 0 (DESKTOP-8IHU6CM/192.168.56.1:9092) could not be established. Broker may not be available.
2026-05-10 01:33:50 [INFO] [Consumer clientId=consumer-school-group-2, groupId=school-group] Node 0 disconnected.
2026-05-10 01:33:50 [WARN] [Consumer clientId=consumer-school-group-2, groupId=school-group] Connection to node 0 (DESKTOP-8IHU6CM/192.168.137.1:9092) could not be established. Broker may not be available.
2026-05-10 01:33:53 [INFO] [Consumer clientId=consumer-school-group-2, groupId=school-group] Node 0 disconnected.
2026-05-10 01:33:53 [WARN] [Consumer clientId=consumer-school-group-2, groupId=school-group] Connection to node 0 (DESKTOP-8IHU6CM/192.168.1.9:9092) could not be established. Broker may not be available.
2026-05-10 01:33:53 [INFO] [Consumer clientId=consumer-school-group-2, groupId=school-group] Error sending fetch request (sessionId=1999736093, epoch=INITIAL) to node 0:
org.apache.kafka.common.errors.DisconnectException: null
2026-05-10 01:33:56 [INFO] [Consumer clientId=consumer-school-group-2, groupId=school-group] Node 0 disconnected.
2026-05-10 01:33:56 [WARN] [Consumer clientId=consumer-school-group-2, groupId=school-group] Connection to node 0 (DESKTOP-8IHU6CM/192.168.56.1:9092) could not be established. Broker may not be available.
2026-05-10 01:34:00 [INFO] [Consumer clientId=consumer-school-group-2, groupId=school-group] Node 0 disconnected.
2026-05-10 01:34:00 [WARN] [Consumer clientId=consumer-school-group-2, groupId=school-group] Connection to node 0 (DESKTOP-8IHU6CM/192.168.137.1:9092) could not be established. Broker may not be available.
2026-05-10 01:34:03 [INFO] [Consumer clientId=consumer-school-group-2, groupId=school-group] Node 0 disconnected.
2026-05-10 01:34:03 [WARN] [Consumer clientId=consumer-school-group-2, groupId=school-group] Connection to node 0 (DESKTOP-8IHU6CM/192.168.1.9:9092) could not be established. Broker may not be available.
2026-05-10 01:34:03 [INFO] [Consumer clientId=consumer-school-group-2, groupId=school-group] Error sending fetch request (sessionId=1999736093, epoch=INITIAL) to node 0:
org.apache.kafka.common.errors.DisconnectException: null
2026-05-10 01:34:06 [INFO] [Consumer clientId=consumer-school-group-2, groupId=school-group] Node 0 disconnected.
2026-05-10 01:34:06 [WARN] [Consumer clientId=consumer-school-group-2, groupId=school-group] Connection to node 0 (DESKTOP-8IHU6CM/192.168.56.1:9092) could not be established. Broker may not be available.
2026-05-10 01:34:09 [INFO] [Consumer clientId=consumer-school-group-2, groupId=school-group] Node 0 disconnected.
2026-05-10 01:34:09 [WARN] [Consumer clientId=consumer-school-group-2, groupId=school-group] Connection to node 0 (DESKTOP-8IHU6CM/192.168.137.1:9092) could not be established. Broker may not be available.
2026-05-10 01:34:09 [INFO] [Consumer clientId=consumer-school-group-2, groupId=school-group] Error sending fetch request (sessionId=1999736093, epoch=INITIAL) to node 0:
org.apache.kafka.common.errors.DisconnectException: null
2026-05-10 01:34:12 [INFO] [Consumer clientId=consumer-school-group-2, groupId=school-group] Node 0 disconnected.
2026-05-10 01:34:12 [WARN] [Consumer clientId=consumer-school-group-2, groupId=school-group] Connection to node 0 (DESKTOP-8IHU6CM/192.168.1.9:9092) could not be established. Broker may not be available.
2026-05-10 01:34:15 [INFO] [Consumer clientId=consumer-school-group-2, groupId=school-group] Node 0 disconnected.
2026-05-10 01:34:15 [WARN] [Consumer clientId=consumer-school-group-2, groupId=school-group] Connection to node 0 (DESKTOP-8IHU6CM/192.168.56.1:9092) could not be established. Broker may not be available.
2026-05-10 01:34:18 [INFO] [Consumer clientId=consumer-school-group-2, groupId=school-group] Node 0 disconnected.
2026-05-10 01:34:18 [WARN] [Consumer clientId=consumer-school-group-2, groupId=school-group] Connection to node 0 (DESKTOP-8IHU6CM/192.168.137.1:9092) could not be established. Broker may not be available.
2026-05-10 01:34:18 [INFO] [Consumer clientId=consumer-school-group-2, groupId=school-group] Error sending fetch request (sessionId=1999736093, epoch=INITIAL) to node 0:
org.apache.kafka.common.errors.DisconnectException: null
2026-05-10 01:34:21 [INFO] [Consumer clientId=consumer-school-group-2, groupId=school-group] Node 0 disconnected.
2026-05-10 01:34:21 [WARN] [Consumer clientId=consumer-school-group-2, groupId=school-group] Connection to node 0 (DESKTOP-8IHU6CM/192.168.1.9:9092) could not be established. Broker may not be available.
2026-05-10 01:34:24 [INFO] [Consumer clientId=consumer-school-group-2, groupId=school-group] Node 0 disconnected.
2026-05-10 01:34:24 [WARN] [Consumer clientId=consumer-school-group-2, groupId=school-group] Connection to node 0 (DESKTOP-8IHU6CM/192.168.56.1:9092) could not be established. Broker may not be available.
2026-05-10 01:34:27 [INFO] [Consumer clientId=consumer-school-group-2, groupId=school-group] Node 0 disconnected.
2026-05-10 01:34:27 [WARN] [Consumer clientId=consumer-school-group-2, groupId=school-group] Connection to node 0 (DESKTOP-8IHU6CM/192.168.137.1:9092) could not be established. Broker may not be available.
2026-05-10 01:34:27 [INFO] [Consumer clientId=consumer-school-group-2, groupId=school-group] Error sending fetch request (sessionId=1999736093, epoch=INITIAL) to node 0:
org.apache.kafka.common.errors.DisconnectException: null
2026-05-10 01:34:30 [INFO] [Consumer clientId=consumer-school-group-2, groupId=school-group] Node 0 disconnected.
2026-05-10 01:34:30 [WARN] [Consumer clientId=consumer-school-group-2, groupId=school-group] Connection to node 0 (DESKTOP-8IHU6CM/192.168.1.9:9092) could not be established. Broker may not be available.
2026-05-10 01:34:34 [INFO] [Consumer clientId=consumer-school-group-2, groupId=school-group] Node 0 disconnected.
2026-05-10 01:34:34 [WARN] [Consumer clientId=consumer-school-group-2, groupId=school-group] Connection to node 0 (DESKTOP-8IHU6CM/192.168.56.1:9092) could not be established. Broker may not be available.
2026-05-10 01:34:34 [INFO] [Consumer clientId=consumer-school-group-2, groupId=school-group] Error sending fetch request (sessionId=1999736093, epoch=INITIAL) to node 0:
org.apache.kafka.common.errors.DisconnectException: null
2026-05-10 01:34:37 [INFO] [Consumer clientId=consumer-school-group-2, groupId=school-group] Node 0 disconnected.
2026-05-10 01:34:37 [WARN] [Consumer clientId=consumer-school-group-2, groupId=school-group] Connection to node 0 (DESKTOP-8IHU6CM/192.168.137.1:9092) could not be established. Broker may not be available.
2026-05-10 01:34:40 [INFO] [Consumer clientId=consumer-school-group-2, groupId=school-group] Node 0 disconnected.
2026-05-10 01:34:40 [WARN] [Consumer clientId=consumer-school-group-2, groupId=school-group] Connection to node 0 (DESKTOP-8IHU6CM/192.168.1.9:9092) could not be established. Broker may not be available.
2026-05-10 01:34:43 [INFO] [Consumer clientId=consumer-school-group-2, groupId=school-group] Node 0 disconnected.
2026-05-10 01:34:43 [WARN] [Consumer clientId=consumer-school-group-2, groupId=school-group] Connection to node 0 (DESKTOP-8IHU6CM/192.168.56.1:9092) could not be established. Broker may not be available.
2026-05-10 01:34:43 [INFO] [Consumer clientId=consumer-school-group-2, groupId=school-group] Error sending fetch request (sessionId=1999736093, epoch=INITIAL) to node 0:
org.apache.kafka.common.errors.DisconnectException: null
2026-05-10 01:34:46 [INFO] [Consumer clientId=consumer-school-group-2, groupId=school-group] Node 0 disconnected.
2026-05-10 01:34:46 [WARN] [Consumer clientId=consumer-school-group-2, groupId=school-group] Connection to node 0 (DESKTOP-8IHU6CM/192.168.137.1:9092) could not be established. Broker may not be available.
2026-05-10 01:34:49 [INFO] [Consumer clientId=consumer-school-group-2, groupId=school-group] Node 0 disconnected.
2026-05-10 01:34:49 [WARN] [Consumer clientId=consumer-school-group-2, groupId=school-group] Connection to node 0 (DESKTOP-8IHU6CM/192.168.1.9:9092) could not be established. Broker may not be available.
2026-05-10 01:34:49 [INFO] [Consumer clientId=consumer-school-group-2, groupId=school-group] Error sending fetch request (sessionId=1999736093, epoch=INITIAL) to node 0:
org.apache.kafka.common.errors.DisconnectException: null
2026-05-10 01:34:52 [INFO] [Consumer clientId=consumer-school-group-2, groupId=school-group] Node 0 disconnected.
2026-05-10 01:34:52 [WARN] [Consumer clientId=consumer-school-group-2, groupId=school-group] Connection to node 0 (DESKTOP-8IHU6CM/192.168.56.1:9092) could not be established. Broker may not be available.
2026-05-10 01:34:52 [INFO] [Consumer clientId=consumer-school-group-2, groupId=school-group] Error sending fetch request (sessionId=1999736093, epoch=INITIAL) to node 0:
org.apache.kafka.common.errors.DisconnectException: null
2026-05-10 01:34:55 [INFO] [Consumer clientId=consumer-school-group-2, groupId=school-group] Node 0 disconnected.
2026-05-10 01:34:55 [WARN] [Consumer clientId=consumer-school-group-2, groupId=school-group] Connection to node 0 (DESKTOP-8IHU6CM/192.168.137.1:9092) could not be established. Broker may not be available.
2026-05-10 01:34:58 [INFO] [Consumer clientId=consumer-school-group-2, groupId=school-group] Node 0 disconnected.
2026-05-10 01:34:58 [WARN] [Consumer clientId=consumer-school-group-2, groupId=school-group] Connection to node 0 (DESKTOP-8IHU6CM/192.168.1.9:9092) could not be established. Broker may not be available.
2026-05-10 01:34:58 [INFO] [Consumer clientId=consumer-school-group-2, groupId=school-group] Error sending fetch request (sessionId=1999736093, epoch=INITIAL) to node 0:
org.apache.kafka.common.errors.DisconnectException: null
2026-05-10 01:35:01 [INFO] [Consumer clientId=consumer-school-group-2, groupId=school-group] Node 0 disconnected.
2026-05-10 01:35:01 [WARN] [Consumer clientId=consumer-school-group-2, groupId=school-group] Connection to node 0 (DESKTOP-8IHU6CM/192.168.56.1:9092) could not be established. Broker may not be available.
2026-05-10 01:35:05 [INFO] [Consumer clientId=consumer-school-group-2, groupId=school-group] Node 0 disconnected.
2026-05-10 01:35:05 [WARN] [Consumer clientId=consumer-school-group-2, groupId=school-group] Connection to node 0 (DESKTOP-8IHU6CM/192.168.137.1:9092) could not be established. Broker may not be available.
2026-05-10 01:35:08 [INFO] [Consumer clientId=consumer-school-group-2, groupId=school-group] Node 0 disconnected.
2026-05-10 01:35:08 [WARN] [Consumer clientId=consumer-school-group-2, groupId=school-group] Connection to node 0 (DESKTOP-8IHU6CM/192.168.1.9:9092) could not be established. Broker may not be available.
2026-05-10 01:35:08 [INFO] [Consumer clientId=consumer-school-group-2, groupId=school-group] Error sending fetch request (sessionId=1999736093, epoch=INITIAL) to node 0:
org.apache.kafka.common.errors.DisconnectException: null
2026-05-10 01:35:11 [INFO] [Consumer clientId=consumer-school-group-2, groupId=school-group] Node 0 disconnected.
2026-05-10 01:35:11 [WARN] [Consumer clientId=consumer-school-group-2, groupId=school-group] Connection to node 0 (DESKTOP-8IHU6CM/192.168.56.1:9092) could not be established. Broker may not be available.
2026-05-10 01:35:13 [INFO] [Consumer clientId=consumer-school-group-2, groupId=school-group] Node 0 disconnected.
2026-05-10 01:35:13 [WARN] [Consumer clientId=consumer-school-group-2, groupId=school-group] Connection to node 0 (DESKTOP-8IHU6CM/192.168.137.1:9092) could not be established. Broker may not be available.
2026-05-10 01:35:13 [INFO] [Consumer clientId=consumer-school-group-2, groupId=school-group] Error sending fetch request (sessionId=1999736093, epoch=INITIAL) to node 0:
org.apache.kafka.common.errors.DisconnectException: null
2026-05-10 01:35:17 [INFO] [Consumer clientId=consumer-school-group-2, groupId=school-group] Node 0 disconnected.
2026-05-10 01:35:17 [WARN] [Consumer clientId=consumer-school-group-2, groupId=school-group] Connection to node 0 (DESKTOP-8IHU6CM/192.168.1.9:9092) could not be established. Broker may not be available.
2026-05-10 01:35:20 [INFO] [Consumer clientId=consumer-school-group-2, groupId=school-group] Node 0 disconnected.
2026-05-10 01:35:20 [WARN] [Consumer clientId=consumer-school-group-2, groupId=school-group] Connection to node 0 (DESKTOP-8IHU6CM/192.168.56.1:9092) could not be established. Broker may not be available.
2026-05-10 01:35:23 [INFO] [Consumer clientId=consumer-school-group-2, groupId=school-group] Node 0 disconnected.
2026-05-10 01:35:23 [WARN] [Consumer clientId=consumer-school-group-2, groupId=school-group] Connection to node 0 (DESKTOP-8IHU6CM/192.168.137.1:9092) could not be established. Broker may not be available.
2026-05-10 01:35:23 [INFO] [Consumer clientId=consumer-school-group-2, groupId=school-group] Error sending fetch request (sessionId=1999736093, epoch=INITIAL) to node 0:
org.apache.kafka.common.errors.DisconnectException: null
2026-05-10 01:35:26 [INFO] [Consumer clientId=consumer-school-group-2, groupId=school-group] Node 0 disconnected.
2026-05-10 01:35:26 [WARN] [Consumer clientId=consumer-school-group-2, groupId=school-group] Connection to node 0 (DESKTOP-8IHU6CM/192.168.1.9:9092) could not be established. Broker may not be available.
2026-05-10 01:35:29 [INFO] [Consumer clientId=consumer-school-group-2, groupId=school-group] Node 0 disconnected.
2026-05-10 01:35:29 [WARN] [Consumer clientId=consumer-school-group-2, groupId=school-group] Connection to node 0 (DESKTOP-8IHU6CM/192.168.56.1:9092) could not be established. Broker may not be available.
2026-05-10 01:35:29 [INFO] [Consumer clientId=consumer-school-group-2, groupId=school-group] Error sending fetch request (sessionId=1999736093, epoch=INITIAL) to node 0:
org.apache.kafka.common.errors.DisconnectException: null
2026-05-10 01:35:32 [INFO] [Consumer clientId=consumer-school-group-2, groupId=school-group] Node 0 disconnected.
2026-05-10 01:35:32 [WARN] [Consumer clientId=consumer-school-group-2, groupId=school-group] Connection to node 0 (DESKTOP-8IHU6CM/192.168.137.1:9092) could not be established. Broker may not be available.
2026-05-10 01:35:35 [INFO] [Consumer clientId=consumer-school-group-2, groupId=school-group] Node 0 disconnected.
2026-05-10 01:35:35 [WARN] [Consumer clientId=consumer-school-group-2, groupId=school-group] Connection to node 0 (DESKTOP-8IHU6CM/192.168.1.9:9092) could not be established. Broker may not be available.
2026-05-10 01:35:38 [INFO] [Consumer clientId=consumer-school-group-2, groupId=school-group] Node 0 disconnected.
2026-05-10 01:35:38 [WARN] [Consumer clientId=consumer-school-group-2, groupId=school-group] Connection to node 0 (DESKTOP-8IHU6CM/192.168.56.1:9092) could not be established. Broker may not be available.
2026-05-10 01:35:38 [INFO] [Consumer clientId=consumer-school-group-2, groupId=school-group] Error sending fetch request (sessionId=1999736093, epoch=INITIAL) to node 0:
org.apache.kafka.common.errors.DisconnectException: null
2026-05-10 01:35:41 [INFO] [Consumer clientId=consumer-school-group-2, groupId=school-group] Node 0 disconnected.
2026-05-10 01:35:41 [WARN] [Consumer clientId=consumer-school-group-2, groupId=school-group] Connection to node 0 (DESKTOP-8IHU6CM/192.168.137.1:9092) could not be established. Broker may not be available.
2026-05-10 01:35:44 [INFO] [Consumer clientId=consumer-school-group-2, groupId=school-group] Node 0 disconnected.
2026-05-10 01:35:44 [WARN] [Consumer clientId=consumer-school-group-2, groupId=school-group] Connection to node 0 (DESKTOP-8IHU6CM/192.168.1.9:9092) could not be established. Broker may not be available.
2026-05-10 01:35:44 [INFO] [Consumer clientId=consumer-school-group-2, groupId=school-group] Error sending fetch request (sessionId=1999736093, epoch=INITIAL) to node 0:
org.apache.kafka.common.errors.DisconnectException: null
2026-05-10 01:35:47 [INFO] [Consumer clientId=consumer-school-group-2, groupId=school-group] Node 0 disconnected.
2026-05-10 01:35:47 [WARN] [Consumer clientId=consumer-school-group-2, groupId=school-group] Connection to node 0 (DESKTOP-8IHU6CM/192.168.56.1:9092) could not be established. Broker may not be available.
2026-05-10 01:35:50 [INFO] [Consumer clientId=consumer-school-group-2, groupId=school-group] Node 0 disconnected.
2026-05-10 01:35:50 [WARN] [Consumer clientId=consumer-school-group-2, groupId=school-group] Connection to node 0 (DESKTOP-8IHU6CM/192.168.137.1:9092) could not be established. Broker may not be available.
2026-05-10 01:35:53 [INFO] [Consumer clientId=consumer-school-group-2, groupId=school-group] Node 0 disconnected.
2026-05-10 01:35:53 [WARN] [Consumer clientId=consumer-school-group-2, groupId=school-group] Connection to node 0 (DESKTOP-8IHU6CM/192.168.1.9:9092) could not be established. Broker may not be available.
2026-05-10 01:35:53 [INFO] [Consumer clientId=consumer-school-group-2, groupId=school-group] Error sending fetch request (sessionId=1999736093, epoch=INITIAL) to node 0:
org.apache.kafka.common.errors.DisconnectException: null
2026-05-10 01:35:56 [INFO] [Consumer clientId=consumer-school-group-2, groupId=school-group] Node 0 disconnected.
2026-05-10 01:35:56 [WARN] [Consumer clientId=consumer-school-group-2, groupId=school-group] Connection to node 0 (DESKTOP-8IHU6CM/192.168.56.1:9092) could not be established. Broker may not be available.
2026-05-10 01:35:59 [INFO] [Consumer clientId=consumer-school-group-2, groupId=school-group] Node 0 disconnected.
2026-05-10 01:35:59 [WARN] [Consumer clientId=consumer-school-group-2, groupId=school-group] Connection to node 0 (DESKTOP-8IHU6CM/192.168.137.1:9092) could not be established. Broker may not be available.
2026-05-10 01:35:59 [INFO] [Consumer clientId=consumer-school-group-2, groupId=school-group] Error sending fetch request (sessionId=1999736093, epoch=INITIAL) to node 0:
org.apache.kafka.common.errors.DisconnectException: null
2026-05-10 01:36:02 [INFO] [Consumer clientId=consumer-school-group-2, groupId=school-group] Node 0 disconnected.
2026-05-10 01:36:02 [WARN] [Consumer clientId=consumer-school-group-2, groupId=school-group] Connection to node 0 (DESKTOP-8IHU6CM/192.168.1.9:9092) could not be established. Broker may not be available.
2026-05-10 01:36:05 [INFO] [Consumer clientId=consumer-school-group-2, groupId=school-group] Node 0 disconnected.
2026-05-10 01:36:05 [WARN] [Consumer clientId=consumer-school-group-2, groupId=school-group] Connection to node 0 (DESKTOP-8IHU6CM/192.168.56.1:9092) could not be established. Broker may not be available.
2026-05-10 01:36:08 [INFO] [Consumer clientId=consumer-school-group-2, groupId=school-group] Node 0 disconnected.
2026-05-10 01:36:08 [WARN] [Consumer clientId=consumer-school-group-2, groupId=school-group] Connection to node 0 (DESKTOP-8IHU6CM/192.168.137.1:9092) could not be established. Broker may not be available.
2026-05-10 01:36:08 [INFO] [Consumer clientId=consumer-school-group-2, groupId=school-group] Error sending fetch request (sessionId=1999736093, epoch=INITIAL) to node 0:
org.apache.kafka.common.errors.DisconnectException: null
2026-05-10 01:36:12 [INFO] [Consumer clientId=consumer-school-group-2, groupId=school-group] Node 0 disconnected.
2026-05-10 01:36:12 [WARN] [Consumer clientId=consumer-school-group-2, groupId=school-group] Connection to node 0 (DESKTOP-8IHU6CM/192.168.1.9:9092) could not be established. Broker may not be available.
2026-05-10 01:36:15 [INFO] [Consumer clientId=consumer-school-group-2, groupId=school-group] Node 0 disconnected.
2026-05-10 01:36:15 [WARN] [Consumer clientId=consumer-school-group-2, groupId=school-group] Connection to node 0 (DESKTOP-8IHU6CM/192.168.56.1:9092) could not be established. Broker may not be available.
2026-05-10 01:36:18 [INFO] [Consumer clientId=consumer-school-group-2, groupId=school-group] Node 0 disconnected.
2026-05-10 01:36:18 [WARN] [Consumer clientId=consumer-school-group-2, groupId=school-group] Connection to node 0 (DESKTOP-8IHU6CM/192.168.137.1:9092) could not be established. Broker may not be available.
2026-05-10 01:36:18 [INFO] [Consumer clientId=consumer-school-group-2, groupId=school-group] Error sending fetch request (sessionId=1999736093, epoch=INITIAL) to node 0:
org.apache.kafka.common.errors.DisconnectException: null
2026-05-10 01:36:20 [INFO] [Consumer clientId=consumer-school-group-2, groupId=school-group] Node 0 disconnected.
2026-05-10 01:36:20 [WARN] [Consumer clientId=consumer-school-group-2, groupId=school-group] Connection to node 0 (DESKTOP-8IHU6CM/192.168.1.9:9092) could not be established. Broker may not be available.
2026-05-10 01:36:24 [INFO] [Consumer clientId=consumer-school-group-2, groupId=school-group] Node 0 disconnected.
2026-05-10 01:36:24 [WARN] [Consumer clientId=consumer-school-group-2, groupId=school-group] Connection to node 0 (DESKTOP-8IHU6CM/192.168.56.1:9092) could not be established. Broker may not be available.
2026-05-10 01:36:24 [INFO] [Consumer clientId=consumer-school-group-2, groupId=school-group] Error sending fetch request (sessionId=1999736093, epoch=INITIAL) to node 0:
org.apache.kafka.common.errors.DisconnectException: null
2026-05-10 01:36:27 [INFO] [Consumer clientId=consumer-school-group-2, groupId=school-group] Node 0 disconnected.
2026-05-10 01:36:27 [WARN] [Consumer clientId=consumer-school-group-2, groupId=school-group] Connection to node 0 (DESKTOP-8IHU6CM/192.168.137.1:9092) could not be established. Broker may not be available.
2026-05-10 01:36:30 [INFO] [Consumer clientId=consumer-school-group-2, groupId=school-group] Node 0 disconnected.
2026-05-10 01:36:30 [WARN] [Consumer clientId=consumer-school-group-2, groupId=school-group] Connection to node 0 (DESKTOP-8IHU6CM/192.168.1.9:9092) could not be established. Broker may not be available.
2026-05-10 01:36:32 [INFO] [Consumer clientId=consumer-school-group-2, groupId=school-group] Node 0 disconnected.
2026-05-10 01:36:32 [WARN] [Consumer clientId=consumer-school-group-2, groupId=school-group] Connection to node 0 (DESKTOP-8IHU6CM/192.168.56.1:9092) could not be established. Broker may not be available.
2026-05-10 01:36:32 [INFO] [Consumer clientId=consumer-school-group-2, groupId=school-group] Error sending fetch request (sessionId=1999736093, epoch=INITIAL) to node 0:
org.apache.kafka.common.errors.DisconnectException: null
2026-05-10 01:36:35 [INFO] [Consumer clientId=consumer-school-group-2, groupId=school-group] Node 0 disconnected.
2026-05-10 01:36:35 [WARN] [Consumer clientId=consumer-school-group-2, groupId=school-group] Connection to node 0 (DESKTOP-8IHU6CM/192.168.137.1:9092) could not be established. Broker may not be available.
2026-05-10 01:36:39 [INFO] [Consumer clientId=consumer-school-group-2, groupId=school-group] Node 0 disconnected.
2026-05-10 01:36:39 [WARN] [Consumer clientId=consumer-school-group-2, groupId=school-group] Connection to node 0 (DESKTOP-8IHU6CM/192.168.1.9:9092) could not be established. Broker may not be available.
2026-05-10 01:36:39 [INFO] [Consumer clientId=consumer-school-group-2, groupId=school-group] Error sending fetch request (sessionId=1999736093, epoch=INITIAL) to node 0:
org.apache.kafka.common.errors.DisconnectException: null
2026-05-10 01:36:42 [INFO] [Consumer clientId=consumer-school-group-2, groupId=school-group] Node 0 disconnected.
2026-05-10 01:36:42 [WARN] [Consumer clientId=consumer-school-group-2, groupId=school-group] Connection to node 0 (DESKTOP-8IHU6CM/192.168.56.1:9092) could not be established. Broker may not be available.
2026-05-10 01:36:45 [INFO] [Consumer clientId=consumer-school-group-2, groupId=school-group] Node 0 disconnected.
2026-05-10 01:36:45 [WARN] [Consumer clientId=consumer-school-group-2, groupId=school-group] Connection to node 0 (DESKTOP-8IHU6CM/192.168.137.1:9092) could not be established. Broker may not be available.
2026-05-10 01:36:48 [INFO] [Consumer clientId=consumer-school-group-2, groupId=school-group] Node 0 disconnected.
2026-05-10 01:36:48 [WARN] [Consumer clientId=consumer-school-group-2, groupId=school-group] Connection to node 0 (DESKTOP-8IHU6CM/192.168.1.9:9092) could not be established. Broker may not be available.
2026-05-10 01:36:48 [INFO] [Consumer clientId=consumer-school-group-2, groupId=school-group] Error sending fetch request (sessionId=1999736093, epoch=INITIAL) to node 0:
org.apache.kafka.common.errors.DisconnectException: null
2026-05-10 01:36:51 [INFO] [Consumer clientId=consumer-school-group-2, groupId=school-group] Node 0 disconnected.
2026-05-10 01:36:51 [WARN] [Consumer clientId=consumer-school-group-2, groupId=school-group] Connection to node 0 (DESKTOP-8IHU6CM/192.168.56.1:9092) could not be established. Broker may not be available.
2026-05-10 01:36:54 [INFO] [Consumer clientId=consumer-school-group-2, groupId=school-group] Node 0 disconnected.
2026-05-10 01:36:54 [WARN] [Consumer clientId=consumer-school-group-2, groupId=school-group] Connection to node 0 (DESKTOP-8IHU6CM/192.168.137.1:9092) could not be established. Broker may not be available.
2026-05-10 01:36:54 [INFO] [Consumer clientId=consumer-school-group-2, groupId=school-group] Error sending fetch request (sessionId=1999736093, epoch=INITIAL) to node 0:
org.apache.kafka.common.errors.DisconnectException: null
2026-05-10 01:36:57 [INFO] [Consumer clientId=consumer-school-group-2, groupId=school-group] Node 0 disconnected.
2026-05-10 01:36:57 [WARN] [Consumer clientId=consumer-school-group-2, groupId=school-group] Connection to node 0 (DESKTOP-8IHU6CM/192.168.1.9:9092) could not be established. Broker may not be available.
2026-05-10 01:37:00 [INFO] [Consumer clientId=consumer-school-group-2, groupId=school-group] Node 0 disconnected.
2026-05-10 01:37:00 [WARN] [Consumer clientId=consumer-school-group-2, groupId=school-group] Connection to node 0 (DESKTOP-8IHU6CM/192.168.56.1:9092) could not be established. Broker may not be available.
2026-05-10 01:37:03 [INFO] [Consumer clientId=consumer-school-group-2, groupId=school-group] Node 0 disconnected.
2026-05-10 01:37:03 [WARN] [Consumer clientId=consumer-school-group-2, groupId=school-group] Connection to node 0 (DESKTOP-8IHU6CM/192.168.137.1:9092) could not be established. Broker may not be available.
2026-05-10 01:37:03 [INFO] [Consumer clientId=consumer-school-group-2, groupId=school-group] Error sending fetch request (sessionId=1999736093, epoch=INITIAL) to node 0:
org.apache.kafka.common.errors.DisconnectException: null
2026-05-10 01:37:06 [INFO] [Consumer clientId=consumer-school-group-2, groupId=school-group] Node 0 disconnected.
2026-05-10 01:37:06 [WARN] [Consumer clientId=consumer-school-group-2, groupId=school-group] Connection to node 0 (DESKTOP-8IHU6CM/192.168.1.9:9092) could not be established. Broker may not be available.
2026-05-10 01:37:09 [INFO] [Consumer clientId=consumer-school-group-2, groupId=school-group] Node 0 disconnected.
2026-05-10 01:37:09 [WARN] [Consumer clientId=consumer-school-group-2, groupId=school-group] Connection to node 0 (DESKTOP-8IHU6CM/192.168.56.1:9092) could not be established. Broker may not be available.
2026-05-10 01:37:09 [INFO] [Consumer clientId=consumer-school-group-2, groupId=school-group] Error sending fetch request (sessionId=1999736093, epoch=INITIAL) to node 0:
org.apache.kafka.common.errors.DisconnectException: null
2026-05-10 01:37:12 [INFO] [Consumer clientId=consumer-school-group-2, groupId=school-group] Node 0 disconnected.
2026-05-10 01:37:12 [WARN] [Consumer clientId=consumer-school-group-2, groupId=school-group] Connection to node 0 (DESKTOP-8IHU6CM/192.168.137.1:9092) could not be established. Broker may not be available.
2026-05-10 01:37:15 [INFO] [Consumer clientId=consumer-school-group-2, groupId=school-group] Node 0 disconnected.
2026-05-10 01:37:15 [WARN] [Consumer clientId=consumer-school-group-2, groupId=school-group] Connection to node 0 (DESKTOP-8IHU6CM/192.168.1.9:9092) could not be established. Broker may not be available.
2026-05-10 01:37:18 [INFO] [Consumer clientId=consumer-school-group-2, groupId=school-group] Node 0 disconnected.
2026-05-10 01:37:18 [WARN] [Consumer clientId=consumer-school-group-2, groupId=school-group] Connection to node 0 (DESKTOP-8IHU6CM/192.168.56.1:9092) could not be established. Broker may not be available.
2026-05-10 01:37:18 [INFO] [Consumer clientId=consumer-school-group-2, groupId=school-group] Error sending fetch request (sessionId=1999736093, epoch=INITIAL) to node 0:
org.apache.kafka.common.errors.DisconnectException: null
2026-05-10 01:37:21 [INFO] [Consumer clientId=consumer-school-group-2, groupId=school-group] Node 0 disconnected.
2026-05-10 01:37:21 [WARN] [Consumer clientId=consumer-school-group-2, groupId=school-group] Connection to node 0 (DESKTOP-8IHU6CM/192.168.137.1:9092) could not be established. Broker may not be available.
2026-05-10 01:37:24 [INFO] [Consumer clientId=consumer-school-group-2, groupId=school-group] Node 0 disconnected.
2026-05-10 01:37:24 [WARN] [Consumer clientId=consumer-school-group-2, groupId=school-group] Connection to node 0 (DESKTOP-8IHU6CM/192.168.1.9:9092) could not be established. Broker may not be available.
2026-05-10 01:37:24 [INFO] [Consumer clientId=consumer-school-group-2, groupId=school-group] Error sending fetch request (sessionId=1999736093, epoch=INITIAL) to node 0:
org.apache.kafka.common.errors.DisconnectException: null
2026-05-10 01:37:27 [INFO] [Consumer clientId=consumer-school-group-2, groupId=school-group] Node 0 disconnected.
2026-05-10 01:37:27 [WARN] [Consumer clientId=consumer-school-group-2, groupId=school-group] Connection to node 0 (DESKTOP-8IHU6CM/192.168.56.1:9092) could not be established. Broker may not be available.
2026-05-10 01:37:30 [INFO] [Consumer clientId=consumer-school-group-2, groupId=school-group] Node 0 disconnected.
2026-05-10 01:37:30 [WARN] [Consumer clientId=consumer-school-group-2, groupId=school-group] Connection to node 0 (DESKTOP-8IHU6CM/192.168.137.1:9092) could not be established. Broker may not be available.
2026-05-10 01:37:33 [INFO] [Consumer clientId=consumer-school-group-2, groupId=school-group] Node 0 disconnected.
2026-05-10 01:37:33 [WARN] [Consumer clientId=consumer-school-group-2, groupId=school-group] Connection to node 0 (DESKTOP-8IHU6CM/192.168.1.9:9092) could not be established. Broker may not be available.
2026-05-10 01:37:33 [INFO] [Consumer clientId=consumer-school-group-2, groupId=school-group] Error sending fetch request (sessionId=1999736093, epoch=INITIAL) to node 0:
org.apache.kafka.common.errors.DisconnectException: null
2026-05-10 01:37:36 [INFO] [Consumer clientId=consumer-school-group-2, groupId=school-group] Node 0 disconnected.
2026-05-10 01:37:36 [WARN] [Consumer clientId=consumer-school-group-2, groupId=school-group] Connection to node 0 (DESKTOP-8IHU6CM/192.168.56.1:9092) could not be established. Broker may not be available.
2026-05-10 01:37:40 [INFO] [Consumer clientId=consumer-school-group-2, groupId=school-group] Node 0 disconnected.
2026-05-10 01:37:40 [WARN] [Consumer clientId=consumer-school-group-2, groupId=school-group] Connection to node 0 (DESKTOP-8IHU6CM/192.168.137.1:9092) could not be established. Broker may not be available.
2026-05-10 01:37:43 [INFO] [Consumer clientId=consumer-school-group-2, groupId=school-group] Node 0 disconnected.
2026-05-10 01:37:43 [WARN] [Consumer clientId=consumer-school-group-2, groupId=school-group] Connection to node 0 (DESKTOP-8IHU6CM/192.168.1.9:9092) could not be established. Broker may not be available.
2026-05-10 01:37:43 [INFO] [Consumer clientId=consumer-school-group-2, groupId=school-group] Error sending fetch request (sessionId=1999736093, epoch=INITIAL) to node 0:
org.apache.kafka.common.errors.DisconnectException: null
2026-05-10 01:37:46 [INFO] [Consumer clientId=consumer-school-group-2, groupId=school-group] Node 0 disconnected.
2026-05-10 01:37:46 [WARN] [Consumer clientId=consumer-school-group-2, groupId=school-group] Connection to node 0 (DESKTOP-8IHU6CM/192.168.56.1:9092) could not be established. Broker may not be available.
2026-05-10 01:37:49 [INFO] [Consumer clientId=consumer-school-group-2, groupId=school-group] Node 0 disconnected.
2026-05-10 01:37:49 [WARN] [Consumer clientId=consumer-school-group-2, groupId=school-group] Connection to node 0 (DESKTOP-8IHU6CM/192.168.137.1:9092) could not be established. Broker may not be available.
2026-05-10 01:37:49 [INFO] [Consumer clientId=consumer-school-group-2, groupId=school-group] Error sending fetch request (sessionId=1999736093, epoch=INITIAL) to node 0:
org.apache.kafka.common.errors.DisconnectException: null
2026-05-10 01:37:52 [INFO] [Consumer clientId=consumer-school-group-2, groupId=school-group] Node 0 disconnected.
2026-05-10 01:37:52 [WARN] [Consumer clientId=consumer-school-group-2, groupId=school-group] Connection to node 0 (DESKTOP-8IHU6CM/192.168.1.9:9092) could not be established. Broker may not be available.
2026-05-10 01:37:55 [INFO] [Consumer clientId=consumer-school-group-2, groupId=school-group] Node 0 disconnected.
2026-05-10 01:37:55 [WARN] [Consumer clientId=consumer-school-group-2, groupId=school-group] Connection to node 0 (DESKTOP-8IHU6CM/192.168.56.1:9092) could not be established. Broker may not be available.
2026-05-10 01:37:58 [INFO] [Consumer clientId=consumer-school-group-2, groupId=school-group] Node 0 disconnected.
2026-05-10 01:37:58 [WARN] [Consumer clientId=consumer-school-group-2, groupId=school-group] Connection to node 0 (DESKTOP-8IHU6CM/192.168.137.1:9092) could not be established. Broker may not be available.
2026-05-10 01:37:58 [INFO] [Consumer clientId=consumer-school-group-2, groupId=school-group] Error sending fetch request (sessionId=1999736093, epoch=INITIAL) to node 0:
org.apache.kafka.common.errors.DisconnectException: null
2026-05-10 01:38:01 [INFO] [Consumer clientId=consumer-school-group-2, groupId=school-group] Node 0 disconnected.
2026-05-10 01:38:01 [WARN] [Consumer clientId=consumer-school-group-2, groupId=school-group] Connection to node 0 (DESKTOP-8IHU6CM/192.168.1.9:9092) could not be established. Broker may not be available.
2026-05-10 01:38:04 [INFO] [Consumer clientId=consumer-school-group-2, groupId=school-group] Node 0 disconnected.
2026-05-10 01:38:04 [WARN] [Consumer clientId=consumer-school-group-2, groupId=school-group] Connection to node 0 (DESKTOP-8IHU6CM/192.168.56.1:9092) could not be established. Broker may not be available.
2026-05-10 01:38:04 [INFO] [Consumer clientId=consumer-school-group-2, groupId=school-group] Error sending fetch request (sessionId=1999736093, epoch=INITIAL) to node 0:
org.apache.kafka.common.errors.DisconnectException: null
2026-05-10 01:38:07 [INFO] [Consumer clientId=consumer-school-group-2, groupId=school-group] Node 0 disconnected.
2026-05-10 01:38:07 [WARN] [Consumer clientId=consumer-school-group-2, groupId=school-group] Connection to node 0 (DESKTOP-8IHU6CM/192.168.137.1:9092) could not be established. Broker may not be available.
2026-05-10 01:38:10 [INFO] [Consumer clientId=consumer-school-group-2, groupId=school-group] Node 0 disconnected.
2026-05-10 01:38:10 [WARN] [Consumer clientId=consumer-school-group-2, groupId=school-group] Connection to node 0 (DESKTOP-8IHU6CM/192.168.1.9:9092) could not be established. Broker may not be available.
2026-05-10 01:38:13 [INFO] [Consumer clientId=consumer-school-group-2, groupId=school-group] Node 0 disconnected.
2026-05-10 01:38:13 [WARN] [Consumer clientId=consumer-school-group-2, groupId=school-group] Connection to node 0 (DESKTOP-8IHU6CM/192.168.56.1:9092) could not be established. Broker may not be available.
2026-05-10 01:38:13 [INFO] [Consumer clientId=consumer-school-group-2, groupId=school-group] Error sending fetch request (sessionId=1999736093, epoch=INITIAL) to node 0:
org.apache.kafka.common.errors.DisconnectException: null
2026-05-10 01:38:17 [INFO] [Consumer clientId=consumer-school-group-2, groupId=school-group] Node 0 disconnected.
2026-05-10 01:38:17 [WARN] [Consumer clientId=consumer-school-group-2, groupId=school-group] Connection to node 0 (DESKTOP-8IHU6CM/192.168.137.1:9092) could not be established. Broker may not be available.
2026-05-10 01:38:20 [INFO] [Consumer clientId=consumer-school-group-2, groupId=school-group] Node 0 disconnected.
2026-05-10 01:38:20 [WARN] [Consumer clientId=consumer-school-group-2, groupId=school-group] Connection to node 0 (DESKTOP-8IHU6CM/192.168.1.9:9092) could not be established. Broker may not be available.
2026-05-10 01:38:20 [INFO] [Consumer clientId=consumer-school-group-2, groupId=school-group] Error sending fetch request (sessionId=1999736093, epoch=INITIAL) to node 0:
org.apache.kafka.common.errors.DisconnectException: null
2026-05-10 01:38:22 [INFO] [Consumer clientId=consumer-school-group-2, groupId=school-group] Node 0 disconnected.
2026-05-10 01:38:22 [WARN] [Consumer clientId=consumer-school-group-2, groupId=school-group] Connection to node 0 (DESKTOP-8IHU6CM/192.168.56.1:9092) could not be established. Broker may not be available.
2026-05-10 01:38:25 [INFO] [Consumer clientId=consumer-school-group-2, groupId=school-group] Node 0 disconnected.
2026-05-10 01:38:25 [WARN] [Consumer clientId=consumer-school-group-2, groupId=school-group] Connection to node 0 (DESKTOP-8IHU6CM/192.168.137.1:9092) could not be established. Broker may not be available.
2026-05-10 01:38:29 [INFO] [Consumer clientId=consumer-school-group-2, groupId=school-group] Node 0 disconnected.
2026-05-10 01:38:29 [WARN] [Consumer clientId=consumer-school-group-2, groupId=school-group] Connection to node 0 (DESKTOP-8IHU6CM/192.168.1.9:9092) could not be established. Broker may not be available.
2026-05-10 01:38:29 [INFO] [Consumer clientId=consumer-school-group-2, groupId=school-group] Error sending fetch request (sessionId=1999736093, epoch=INITIAL) to node 0:
org.apache.kafka.common.errors.DisconnectException: null
2026-05-10 01:38:32 [INFO] [Consumer clientId=consumer-school-group-2, groupId=school-group] Node 0 disconnected.
2026-05-10 01:38:32 [WARN] [Consumer clientId=consumer-school-group-2, groupId=school-group] Connection to node 0 (DESKTOP-8IHU6CM/192.168.56.1:9092) could not be established. Broker may not be available.
2026-05-10 01:38:35 [INFO] [Consumer clientId=consumer-school-group-2, groupId=school-group] Node 0 disconnected.
2026-05-10 01:38:35 [WARN] [Consumer clientId=consumer-school-group-2, groupId=school-group] Connection to node 0 (DESKTOP-8IHU6CM/192.168.137.1:9092) could not be established. Broker may not be available.
2026-05-10 01:38:38 [INFO] [Consumer clientId=consumer-school-group-2, groupId=school-group] Node 0 disconnected.
2026-05-10 01:38:38 [WARN] [Consumer clientId=consumer-school-group-2, groupId=school-group] Connection to node 0 (DESKTOP-8IHU6CM/192.168.1.9:9092) could not be established. Broker may not be available.
2026-05-10 01:38:38 [INFO] [Consumer clientId=consumer-school-group-2, groupId=school-group] Error sending fetch request (sessionId=1999736093, epoch=INITIAL) to node 0:
org.apache.kafka.common.errors.DisconnectException: null
2026-05-10 01:38:41 [INFO] [Consumer clientId=consumer-school-group-2, groupId=school-group] Node 0 disconnected.
2026-05-10 01:38:41 [WARN] [Consumer clientId=consumer-school-group-2, groupId=school-group] Connection to node 0 (DESKTOP-8IHU6CM/192.168.56.1:9092) could not be established. Broker may not be available.
2026-05-10 01:38:44 [INFO] [Consumer clientId=consumer-school-group-2, groupId=school-group] Node 0 disconnected.
2026-05-10 01:38:44 [WARN] [Consumer clientId=consumer-school-group-2, groupId=school-group] Connection to node 0 (DESKTOP-8IHU6CM/192.168.137.1:9092) could not be established. Broker may not be available.
2026-05-10 01:38:44 [INFO] [Consumer clientId=consumer-school-group-2, groupId=school-group] Error sending fetch request (sessionId=1999736093, epoch=INITIAL) to node 0:
org.apache.kafka.common.errors.DisconnectException: null
2026-05-10 01:38:48 [INFO] [Consumer clientId=consumer-school-group-2, groupId=school-group] Node 0 disconnected.
2026-05-10 01:38:48 [WARN] [Consumer clientId=consumer-school-group-2, groupId=school-group] Connection to node 0 (DESKTOP-8IHU6CM/192.168.1.9:9092) could not be established. Broker may not be available.
2026-05-10 01:38:50 [INFO] [Consumer clientId=consumer-school-group-2, groupId=school-group] Node 0 disconnected.
2026-05-10 01:38:50 [WARN] [Consumer clientId=consumer-school-group-2, groupId=school-group] Connection to node 0 (DESKTOP-8IHU6CM/192.168.56.1:9092) could not be established. Broker may not be available.
2026-05-10 01:38:53 [INFO] [Consumer clientId=consumer-school-group-2, groupId=school-group] Node 0 disconnected.
2026-05-10 01:38:53 [WARN] [Consumer clientId=consumer-school-group-2, groupId=school-group] Connection to node 0 (DESKTOP-8IHU6CM/192.168.137.1:9092) could not be established. Broker may not be available.
2026-05-10 01:38:53 [INFO] [Consumer clientId=consumer-school-group-2, groupId=school-group] Error sending fetch request (sessionId=1999736093, epoch=INITIAL) to node 0:
org.apache.kafka.common.errors.DisconnectException: null
2026-05-10 01:38:57 [INFO] [Consumer clientId=consumer-school-group-2, groupId=school-group] Node 0 disconnected.
2026-05-10 01:38:57 [WARN] [Consumer clientId=consumer-school-group-2, groupId=school-group] Connection to node 0 (DESKTOP-8IHU6CM/192.168.1.9:9092) could not be established. Broker may not be available.
2026-05-10 01:39:00 [INFO] [Consumer clientId=consumer-school-group-2, groupId=school-group] Node 0 disconnected.
2026-05-10 01:39:00 [WARN] [Consumer clientId=consumer-school-group-2, groupId=school-group] Connection to node 0 (DESKTOP-8IHU6CM/192.168.56.1:9092) could not be established. Broker may not be available.
2026-05-10 01:39:00 [INFO] [Consumer clientId=consumer-school-group-2, groupId=school-group] Error sending fetch request (sessionId=1999736093, epoch=INITIAL) to node 0:
org.apache.kafka.common.errors.DisconnectException: null
2026-05-10 01:39:03 [INFO] [Consumer clientId=consumer-school-group-2, groupId=school-group] Node 0 disconnected.
2026-05-10 01:39:03 [WARN] [Consumer clientId=consumer-school-group-2, groupId=school-group] Connection to node 0 (DESKTOP-8IHU6CM/192.168.137.1:9092) could not be established. Broker may not be available.
2026-05-10 01:39:03 [INFO] [Consumer clientId=consumer-school-group-2, groupId=school-group] Error sending fetch request (sessionId=1999736093, epoch=INITIAL) to node 0:
org.apache.kafka.common.errors.DisconnectException: null
2026-05-10 01:39:06 [INFO] [Consumer clientId=consumer-school-group-2, groupId=school-group] Node 0 disconnected.
2026-05-10 01:39:06 [WARN] [Consumer clientId=consumer-school-group-2, groupId=school-group] Connection to node 0 (DESKTOP-8IHU6CM/192.168.1.9:9092) could not be established. Broker may not be available.
2026-05-10 01:39:09 [INFO] [Consumer clientId=consumer-school-group-2, groupId=school-group] Node 0 disconnected.
2026-05-10 01:39:09 [WARN] [Consumer clientId=consumer-school-group-2, groupId=school-group] Connection to node 0 (DESKTOP-8IHU6CM/192.168.56.1:9092) could not be established. Broker may not be available.
2026-05-10 01:39:09 [INFO] [Consumer clientId=consumer-school-group-2, groupId=school-group] Error sending fetch request (sessionId=1999736093, epoch=INITIAL) to node 0:
org.apache.kafka.common.errors.DisconnectException: null
2026-05-10 01:39:11 [INFO] [Consumer clientId=consumer-school-group-2, groupId=school-group] Node 0 disconnected.
2026-05-10 01:39:11 [WARN] [Consumer clientId=consumer-school-group-2, groupId=school-group] Connection to node 0 (DESKTOP-8IHU6CM/192.168.137.1:9092) could not be established. Broker may not be available.
2026-05-10 01:39:15 [INFO] [Consumer clientId=consumer-school-group-2, groupId=school-group] Node 0 disconnected.
2026-05-10 01:39:15 [WARN] [Consumer clientId=consumer-school-group-2, groupId=school-group] Connection to node 0 (DESKTOP-8IHU6CM/192.168.1.9:9092) could not be established. Broker may not be available.
2026-05-10 01:39:15 [INFO] [Consumer clientId=consumer-school-group-2, groupId=school-group] Error sending fetch request (sessionId=1999736093, epoch=INITIAL) to node 0:
org.apache.kafka.common.errors.DisconnectException: null
2026-05-10 01:39:18 [INFO] [Consumer clientId=consumer-school-group-2, groupId=school-group] Node 0 disconnected.
2026-05-10 01:39:18 [WARN] [Consumer clientId=consumer-school-group-2, groupId=school-group] Connection to node 0 (DESKTOP-8IHU6CM/192.168.56.1:9092) could not be established. Broker may not be available.
2026-05-10 01:39:18 [INFO] [Consumer clientId=consumer-school-group-2, groupId=school-group] Error sending fetch request (sessionId=1999736093, epoch=INITIAL) to node 0:
org.apache.kafka.common.errors.DisconnectException: null
2026-05-10 01:39:21 [INFO] [Consumer clientId=consumer-school-group-2, groupId=school-group] Node 0 disconnected.
2026-05-10 01:39:21 [WARN] [Consumer clientId=consumer-school-group-2, groupId=school-group] Connection to node 0 (DESKTOP-8IHU6CM/192.168.137.1:9092) could not be established. Broker may not be available.
2026-05-10 01:39:24 [INFO] [Consumer clientId=consumer-school-group-2, groupId=school-group] Node 0 disconnected.
2026-05-10 01:39:24 [WARN] [Consumer clientId=consumer-school-group-2, groupId=school-group] Connection to node 0 (DESKTOP-8IHU6CM/192.168.1.9:9092) could not be established. Broker may not be available.
2026-05-10 01:39:24 [INFO] [Consumer clientId=consumer-school-group-2, groupId=school-group] Error sending fetch request (sessionId=1999736093, epoch=INITIAL) to node 0:
org.apache.kafka.common.errors.DisconnectException: null
2026-05-10 01:39:27 [INFO] [Consumer clientId=consumer-school-group-2, groupId=school-group] Node 0 disconnected.
2026-05-10 01:39:27 [WARN] [Consumer clientId=consumer-school-group-2, groupId=school-group] Connection to node 0 (DESKTOP-8IHU6CM/192.168.56.1:9092) could not be established. Broker may not be available.
2026-05-10 01:39:30 [INFO] [Consumer clientId=consumer-school-group-2, groupId=school-group] Node 0 disconnected.
2026-05-10 01:39:30 [WARN] [Consumer clientId=consumer-school-group-2, groupId=school-group] Connection to node 0 (DESKTOP-8IHU6CM/192.168.137.1:9092) could not be established. Broker may not be available.
2026-05-10 01:39:33 [INFO] [Consumer clientId=consumer-school-group-2, groupId=school-group] Node 0 disconnected.
2026-05-10 01:39:33 [WARN] [Consumer clientId=consumer-school-group-2, groupId=school-group] Connection to node 0 (DESKTOP-8IHU6CM/192.168.1.9:9092) could not be established. Broker may not be available.
2026-05-10 01:39:33 [INFO] [Consumer clientId=consumer-school-group-2, groupId=school-group] Error sending fetch request (sessionId=1999736093, epoch=INITIAL) to node 0:
org.apache.kafka.common.errors.DisconnectException: null
2026-05-10 01:39:36 [INFO] [Consumer clientId=consumer-school-group-2, groupId=school-group] Node 0 disconnected.
2026-05-10 01:39:36 [WARN] [Consumer clientId=consumer-school-group-2, groupId=school-group] Connection to node 0 (DESKTOP-8IHU6CM/192.168.56.1:9092) could not be established. Broker may not be available.
2026-05-10 01:39:39 [INFO] [Consumer clientId=consumer-school-group-2, groupId=school-group] Node 0 disconnected.
2026-05-10 01:39:39 [WARN] [Consumer clientId=consumer-school-group-2, groupId=school-group] Connection to node 0 (DESKTOP-8IHU6CM/192.168.137.1:9092) could not be established. Broker may not be available.
2026-05-10 01:39:39 [INFO] [Consumer clientId=consumer-school-group-2, groupId=school-group] Error sending fetch request (sessionId=1999736093, epoch=INITIAL) to node 0:
org.apache.kafka.common.errors.DisconnectException: null
2026-05-10 01:39:42 [INFO] [Consumer clientId=consumer-school-group-2, groupId=school-group] Node 0 disconnected.
2026-05-10 01:39:42 [WARN] [Consumer clientId=consumer-school-group-2, groupId=school-group] Connection to node 0 (DESKTOP-8IHU6CM/192.168.1.9:9092) could not be established. Broker may not be available.
2026-05-10 01:39:46 [INFO] [Consumer clientId=consumer-school-group-2, groupId=school-group] Node 0 disconnected.
2026-05-10 01:39:46 [WARN] [Consumer clientId=consumer-school-group-2, groupId=school-group] Connection to node 0 (DESKTOP-8IHU6CM/192.168.56.1:9092) could not be established. Broker may not be available.
2026-05-10 01:39:49 [INFO] [Consumer clientId=consumer-school-group-2, groupId=school-group] Node 0 disconnected.
2026-05-10 01:39:49 [WARN] [Consumer clientId=consumer-school-group-2, groupId=school-group] Connection to node 0 (DESKTOP-8IHU6CM/192.168.137.1:9092) could not be established. Broker may not be available.
2026-05-10 01:39:49 [INFO] [Consumer clientId=consumer-school-group-2, groupId=school-group] Error sending fetch request (sessionId=1999736093, epoch=INITIAL) to node 0:
org.apache.kafka.common.errors.DisconnectException: null
2026-05-10 01:39:52 [INFO] [Consumer clientId=consumer-school-group-2, groupId=school-group] Node 0 disconnected.
2026-05-10 01:39:52 [WARN] [Consumer clientId=consumer-school-group-2, groupId=school-group] Connection to node 0 (DESKTOP-8IHU6CM/192.168.1.9:9092) could not be established. Broker may not be available.
2026-05-10 01:39:55 [INFO] [Consumer clientId=consumer-school-group-2, groupId=school-group] Node 0 disconnected.
2026-05-10 01:39:55 [WARN] [Consumer clientId=consumer-school-group-2, groupId=school-group] Connection to node 0 (DESKTOP-8IHU6CM/192.168.56.1:9092) could not be established. Broker may not be available.
2026-05-10 01:39:58 [INFO] [Consumer clientId=consumer-school-group-2, groupId=school-group] Node 0 disconnected.
2026-05-10 01:39:58 [WARN] [Consumer clientId=consumer-school-group-2, groupId=school-group] Connection to node 0 (DESKTOP-8IHU6CM/192.168.137.1:9092) could not be established. Broker may not be available.
2026-05-10 01:39:58 [INFO] [Consumer clientId=consumer-school-group-2, groupId=school-group] Error sending fetch request (sessionId=1999736093, epoch=INITIAL) to node 0:
org.apache.kafka.common.errors.DisconnectException: null
2026-05-10 01:40:01 [INFO] [Consumer clientId=consumer-school-group-2, groupId=school-group] Node 0 disconnected.
2026-05-10 01:40:01 [WARN] [Consumer clientId=consumer-school-group-2, groupId=school-group] Connection to node 0 (DESKTOP-8IHU6CM/192.168.1.9:9092) could not be established. Broker may not be available.
2026-05-10 01:40:04 [INFO] [Consumer clientId=consumer-school-group-2, groupId=school-group] Node 0 disconnected.
2026-05-10 01:40:04 [WARN] [Consumer clientId=consumer-school-group-2, groupId=school-group] Connection to node 0 (DESKTOP-8IHU6CM/192.168.56.1:9092) could not be established. Broker may not be available.
2026-05-10 01:40:04 [INFO] [Consumer clientId=consumer-school-group-2, groupId=school-group] Error sending fetch request (sessionId=1999736093, epoch=INITIAL) to node 0:
org.apache.kafka.common.errors.DisconnectException: null
2026-05-10 01:40:07 [INFO] [Consumer clientId=consumer-school-group-2, groupId=school-group] Node 0 disconnected.
2026-05-10 01:40:07 [WARN] [Consumer clientId=consumer-school-group-2, groupId=school-group] Connection to node 0 (DESKTOP-8IHU6CM/192.168.137.1:9092) could not be established. Broker may not be available.
2026-05-10 01:40:10 [INFO] [Consumer clientId=consumer-school-group-2, groupId=school-group] Node 0 disconnected.
2026-05-10 01:40:10 [WARN] [Consumer clientId=consumer-school-group-2, groupId=school-group] Connection to node 0 (DESKTOP-8IHU6CM/192.168.1.9:9092) could not be established. Broker may not be available.
2026-05-10 01:40:13 [INFO] [Consumer clientId=consumer-school-group-2, groupId=school-group] Node 0 disconnected.
2026-05-10 01:40:13 [WARN] [Consumer clientId=consumer-school-group-2, groupId=school-group] Connection to node 0 (DESKTOP-8IHU6CM/192.168.56.1:9092) could not be established. Broker may not be available.
2026-05-10 01:40:13 [INFO] [Consumer clientId=consumer-school-group-2, groupId=school-group] Error sending fetch request (sessionId=1999736093, epoch=INITIAL) to node 0:
org.apache.kafka.common.errors.DisconnectException: null
2026-05-10 01:40:17 [INFO] [Consumer clientId=consumer-school-group-2, groupId=school-group] Node 0 disconnected.
2026-05-10 01:40:17 [WARN] [Consumer clientId=consumer-school-group-2, groupId=school-group] Connection to node 0 (DESKTOP-8IHU6CM/192.168.137.1:9092) could not be established. Broker may not be available.
2026-05-10 01:40:20 [INFO] [Consumer clientId=consumer-school-group-2, groupId=school-group] Node 0 disconnected.
2026-05-10 01:40:20 [WARN] [Consumer clientId=consumer-school-group-2, groupId=school-group] Connection to node 0 (DESKTOP-8IHU6CM/192.168.1.9:9092) could not be established. Broker may not be available.
2026-05-10 01:40:23 [INFO] [Consumer clientId=consumer-school-group-2, groupId=school-group] Node 0 disconnected.
2026-05-10 01:40:23 [WARN] [Consumer clientId=consumer-school-group-2, groupId=school-group] Connection to node 0 (DESKTOP-8IHU6CM/192.168.56.1:9092) could not be established. Broker may not be available.
2026-05-10 01:40:23 [INFO] [Consumer clientId=consumer-school-group-2, groupId=school-group] Error sending fetch request (sessionId=1999736093, epoch=INITIAL) to node 0:
org.apache.kafka.common.errors.DisconnectException: null
2026-05-10 01:40:26 [INFO] [Consumer clientId=consumer-school-group-2, groupId=school-group] Node 0 disconnected.
2026-05-10 01:40:26 [WARN] [Consumer clientId=consumer-school-group-2, groupId=school-group] Connection to node 0 (DESKTOP-8IHU6CM/192.168.137.1:9092) could not be established. Broker may not be available.
2026-05-10 01:40:29 [INFO] [Consumer clientId=consumer-school-group-2, groupId=school-group] Node 0 disconnected.
2026-05-10 01:40:29 [WARN] [Consumer clientId=consumer-school-group-2, groupId=school-group] Connection to node 0 (DESKTOP-8IHU6CM/192.168.1.9:9092) could not be established. Broker may not be available.
2026-05-10 01:40:29 [INFO] [Consumer clientId=consumer-school-group-2, groupId=school-group] Error sending fetch request (sessionId=1999736093, epoch=INITIAL) to node 0:
org.apache.kafka.common.errors.DisconnectException: null
2026-05-10 01:40:32 [INFO] [Consumer clientId=consumer-school-group-2, groupId=school-group] Node 0 disconnected.
2026-05-10 01:40:32 [WARN] [Consumer clientId=consumer-school-group-2, groupId=school-group] Connection to node 0 (DESKTOP-8IHU6CM/192.168.56.1:9092) could not be established. Broker may not be available.
2026-05-10 01:40:35 [INFO] [Consumer clientId=consumer-school-group-2, groupId=school-group] Node 0 disconnected.
2026-05-10 01:40:35 [WARN] [Consumer clientId=consumer-school-group-2, groupId=school-group] Connection to node 0 (DESKTOP-8IHU6CM/192.168.137.1:9092) could not be established. Broker may not be available.
2026-05-10 01:40:38 [INFO] [Consumer clientId=consumer-school-group-2, groupId=school-group] Node 0 disconnected.
2026-05-10 01:40:38 [WARN] [Consumer clientId=consumer-school-group-2, groupId=school-group] Connection to node 0 (DESKTOP-8IHU6CM/192.168.1.9:9092) could not be established. Broker may not be available.
2026-05-10 01:40:38 [INFO] [Consumer clientId=consumer-school-group-2, groupId=school-group] Error sending fetch request (sessionId=1999736093, epoch=INITIAL) to node 0:
org.apache.kafka.common.errors.DisconnectException: null
2026-05-10 01:40:42 [INFO] [Consumer clientId=consumer-school-group-2, groupId=school-group] Node 0 disconnected.
2026-05-10 01:40:42 [WARN] [Consumer clientId=consumer-school-group-2, groupId=school-group] Connection to node 0 (DESKTOP-8IHU6CM/192.168.56.1:9092) could not be established. Broker may not be available.
2026-05-10 01:40:45 [INFO] [Consumer clientId=consumer-school-group-2, groupId=school-group] Node 0 disconnected.
2026-05-10 01:40:45 [WARN] [Consumer clientId=consumer-school-group-2, groupId=school-group] Connection to node 0 (DESKTOP-8IHU6CM/192.168.137.1:9092) could not be established. Broker may not be available.
2026-05-10 01:40:45 [INFO] [Consumer clientId=consumer-school-group-2, groupId=school-group] Error sending fetch request (sessionId=1999736093, epoch=INITIAL) to node 0:
org.apache.kafka.common.errors.DisconnectException: null
2026-05-10 01:40:48 [INFO] [Consumer clientId=consumer-school-group-2, groupId=school-group] Node 0 disconnected.
2026-05-10 01:40:48 [WARN] [Consumer clientId=consumer-school-group-2, groupId=school-group] Connection to node 0 (DESKTOP-8IHU6CM/192.168.1.9:9092) could not be established. Broker may not be available.
2026-05-10 01:40:48 [INFO] [Consumer clientId=consumer-school-group-2, groupId=school-group] Error sending fetch request (sessionId=1999736093, epoch=INITIAL) to node 0:
org.apache.kafka.common.errors.DisconnectException: null
2026-05-10 01:40:51 [INFO] [Consumer clientId=consumer-school-group-2, groupId=school-group] Node 0 disconnected.
2026-05-10 01:40:51 [WARN] [Consumer clientId=consumer-school-group-2, groupId=school-group] Connection to node 0 (DESKTOP-8IHU6CM/192.168.56.1:9092) could not be established. Broker may not be available.
2026-05-10 01:40:54 [INFO] [Consumer clientId=consumer-school-group-2, groupId=school-group] Node 0 disconnected.
2026-05-10 01:40:54 [WARN] [Consumer clientId=consumer-school-group-2, groupId=school-group] Connection to node 0 (DESKTOP-8IHU6CM/192.168.137.1:9092) could not be established. Broker may not be available.
2026-05-10 01:40:54 [INFO] [Consumer clientId=consumer-school-group-2, groupId=school-group] Error sending fetch request (sessionId=1999736093, epoch=INITIAL) to node 0:
org.apache.kafka.common.errors.DisconnectException: null
2026-05-10 01:40:57 [INFO] [Consumer clientId=consumer-school-group-2, groupId=school-group] Node 0 disconnected.
2026-05-10 01:40:57 [WARN] [Consumer clientId=consumer-school-group-2, groupId=school-group] Connection to node 0 (DESKTOP-8IHU6CM/192.168.1.9:9092) could not be established. Broker may not be available.
2026-05-10 01:41:00 [INFO] [Consumer clientId=consumer-school-group-2, groupId=school-group] Node 0 disconnected.
2026-05-10 01:41:00 [WARN] [Consumer clientId=consumer-school-group-2, groupId=school-group] Connection to node 0 (DESKTOP-8IHU6CM/192.168.56.1:9092) could not be established. Broker may not be available.
2026-05-10 01:41:03 [INFO] [Consumer clientId=consumer-school-group-2, groupId=school-group] Node 0 disconnected.
2026-05-10 01:41:03 [WARN] [Consumer clientId=consumer-school-group-2, groupId=school-group] Connection to node 0 (DESKTOP-8IHU6CM/192.168.137.1:9092) could not be established. Broker may not be available.
2026-05-10 01:41:03 [INFO] [Consumer clientId=consumer-school-group-2, groupId=school-group] Error sending fetch request (sessionId=1999736093, epoch=INITIAL) to node 0:
org.apache.kafka.common.errors.DisconnectException: null
2026-05-10 01:41:06 [INFO] [Consumer clientId=consumer-school-group-2, groupId=school-group] Node 0 disconnected.
2026-05-10 01:41:06 [WARN] [Consumer clientId=consumer-school-group-2, groupId=school-group] Connection to node 0 (DESKTOP-8IHU6CM/192.168.1.9:9092) could not be established. Broker may not be available.
2026-05-10 01:41:09 [INFO] [Consumer clientId=consumer-school-group-2, groupId=school-group] Node 0 disconnected.
2026-05-10 01:41:09 [WARN] [Consumer clientId=consumer-school-group-2, groupId=school-group] Connection to node 0 (DESKTOP-8IHU6CM/192.168.56.1:9092) could not be established. Broker may not be available.
2026-05-10 01:41:09 [INFO] [Consumer clientId=consumer-school-group-2, groupId=school-group] Error sending fetch request (sessionId=1999736093, epoch=INITIAL) to node 0:
org.apache.kafka.common.errors.DisconnectException: null
2026-05-10 01:41:13 [INFO] [Consumer clientId=consumer-school-group-2, groupId=school-group] Node 0 disconnected.
2026-05-10 01:41:13 [WARN] [Consumer clientId=consumer-school-group-2, groupId=school-group] Connection to node 0 (DESKTOP-8IHU6CM/192.168.137.1:9092) could not be established. Broker may not be available.
2026-05-10 01:41:16 [INFO] [Consumer clientId=consumer-school-group-2, groupId=school-group] Node 0 disconnected.
2026-05-10 01:41:16 [WARN] [Consumer clientId=consumer-school-group-2, groupId=school-group] Connection to node 0 (DESKTOP-8IHU6CM/192.168.1.9:9092) could not be established. Broker may not be available.
2026-05-10 01:41:19 [INFO] [Consumer clientId=consumer-school-group-2, groupId=school-group] Node 0 disconnected.
2026-05-10 01:41:19 [WARN] [Consumer clientId=consumer-school-group-2, groupId=school-group] Connection to node 0 (DESKTOP-8IHU6CM/192.168.56.1:9092) could not be established. Broker may not be available.
2026-05-10 01:41:19 [INFO] [Consumer clientId=consumer-school-group-2, groupId=school-group] Error sending fetch request (sessionId=1999736093, epoch=INITIAL) to node 0:
org.apache.kafka.common.errors.DisconnectException: null
2026-05-10 01:41:22 [INFO] [Consumer clientId=consumer-school-group-2, groupId=school-group] Node 0 disconnected.
2026-05-10 01:41:22 [WARN] [Consumer clientId=consumer-school-group-2, groupId=school-group] Connection to node 0 (DESKTOP-8IHU6CM/192.168.137.1:9092) could not be established. Broker may not be available.
2026-05-10 01:41:25 [INFO] [Consumer clientId=consumer-school-group-2, groupId=school-group] Node 0 disconnected.
2026-05-10 01:41:25 [WARN] [Consumer clientId=consumer-school-group-2, groupId=school-group] Connection to node 0 (DESKTOP-8IHU6CM/192.168.1.9:9092) could not be established. Broker may not be available.
2026-05-10 01:41:25 [INFO] [Consumer clientId=consumer-school-group-2, groupId=school-group] Error sending fetch request (sessionId=1999736093, epoch=INITIAL) to node 0:
org.apache.kafka.common.errors.DisconnectException: null
2026-05-10 01:41:28 [INFO] [Consumer clientId=consumer-school-group-2, groupId=school-group] Node 0 disconnected.
2026-05-10 01:41:28 [WARN] [Consumer clientId=consumer-school-group-2, groupId=school-group] Connection to node 0 (DESKTOP-8IHU6CM/192.168.56.1:9092) could not be established. Broker may not be available.
2026-05-10 01:41:31 [INFO] [Consumer clientId=consumer-school-group-2, groupId=school-group] Node 0 disconnected.
2026-05-10 01:41:31 [WARN] [Consumer clientId=consumer-school-group-2, groupId=school-group] Connection to node 0 (DESKTOP-8IHU6CM/192.168.137.1:9092) could not be established. Broker may not be available.
2026-05-10 01:41:34 [INFO] [Consumer clientId=consumer-school-group-2, groupId=school-group] Node 0 disconnected.
2026-05-10 01:41:34 [WARN] [Consumer clientId=consumer-school-group-2, groupId=school-group] Connection to node 0 (DESKTOP-8IHU6CM/192.168.1.9:9092) could not be established. Broker may not be available.
2026-05-10 01:41:34 [INFO] [Consumer clientId=consumer-school-group-2, groupId=school-group] Error sending fetch request (sessionId=1999736093, epoch=INITIAL) to node 0:
org.apache.kafka.common.errors.DisconnectException: null
2026-05-10 01:41:37 [INFO] [Consumer clientId=consumer-school-group-2, groupId=school-group] Node 0 disconnected.
2026-05-10 01:41:37 [WARN] [Consumer clientId=consumer-school-group-2, groupId=school-group] Connection to node 0 (DESKTOP-8IHU6CM/192.168.56.1:9092) could not be established. Broker may not be available.
2026-05-10 01:41:40 [INFO] [Consumer clientId=consumer-school-group-2, groupId=school-group] Node 0 disconnected.
2026-05-10 01:41:40 [WARN] [Consumer clientId=consumer-school-group-2, groupId=school-group] Connection to node 0 (DESKTOP-8IHU6CM/192.168.137.1:9092) could not be established. Broker may not be available.
2026-05-10 01:41:40 [INFO] [Consumer clientId=consumer-school-group-2, groupId=school-group] Error sending fetch request (sessionId=1999736093, epoch=INITIAL) to node 0:
org.apache.kafka.common.errors.DisconnectException: null
2026-05-10 01:41:43 [INFO] [Consumer clientId=consumer-school-group-2, groupId=school-group] Node 0 disconnected.
2026-05-10 01:41:43 [WARN] [Consumer clientId=consumer-school-group-2, groupId=school-group] Connection to node 0 (DESKTOP-8IHU6CM/192.168.1.9:9092) could not be established. Broker may not be available.
2026-05-10 01:41:43 [INFO] [Consumer clientId=consumer-school-group-2, groupId=school-group] Error sending fetch request (sessionId=1999736093, epoch=INITIAL) to node 0:
org.apache.kafka.common.errors.DisconnectException: null
2026-05-10 01:41:46 [INFO] [Consumer clientId=consumer-school-group-2, groupId=school-group] Node 0 disconnected.
2026-05-10 01:41:46 [WARN] [Consumer clientId=consumer-school-group-2, groupId=school-group] Connection to node 0 (DESKTOP-8IHU6CM/192.168.56.1:9092) could not be established. Broker may not be available.
2026-05-10 01:41:49 [INFO] [Consumer clientId=consumer-school-group-2, groupId=school-group] Node 0 disconnected.
2026-05-10 01:41:49 [WARN] [Consumer clientId=consumer-school-group-2, groupId=school-group] Connection to node 0 (DESKTOP-8IHU6CM/192.168.137.1:9092) could not be established. Broker may not be available.
2026-05-10 01:41:49 [INFO] [Consumer clientId=consumer-school-group-2, groupId=school-group] Error sending fetch request (sessionId=1999736093, epoch=INITIAL) to node 0:
org.apache.kafka.common.errors.DisconnectException: null
2026-05-10 01:41:52 [INFO] [Consumer clientId=consumer-school-group-2, groupId=school-group] Node 0 disconnected.
2026-05-10 01:41:52 [WARN] [Consumer clientId=consumer-school-group-2, groupId=school-group] Connection to node 0 (DESKTOP-8IHU6CM/192.168.1.9:9092) could not be established. Broker may not be available.
2026-05-10 01:41:55 [INFO] [Consumer clientId=consumer-school-group-2, groupId=school-group] Node 0 disconnected.
2026-05-10 01:41:55 [WARN] [Consumer clientId=consumer-school-group-2, groupId=school-group] Connection to node 0 (DESKTOP-8IHU6CM/192.168.56.1:9092) could not be established. Broker may not be available.
2026-05-10 01:41:58 [INFO] [Consumer clientId=consumer-school-group-2, groupId=school-group] Node 0 disconnected.
2026-05-10 01:41:58 [WARN] [Consumer clientId=consumer-school-group-2, groupId=school-group] Connection to node 0 (DESKTOP-8IHU6CM/192.168.137.1:9092) could not be established. Broker may not be available.
2026-05-10 01:41:58 [INFO] [Consumer clientId=consumer-school-group-2, groupId=school-group] Error sending fetch request (sessionId=1999736093, epoch=INITIAL) to node 0:
org.apache.kafka.common.errors.DisconnectException: null
2026-05-10 01:42:01 [INFO] [Consumer clientId=consumer-school-group-2, groupId=school-group] Node 0 disconnected.
2026-05-10 01:42:01 [WARN] [Consumer clientId=consumer-school-group-2, groupId=school-group] Connection to node 0 (DESKTOP-8IHU6CM/192.168.1.9:9092) could not be established. Broker may not be available.
2026-05-10 01:42:04 [INFO] [Consumer clientId=consumer-school-group-2, groupId=school-group] Node 0 disconnected.
2026-05-10 01:42:04 [WARN] [Consumer clientId=consumer-school-group-2, groupId=school-group] Connection to node 0 (DESKTOP-8IHU6CM/192.168.56.1:9092) could not be established. Broker may not be available.
2026-05-10 01:42:04 [INFO] [Consumer clientId=consumer-school-group-2, groupId=school-group] Error sending fetch request (sessionId=1999736093, epoch=INITIAL) to node 0:
org.apache.kafka.common.errors.DisconnectException: null
2026-05-10 01:42:07 [INFO] [Consumer clientId=consumer-school-group-2, groupId=school-group] Node 0 disconnected.
2026-05-10 01:42:07 [WARN] [Consumer clientId=consumer-school-group-2, groupId=school-group] Connection to node 0 (DESKTOP-8IHU6CM/192.168.137.1:9092) could not be established. Broker may not be available.
2026-05-10 01:42:10 [INFO] [Consumer clientId=consumer-school-group-2, groupId=school-group] Node 0 disconnected.
2026-05-10 01:42:10 [WARN] [Consumer clientId=consumer-school-group-2, groupId=school-group] Connection to node 0 (DESKTOP-8IHU6CM/192.168.1.9:9092) could not be established. Broker may not be available.
2026-05-10 01:42:13 [INFO] [Consumer clientId=consumer-school-group-2, groupId=school-group] Node 0 disconnected.
2026-05-10 01:42:13 [WARN] [Consumer clientId=consumer-school-group-2, groupId=school-group] Connection to node 0 (DESKTOP-8IHU6CM/192.168.56.1:9092) could not be established. Broker may not be available.
2026-05-10 01:42:13 [INFO] [Consumer clientId=consumer-school-group-2, groupId=school-group] Error sending fetch request (sessionId=1999736093, epoch=INITIAL) to node 0:
org.apache.kafka.common.errors.DisconnectException: null
2026-05-10 01:42:16 [INFO] [Consumer clientId=consumer-school-group-2, groupId=school-group] Node 0 disconnected.
2026-05-10 01:42:16 [WARN] [Consumer clientId=consumer-school-group-2, groupId=school-group] Connection to node 0 (DESKTOP-8IHU6CM/192.168.137.1:9092) could not be established. Broker may not be available.
2026-05-10 01:42:20 [INFO] [Consumer clientId=consumer-school-group-2, groupId=school-group] Node 0 disconnected.
2026-05-10 01:42:20 [WARN] [Consumer clientId=consumer-school-group-2, groupId=school-group] Connection to node 0 (DESKTOP-8IHU6CM/192.168.1.9:9092) could not be established. Broker may not be available.
2026-05-10 01:42:20 [INFO] [Consumer clientId=consumer-school-group-2, groupId=school-group] Error sending fetch request (sessionId=1999736093, epoch=INITIAL) to node 0:
org.apache.kafka.common.errors.DisconnectException: null
2026-05-10 01:42:23 [INFO] [Consumer clientId=consumer-school-group-2, groupId=school-group] Node 0 disconnected.
2026-05-10 01:42:23 [WARN] [Consumer clientId=consumer-school-group-2, groupId=school-group] Connection to node 0 (DESKTOP-8IHU6CM/192.168.56.1:9092) could not be established. Broker may not be available.
2026-05-10 01:42:26 [INFO] [Consumer clientId=consumer-school-group-2, groupId=school-group] Node 0 disconnected.
2026-05-10 01:42:26 [WARN] [Consumer clientId=consumer-school-group-2, groupId=school-group] Connection to node 0 (DESKTOP-8IHU6CM/192.168.137.1:9092) could not be established. Broker may not be available.
2026-05-10 01:42:29 [INFO] [Consumer clientId=consumer-school-group-2, groupId=school-group] Node 0 disconnected.
2026-05-10 01:42:29 [WARN] [Consumer clientId=consumer-school-group-2, groupId=school-group] Connection to node 0 (DESKTOP-8IHU6CM/192.168.1.9:9092) could not be established. Broker may not be available.
2026-05-10 01:42:29 [INFO] [Consumer clientId=consumer-school-group-2, groupId=school-group] Error sending fetch request (sessionId=1999736093, epoch=INITIAL) to node 0:
org.apache.kafka.common.errors.DisconnectException: null
2026-05-10 01:42:32 [INFO] [Consumer clientId=consumer-school-group-2, groupId=school-group] Node 0 disconnected.
2026-05-10 01:42:32 [WARN] [Consumer clientId=consumer-school-group-2, groupId=school-group] Connection to node 0 (DESKTOP-8IHU6CM/192.168.56.1:9092) could not be established. Broker may not be available.
2026-05-10 01:42:35 [INFO] [Consumer clientId=consumer-school-group-2, groupId=school-group] Node 0 disconnected.
2026-05-10 01:42:35 [WARN] [Consumer clientId=consumer-school-group-2, groupId=school-group] Connection to node 0 (DESKTOP-8IHU6CM/192.168.137.1:9092) could not be established. Broker may not be available.
2026-05-10 01:42:35 [INFO] [Consumer clientId=consumer-school-group-2, groupId=school-group] Error sending fetch request (sessionId=1999736093, epoch=INITIAL) to node 0:
org.apache.kafka.common.errors.DisconnectException: null
2026-05-10 01:42:38 [INFO] [Consumer clientId=consumer-school-group-2, groupId=school-group] Node 0 disconnected.
2026-05-10 01:42:38 [WARN] [Consumer clientId=consumer-school-group-2, groupId=school-group] Connection to node 0 (DESKTOP-8IHU6CM/192.168.1.9:9092) could not be established. Broker may not be available.
2026-05-10 01:42:38 [INFO] [Consumer clientId=consumer-school-group-2, groupId=school-group] Error sending fetch request (sessionId=1999736093, epoch=INITIAL) to node 0:
org.apache.kafka.common.errors.DisconnectException: null
2026-05-10 01:42:41 [INFO] [Consumer clientId=consumer-school-group-2, groupId=school-group] Node 0 disconnected.
2026-05-10 01:42:41 [WARN] [Consumer clientId=consumer-school-group-2, groupId=school-group] Connection to node 0 (DESKTOP-8IHU6CM/192.168.56.1:9092) could not be established. Broker may not be available.
2026-05-10 01:42:44 [INFO] [Consumer clientId=consumer-school-group-2, groupId=school-group] Node 0 disconnected.
2026-05-10 01:42:44 [WARN] [Consumer clientId=consumer-school-group-2, groupId=school-group] Connection to node 0 (DESKTOP-8IHU6CM/192.168.137.1:9092) could not be established. Broker may not be available.
2026-05-10 01:42:44 [INFO] [Consumer clientId=consumer-school-group-2, groupId=school-group] Error sending fetch request (sessionId=1999736093, epoch=INITIAL) to node 0:
org.apache.kafka.common.errors.DisconnectException: null
2026-05-10 01:42:47 [INFO] [Consumer clientId=consumer-school-group-2, groupId=school-group] Node 0 disconnected.
2026-05-10 01:42:47 [WARN] [Consumer clientId=consumer-school-group-2, groupId=school-group] Connection to node 0 (DESKTOP-8IHU6CM/192.168.1.9:9092) could not be established. Broker may not be available.
2026-05-10 01:42:50 [INFO] [Consumer clientId=consumer-school-group-2, groupId=school-group] Node 0 disconnected.
2026-05-10 01:42:50 [WARN] [Consumer clientId=consumer-school-group-2, groupId=school-group] Connection to node 0 (DESKTOP-8IHU6CM/192.168.56.1:9092) could not be established. Broker may not be available.
2026-05-10 01:42:54 [INFO] [Consumer clientId=consumer-school-group-2, groupId=school-group] Node 0 disconnected.
2026-05-10 01:42:54 [WARN] [Consumer clientId=consumer-school-group-2, groupId=school-group] Connection to node 0 (DESKTOP-8IHU6CM/192.168.137.1:9092) could not be established. Broker may not be available.
2026-05-10 01:42:54 [INFO] [Consumer clientId=consumer-school-group-2, groupId=school-group] Error sending fetch request (sessionId=1999736093, epoch=INITIAL) to node 0:
org.apache.kafka.common.errors.DisconnectException: null
2026-05-10 01:42:57 [INFO] [Consumer clientId=consumer-school-group-2, groupId=school-group] Node 0 disconnected.
2026-05-10 01:42:57 [WARN] [Consumer clientId=consumer-school-group-2, groupId=school-group] Connection to node 0 (DESKTOP-8IHU6CM/192.168.1.9:9092) could not be established. Broker may not be available.
2026-05-10 01:43:00 [INFO] [Consumer clientId=consumer-school-group-2, groupId=school-group] Node 0 disconnected.
2026-05-10 01:43:00 [WARN] [Consumer clientId=consumer-school-group-2, groupId=school-group] Connection to node 0 (DESKTOP-8IHU6CM/192.168.56.1:9092) could not be established. Broker may not be available.
2026-05-10 01:43:00 [INFO] [Consumer clientId=consumer-school-group-2, groupId=school-group] Error sending fetch request (sessionId=1999736093, epoch=INITIAL) to node 0:
org.apache.kafka.common.errors.DisconnectException: null
2026-05-10 01:43:03 [INFO] [Consumer clientId=consumer-school-group-2, groupId=school-group] Node 0 disconnected.
2026-05-10 01:43:03 [WARN] [Consumer clientId=consumer-school-group-2, groupId=school-group] Connection to node 0 (DESKTOP-8IHU6CM/192.168.137.1:9092) could not be established. Broker may not be available.
2026-05-10 01:43:06 [INFO] [Consumer clientId=consumer-school-group-2, groupId=school-group] Node 0 disconnected.
2026-05-10 01:43:06 [WARN] [Consumer clientId=consumer-school-group-2, groupId=school-group] Connection to node 0 (DESKTOP-8IHU6CM/192.168.1.9:9092) could not be established. Broker may not be available.
2026-05-10 01:43:09 [INFO] [Consumer clientId=consumer-school-group-2, groupId=school-group] Node 0 disconnected.
2026-05-10 01:43:09 [WARN] [Consumer clientId=consumer-school-group-2, groupId=school-group] Connection to node 0 (DESKTOP-8IHU6CM/192.168.56.1:9092) could not be established. Broker may not be available.
2026-05-10 01:43:09 [INFO] [Consumer clientId=consumer-school-group-2, groupId=school-group] Error sending fetch request (sessionId=1999736093, epoch=INITIAL) to node 0:
org.apache.kafka.common.errors.DisconnectException: null
2026-05-10 01:43:12 [INFO] [Consumer clientId=consumer-school-group-2, groupId=school-group] Node 0 disconnected.
2026-05-10 01:43:12 [WARN] [Consumer clientId=consumer-school-group-2, groupId=school-group] Connection to node 0 (DESKTOP-8IHU6CM/192.168.137.1:9092) could not be established. Broker may not be available.
2026-05-10 01:43:15 [INFO] [Consumer clientId=consumer-school-group-2, groupId=school-group] Node 0 disconnected.
2026-05-10 01:43:15 [WARN] [Consumer clientId=consumer-school-group-2, groupId=school-group] Connection to node 0 (DESKTOP-8IHU6CM/192.168.1.9:9092) could not be established. Broker may not be available.
2026-05-10 01:43:18 [INFO] [Consumer clientId=consumer-school-group-2, groupId=school-group] Node 0 disconnected.
2026-05-10 01:43:18 [WARN] [Consumer clientId=consumer-school-group-2, groupId=school-group] Connection to node 0 (DESKTOP-8IHU6CM/192.168.56.1:9092) could not be established. Broker may not be available.
2026-05-10 01:43:18 [INFO] [Consumer clientId=consumer-school-group-2, groupId=school-group] Error sending fetch request (sessionId=1999736093, epoch=INITIAL) to node 0:
org.apache.kafka.common.errors.DisconnectException: null
2026-05-10 01:43:21 [INFO] [Consumer clientId=consumer-school-group-2, groupId=school-group] Node 0 disconnected.
2026-05-10 01:43:21 [WARN] [Consumer clientId=consumer-school-group-2, groupId=school-group] Connection to node 0 (DESKTOP-8IHU6CM/192.168.137.1:9092) could not be established. Broker may not be available.
2026-05-10 01:43:24 [INFO] [Consumer clientId=consumer-school-group-2, groupId=school-group] Node 0 disconnected.
2026-05-10 01:43:24 [WARN] [Consumer clientId=consumer-school-group-2, groupId=school-group] Connection to node 0 (DESKTOP-8IHU6CM/192.168.1.9:9092) could not be established. Broker may not be available.
2026-05-10 01:43:24 [INFO] [Consumer clientId=consumer-school-group-2, groupId=school-group] Error sending fetch request (sessionId=1999736093, epoch=INITIAL) to node 0:
org.apache.kafka.common.errors.DisconnectException: null
2026-05-10 01:43:28 [INFO] [Consumer clientId=consumer-school-group-2, groupId=school-group] Node 0 disconnected.
2026-05-10 01:43:28 [WARN] [Consumer clientId=consumer-school-group-2, groupId=school-group] Connection to node 0 (DESKTOP-8IHU6CM/192.168.56.1:9092) could not be established. Broker may not be available.
2026-05-10 01:43:31 [INFO] [Consumer clientId=consumer-school-group-2, groupId=school-group] Node 0 disconnected.
2026-05-10 01:43:31 [WARN] [Consumer clientId=consumer-school-group-2, groupId=school-group] Connection to node 0 (DESKTOP-8IHU6CM/192.168.137.1:9092) could not be established. Broker may not be available.
2026-05-10 01:43:34 [INFO] [Consumer clientId=consumer-school-group-2, groupId=school-group] Node 0 disconnected.
2026-05-10 01:43:34 [WARN] [Consumer clientId=consumer-school-group-2, groupId=school-group] Connection to node 0 (DESKTOP-8IHU6CM/192.168.1.9:9092) could not be established. Broker may not be available.
2026-05-10 01:43:34 [INFO] [Consumer clientId=consumer-school-group-2, groupId=school-group] Error sending fetch request (sessionId=1999736093, epoch=INITIAL) to node 0:
org.apache.kafka.common.errors.DisconnectException: null
2026-05-10 01:43:37 [INFO] [Consumer clientId=consumer-school-group-2, groupId=school-group] Node 0 disconnected.
2026-05-10 01:43:37 [WARN] [Consumer clientId=consumer-school-group-2, groupId=school-group] Connection to node 0 (DESKTOP-8IHU6CM/192.168.56.1:9092) could not be established. Broker may not be available.
2026-05-10 01:43:40 [INFO] [Consumer clientId=consumer-school-group-2, groupId=school-group] Node 0 disconnected.
2026-05-10 01:43:40 [WARN] [Consumer clientId=consumer-school-group-2, groupId=school-group] Connection to node 0 (DESKTOP-8IHU6CM/192.168.137.1:9092) could not be established. Broker may not be available.
2026-05-10 01:43:43 [INFO] [Consumer clientId=consumer-school-group-2, groupId=school-group] Node 0 disconnected.
2026-05-10 01:43:43 [WARN] [Consumer clientId=consumer-school-group-2, groupId=school-group] Connection to node 0 (DESKTOP-8IHU6CM/192.168.1.9:9092) could not be established. Broker may not be available.
2026-05-10 01:43:43 [INFO] [Consumer clientId=consumer-school-group-2, groupId=school-group] Error sending fetch request (sessionId=1999736093, epoch=INITIAL) to node 0:
org.apache.kafka.common.errors.DisconnectException: null
2026-05-10 01:43:46 [INFO] [Consumer clientId=consumer-school-group-2, groupId=school-group] Node 0 disconnected.
2026-05-10 01:43:46 [WARN] [Consumer clientId=consumer-school-group-2, groupId=school-group] Connection to node 0 (DESKTOP-8IHU6CM/192.168.56.1:9092) could not be established. Broker may not be available.
2026-05-10 01:43:50 [INFO] [Consumer clientId=consumer-school-group-2, groupId=school-group] Node 0 disconnected.
2026-05-10 01:43:50 [WARN] [Consumer clientId=consumer-school-group-2, groupId=school-group] Connection to node 0 (DESKTOP-8IHU6CM/192.168.137.1:9092) could not be established. Broker may not be available.
2026-05-10 01:43:50 [INFO] [Consumer clientId=consumer-school-group-2, groupId=school-group] Error sending fetch request (sessionId=1999736093, epoch=INITIAL) to node 0:
org.apache.kafka.common.errors.DisconnectException: null
2026-05-10 01:43:53 [INFO] [Consumer clientId=consumer-school-group-2, groupId=school-group] Node 0 disconnected.
2026-05-10 01:43:53 [WARN] [Consumer clientId=consumer-school-group-2, groupId=school-group] Connection to node 0 (DESKTOP-8IHU6CM/192.168.1.9:9092) could not be established. Broker may not be available.
2026-05-10 01:43:56 [INFO] [Consumer clientId=consumer-school-group-2, groupId=school-group] Node 0 disconnected.
2026-05-10 01:43:56 [WARN] [Consumer clientId=consumer-school-group-2, groupId=school-group] Connection to node 0 (DESKTOP-8IHU6CM/192.168.56.1:9092) could not be established. Broker may not be available.
2026-05-10 01:43:59 [INFO] [Consumer clientId=consumer-school-group-2, groupId=school-group] Node 0 disconnected.
2026-05-10 01:43:59 [WARN] [Consumer clientId=consumer-school-group-2, groupId=school-group] Connection to node 0 (DESKTOP-8IHU6CM/192.168.137.1:9092) could not be established. Broker may not be available.
2026-05-10 01:43:59 [INFO] [Consumer clientId=consumer-school-group-2, groupId=school-group] Error sending fetch request (sessionId=1999736093, epoch=INITIAL) to node 0:
org.apache.kafka.common.errors.DisconnectException: null
2026-05-10 01:44:02 [INFO] [Consumer clientId=consumer-school-group-2, groupId=school-group] Node 0 disconnected.
2026-05-10 01:44:02 [WARN] [Consumer clientId=consumer-school-group-2, groupId=school-group] Connection to node 0 (DESKTOP-8IHU6CM/192.168.1.9:9092) could not be established. Broker may not be available.
2026-05-10 01:44:05 [INFO] [Consumer clientId=consumer-school-group-2, groupId=school-group] Node 0 disconnected.
2026-05-10 01:44:05 [WARN] [Consumer clientId=consumer-school-group-2, groupId=school-group] Connection to node 0 (DESKTOP-8IHU6CM/192.168.56.1:9092) could not be established. Broker may not be available.
2026-05-10 01:44:05 [INFO] [Consumer clientId=consumer-school-group-2, groupId=school-group] Error sending fetch request (sessionId=1999736093, epoch=INITIAL) to node 0:
org.apache.kafka.common.errors.DisconnectException: null
2026-05-10 01:44:08 [INFO] [Consumer clientId=consumer-school-group-2, groupId=school-group] Node 0 disconnected.
2026-05-10 01:44:08 [WARN] [Consumer clientId=consumer-school-group-2, groupId=school-group] Connection to node 0 (DESKTOP-8IHU6CM/192.168.137.1:9092) could not be established. Broker may not be available.
2026-05-10 01:44:11 [INFO] [Consumer clientId=consumer-school-group-2, groupId=school-group] Node 0 disconnected.
2026-05-10 01:44:11 [WARN] [Consumer clientId=consumer-school-group-2, groupId=school-group] Connection to node 0 (DESKTOP-8IHU6CM/192.168.1.9:9092) could not be established. Broker may not be available.
2026-05-10 01:44:14 [INFO] [Consumer clientId=consumer-school-group-2, groupId=school-group] Node 0 disconnected.
2026-05-10 01:44:14 [WARN] [Consumer clientId=consumer-school-group-2, groupId=school-group] Connection to node 0 (DESKTOP-8IHU6CM/192.168.56.1:9092) could not be established. Broker may not be available.
2026-05-10 01:44:14 [INFO] [Consumer clientId=consumer-school-group-2, groupId=school-group] Error sending fetch request (sessionId=1999736093, epoch=INITIAL) to node 0:
org.apache.kafka.common.errors.DisconnectException: null
2026-05-10 01:44:17 [INFO] [Consumer clientId=consumer-school-group-2, groupId=school-group] Node 0 disconnected.
2026-05-10 01:44:17 [WARN] [Consumer clientId=consumer-school-group-2, groupId=school-group] Connection to node 0 (DESKTOP-8IHU6CM/192.168.137.1:9092) could not be established. Broker may not be available.
2026-05-10 01:44:20 [INFO] [Consumer clientId=consumer-school-group-2, groupId=school-group] Node 0 disconnected.
2026-05-10 01:44:20 [WARN] [Consumer clientId=consumer-school-group-2, groupId=school-group] Connection to node 0 (DESKTOP-8IHU6CM/192.168.1.9:9092) could not be established. Broker may not be available.
2026-05-10 01:44:23 [INFO] [Consumer clientId=consumer-school-group-2, groupId=school-group] Node 0 disconnected.
2026-05-10 01:44:23 [WARN] [Consumer clientId=consumer-school-group-2, groupId=school-group] Connection to node 0 (DESKTOP-8IHU6CM/192.168.56.1:9092) could not be established. Broker may not be available.
2026-05-10 01:44:23 [INFO] [Consumer clientId=consumer-school-group-2, groupId=school-group] Error sending fetch request (sessionId=1999736093, epoch=INITIAL) to node 0:
org.apache.kafka.common.errors.DisconnectException: null
2026-05-10 01:44:26 [INFO] [Consumer clientId=consumer-school-group-2, groupId=school-group] Node 0 disconnected.
2026-05-10 01:44:26 [WARN] [Consumer clientId=consumer-school-group-2, groupId=school-group] Connection to node 0 (DESKTOP-8IHU6CM/192.168.137.1:9092) could not be established. Broker may not be available.
2026-05-10 01:44:30 [INFO] [Consumer clientId=consumer-school-group-2, groupId=school-group] Node 0 disconnected.
2026-05-10 01:44:30 [WARN] [Consumer clientId=consumer-school-group-2, groupId=school-group] Connection to node 0 (DESKTOP-8IHU6CM/192.168.1.9:9092) could not be established. Broker may not be available.
2026-05-10 01:44:30 [INFO] [Consumer clientId=consumer-school-group-2, groupId=school-group] Error sending fetch request (sessionId=1999736093, epoch=INITIAL) to node 0:
org.apache.kafka.common.errors.DisconnectException: null
2026-05-10 01:44:33 [INFO] [Consumer clientId=consumer-school-group-2, groupId=school-group] Node 0 disconnected.
2026-05-10 01:44:33 [WARN] [Consumer clientId=consumer-school-group-2, groupId=school-group] Connection to node 0 (DESKTOP-8IHU6CM/192.168.56.1:9092) could not be established. Broker may not be available.
2026-05-10 01:44:36 [INFO] [Consumer clientId=consumer-school-group-2, groupId=school-group] Node 0 disconnected.
2026-05-10 01:44:36 [WARN] [Consumer clientId=consumer-school-group-2, groupId=school-group] Connection to node 0 (DESKTOP-8IHU6CM/192.168.137.1:9092) could not be established. Broker may not be available.
2026-05-10 01:44:39 [INFO] [Consumer clientId=consumer-school-group-2, groupId=school-group] Node 0 disconnected.
2026-05-10 01:44:39 [WARN] [Consumer clientId=consumer-school-group-2, groupId=school-group] Connection to node 0 (DESKTOP-8IHU6CM/192.168.1.9:9092) could not be established. Broker may not be available.
2026-05-10 01:44:39 [INFO] [Consumer clientId=consumer-school-group-2, groupId=school-group] Error sending fetch request (sessionId=1999736093, epoch=INITIAL) to node 0:
org.apache.kafka.common.errors.DisconnectException: null
2026-05-10 01:44:42 [INFO] [Consumer clientId=consumer-school-group-2, groupId=school-group] Node 0 disconnected.
2026-05-10 01:44:42 [WARN] [Consumer clientId=consumer-school-group-2, groupId=school-group] Connection to node 0 (DESKTOP-8IHU6CM/192.168.56.1:9092) could not be established. Broker may not be available.
2026-05-10 01:44:45 [INFO] [Consumer clientId=consumer-school-group-2, groupId=school-group] Node 0 disconnected.
2026-05-10 01:44:45 [WARN] [Consumer clientId=consumer-school-group-2, groupId=school-group] Connection to node 0 (DESKTOP-8IHU6CM/192.168.137.1:9092) could not be established. Broker may not be available.
2026-05-10 01:44:45 [INFO] [Consumer clientId=consumer-school-group-2, groupId=school-group] Error sending fetch request (sessionId=1999736093, epoch=INITIAL) to node 0:
org.apache.kafka.common.errors.DisconnectException: null
2026-05-10 01:44:48 [INFO] [Consumer clientId=consumer-school-group-2, groupId=school-group] Node 0 disconnected.
2026-05-10 01:44:48 [WARN] [Consumer clientId=consumer-school-group-2, groupId=school-group] Connection to node 0 (DESKTOP-8IHU6CM/192.168.1.9:9092) could not be established. Broker may not be available.
2026-05-10 01:44:51 [INFO] [Consumer clientId=consumer-school-group-2, groupId=school-group] Node 0 disconnected.
2026-05-10 01:44:51 [WARN] [Consumer clientId=consumer-school-group-2, groupId=school-group] Connection to node 0 (DESKTOP-8IHU6CM/192.168.56.1:9092) could not be established. Broker may not be available.
2026-05-10 01:44:54 [INFO] [Consumer clientId=consumer-school-group-2, groupId=school-group] Node 0 disconnected.
2026-05-10 01:44:54 [WARN] [Consumer clientId=consumer-school-group-2, groupId=school-group] Connection to node 0 (DESKTOP-8IHU6CM/192.168.137.1:9092) could not be established. Broker may not be available.
2026-05-10 01:44:54 [INFO] [Consumer clientId=consumer-school-group-2, groupId=school-group] Error sending fetch request (sessionId=1999736093, epoch=INITIAL) to node 0:
org.apache.kafka.common.errors.DisconnectException: null
2026-05-10 01:44:57 [INFO] [Consumer clientId=consumer-school-group-2, groupId=school-group] Node 0 disconnected.
2026-05-10 01:44:57 [WARN] [Consumer clientId=consumer-school-group-2, groupId=school-group] Connection to node 0 (DESKTOP-8IHU6CM/192.168.1.9:9092) could not be established. Broker may not be available.
2026-05-10 01:45:00 [INFO] [Consumer clientId=consumer-school-group-2, groupId=school-group] Node 0 disconnected.
2026-05-10 01:45:00 [WARN] [Consumer clientId=consumer-school-group-2, groupId=school-group] Connection to node 0 (DESKTOP-8IHU6CM/192.168.56.1:9092) could not be established. Broker may not be available.
2026-05-10 01:45:00 [INFO] [Consumer clientId=consumer-school-group-2, groupId=school-group] Error sending fetch request (sessionId=1999736093, epoch=INITIAL) to node 0:
org.apache.kafka.common.errors.DisconnectException: null
2026-05-10 01:45:03 [INFO] [Consumer clientId=consumer-school-group-2, groupId=school-group] Node 0 disconnected.
2026-05-10 01:45:03 [WARN] [Consumer clientId=consumer-school-group-2, groupId=school-group] Connection to node 0 (DESKTOP-8IHU6CM/192.168.137.1:9092) could not be established. Broker may not be available.
2026-05-10 01:45:06 [INFO] [Consumer clientId=consumer-school-group-2, groupId=school-group] Node 0 disconnected.
2026-05-10 01:45:06 [WARN] [Consumer clientId=consumer-school-group-2, groupId=school-group] Connection to node 0 (DESKTOP-8IHU6CM/192.168.1.9:9092) could not be established. Broker may not be available.
2026-05-10 01:45:09 [INFO] [Consumer clientId=consumer-school-group-2, groupId=school-group] Node 0 disconnected.
2026-05-10 01:45:09 [WARN] [Consumer clientId=consumer-school-group-2, groupId=school-group] Connection to node 0 (DESKTOP-8IHU6CM/192.168.56.1:9092) could not be established. Broker may not be available.
2026-05-10 01:45:09 [INFO] [Consumer clientId=consumer-school-group-2, groupId=school-group] Error sending fetch request (sessionId=1999736093, epoch=INITIAL) to node 0:
org.apache.kafka.common.errors.DisconnectException: null
2026-05-10 01:45:13 [INFO] [Consumer clientId=consumer-school-group-2, groupId=school-group] Node 0 disconnected.
2026-05-10 01:45:13 [WARN] [Consumer clientId=consumer-school-group-2, groupId=school-group] Connection to node 0 (DESKTOP-8IHU6CM/192.168.137.1:9092) could not be established. Broker may not be available.
2026-05-10 01:45:16 [INFO] [Consumer clientId=consumer-school-group-2, groupId=school-group] Node 0 disconnected.
2026-05-10 01:45:16 [WARN] [Consumer clientId=consumer-school-group-2, groupId=school-group] Connection to node 0 (DESKTOP-8IHU6CM/192.168.1.9:9092) could not be established. Broker may not be available.
2026-05-10 01:45:19 [INFO] [Consumer clientId=consumer-school-group-2, groupId=school-group] Node 0 disconnected.
2026-05-10 01:45:19 [WARN] [Consumer clientId=consumer-school-group-2, groupId=school-group] Connection to node 0 (DESKTOP-8IHU6CM/192.168.56.1:9092) could not be established. Broker may not be available.
2026-05-10 01:45:19 [INFO] [Consumer clientId=consumer-school-group-2, groupId=school-group] Error sending fetch request (sessionId=1999736093, epoch=INITIAL) to node 0:
org.apache.kafka.common.errors.DisconnectException: null
2026-05-10 01:45:22 [INFO] [Consumer clientId=consumer-school-group-2, groupId=school-group] Node 0 disconnected.
2026-05-10 01:45:22 [WARN] [Consumer clientId=consumer-school-group-2, groupId=school-group] Connection to node 0 (DESKTOP-8IHU6CM/192.168.137.1:9092) could not be established. Broker may not be available.
2026-05-10 01:45:25 [INFO] [Consumer clientId=consumer-school-group-2, groupId=school-group] Node 0 disconnected.
2026-05-10 01:45:25 [WARN] [Consumer clientId=consumer-school-group-2, groupId=school-group] Connection to node 0 (DESKTOP-8IHU6CM/192.168.1.9:9092) could not be established. Broker may not be available.
2026-05-10 01:45:25 [INFO] [Consumer clientId=consumer-school-group-2, groupId=school-group] Error sending fetch request (sessionId=1999736093, epoch=INITIAL) to node 0:
org.apache.kafka.common.errors.DisconnectException: null
2026-05-10 01:45:27 [INFO] [Consumer clientId=consumer-school-group-2, groupId=school-group] Node 0 disconnected.
2026-05-10 01:45:27 [WARN] [Consumer clientId=consumer-school-group-2, groupId=school-group] Connection to node 0 (DESKTOP-8IHU6CM/192.168.56.1:9092) could not be established. Broker may not be available.
2026-05-10 01:45:30 [INFO] [Consumer clientId=consumer-school-group-2, groupId=school-group] Node 0 disconnected.
2026-05-10 01:45:30 [WARN] [Consumer clientId=consumer-school-group-2, groupId=school-group] Connection to node 0 (DESKTOP-8IHU6CM/192.168.137.1:9092) could not be established. Broker may not be available.
2026-05-10 01:45:33 [INFO] [Consumer clientId=consumer-school-group-2, groupId=school-group] Node 0 disconnected.
2026-05-10 01:45:33 [WARN] [Consumer clientId=consumer-school-group-2, groupId=school-group] Connection to node 0 (DESKTOP-8IHU6CM/192.168.1.9:9092) could not be established. Broker may not be available.
2026-05-10 01:45:33 [INFO] [Consumer clientId=consumer-school-group-2, groupId=school-group] Error sending fetch request (sessionId=1999736093, epoch=INITIAL) to node 0:
org.apache.kafka.common.errors.DisconnectException: null
2026-05-10 01:45:36 [INFO] [Consumer clientId=consumer-school-group-2, groupId=school-group] Node 0 disconnected.
2026-05-10 01:45:36 [WARN] [Consumer clientId=consumer-school-group-2, groupId=school-group] Connection to node 0 (DESKTOP-8IHU6CM/192.168.56.1:9092) could not be established. Broker may not be available.
2026-05-10 01:45:40 [INFO] [Consumer clientId=consumer-school-group-2, groupId=school-group] Node 0 disconnected.
2026-05-10 01:45:40 [WARN] [Consumer clientId=consumer-school-group-2, groupId=school-group] Connection to node 0 (DESKTOP-8IHU6CM/192.168.137.1:9092) could not be established. Broker may not be available.
2026-05-10 01:45:40 [INFO] [Consumer clientId=consumer-school-group-2, groupId=school-group] Error sending fetch request (sessionId=1999736093, epoch=INITIAL) to node 0:
org.apache.kafka.common.errors.DisconnectException: null
2026-05-10 01:45:43 [INFO] [Consumer clientId=consumer-school-group-2, groupId=school-group] Node 0 disconnected.
2026-05-10 01:45:43 [WARN] [Consumer clientId=consumer-school-group-2, groupId=school-group] Connection to node 0 (DESKTOP-8IHU6CM/192.168.1.9:9092) could not be established. Broker may not be available.
2026-05-10 01:45:46 [INFO] [Consumer clientId=consumer-school-group-2, groupId=school-group] Node 0 disconnected.
2026-05-10 01:45:46 [WARN] [Consumer clientId=consumer-school-group-2, groupId=school-group] Connection to node 0 (DESKTOP-8IHU6CM/192.168.56.1:9092) could not be established. Broker may not be available.
2026-05-10 01:45:49 [INFO] [Consumer clientId=consumer-school-group-2, groupId=school-group] Node 0 disconnected.
2026-05-10 01:45:49 [WARN] [Consumer clientId=consumer-school-group-2, groupId=school-group] Connection to node 0 (DESKTOP-8IHU6CM/192.168.137.1:9092) could not be established. Broker may not be available.
2026-05-10 01:45:49 [INFO] [Consumer clientId=consumer-school-group-2, groupId=school-group] Error sending fetch request (sessionId=1999736093, epoch=INITIAL) to node 0:
org.apache.kafka.common.errors.DisconnectException: null
2026-05-10 01:45:52 [INFO] [Consumer clientId=consumer-school-group-2, groupId=school-group] Node 0 disconnected.
2026-05-10 01:45:52 [WARN] [Consumer clientId=consumer-school-group-2, groupId=school-group] Connection to node 0 (DESKTOP-8IHU6CM/192.168.1.9:9092) could not be established. Broker may not be available.
2026-05-10 01:45:55 [INFO] [Consumer clientId=consumer-school-group-2, groupId=school-group] Node 0 disconnected.
2026-05-10 01:45:55 [WARN] [Consumer clientId=consumer-school-group-2, groupId=school-group] Connection to node 0 (DESKTOP-8IHU6CM/192.168.56.1:9092) could not be established. Broker may not be available.
2026-05-10 01:45:55 [INFO] [Consumer clientId=consumer-school-group-2, groupId=school-group] Error sending fetch request (sessionId=1999736093, epoch=INITIAL) to node 0:
org.apache.kafka.common.errors.DisconnectException: null
2026-05-10 01:45:58 [INFO] [Consumer clientId=consumer-school-group-2, groupId=school-group] Node 0 disconnected.
2026-05-10 01:45:58 [WARN] [Consumer clientId=consumer-school-group-2, groupId=school-group] Connection to node 0 (DESKTOP-8IHU6CM/192.168.137.1:9092) could not be established. Broker may not be available.
2026-05-10 01:46:01 [INFO] [Consumer clientId=consumer-school-group-2, groupId=school-group] Node 0 disconnected.
2026-05-10 01:46:01 [WARN] [Consumer clientId=consumer-school-group-2, groupId=school-group] Connection to node 0 (DESKTOP-8IHU6CM/192.168.1.9:9092) could not be established. Broker may not be available.
2026-05-10 01:46:04 [INFO] [Consumer clientId=consumer-school-group-2, groupId=school-group] Node 0 disconnected.
2026-05-10 01:46:04 [WARN] [Consumer clientId=consumer-school-group-2, groupId=school-group] Connection to node 0 (DESKTOP-8IHU6CM/192.168.56.1:9092) could not be established. Broker may not be available.
2026-05-10 01:46:04 [INFO] [Consumer clientId=consumer-school-group-2, groupId=school-group] Error sending fetch request (sessionId=1999736093, epoch=INITIAL) to node 0:
org.apache.kafka.common.errors.DisconnectException: null
2026-05-10 01:46:07 [INFO] [Consumer clientId=consumer-school-group-2, groupId=school-group] Node 0 disconnected.
2026-05-10 01:46:07 [WARN] [Consumer clientId=consumer-school-group-2, groupId=school-group] Connection to node 0 (DESKTOP-8IHU6CM/192.168.137.1:9092) could not be established. Broker may not be available.
2026-05-10 01:46:10 [INFO] [Consumer clientId=consumer-school-group-2, groupId=school-group] Node 0 disconnected.
2026-05-10 01:46:10 [WARN] [Consumer clientId=consumer-school-group-2, groupId=school-group] Connection to node 0 (DESKTOP-8IHU6CM/192.168.1.9:9092) could not be established. Broker may not be available.
2026-05-10 01:46:10 [INFO] [Consumer clientId=consumer-school-group-2, groupId=school-group] Error sending fetch request (sessionId=1999736093, epoch=INITIAL) to node 0:
org.apache.kafka.common.errors.DisconnectException: null
2026-05-10 01:46:13 [INFO] [Consumer clientId=consumer-school-group-2, groupId=school-group] Node 0 disconnected.
2026-05-10 01:46:13 [WARN] [Consumer clientId=consumer-school-group-2, groupId=school-group] Connection to node 0 (DESKTOP-8IHU6CM/192.168.56.1:9092) could not be established. Broker may not be available.
2026-05-10 01:46:13 [INFO] [Consumer clientId=consumer-school-group-2, groupId=school-group] Error sending fetch request (sessionId=1999736093, epoch=INITIAL) to node 0:
org.apache.kafka.common.errors.DisconnectException: null
2026-05-10 01:46:16 [INFO] [Consumer clientId=consumer-school-group-2, groupId=school-group] Node 0 disconnected.
2026-05-10 01:46:16 [WARN] [Consumer clientId=consumer-school-group-2, groupId=school-group] Connection to node 0 (DESKTOP-8IHU6CM/192.168.137.1:9092) could not be established. Broker may not be available.
2026-05-10 01:46:20 [INFO] [Consumer clientId=consumer-school-group-2, groupId=school-group] Node 0 disconnected.
2026-05-10 01:46:20 [WARN] [Consumer clientId=consumer-school-group-2, groupId=school-group] Connection to node 0 (DESKTOP-8IHU6CM/192.168.1.9:9092) could not be established. Broker may not be available.
2026-05-10 01:46:20 [INFO] [Consumer clientId=consumer-school-group-2, groupId=school-group] Error sending fetch request (sessionId=1999736093, epoch=INITIAL) to node 0:
org.apache.kafka.common.errors.DisconnectException: null
2026-05-10 01:46:23 [INFO] [Consumer clientId=consumer-school-group-2, groupId=school-group] Node 0 disconnected.
2026-05-10 01:46:23 [WARN] [Consumer clientId=consumer-school-group-2, groupId=school-group] Connection to node 0 (DESKTOP-8IHU6CM/192.168.56.1:9092) could not be established. Broker may not be available.
2026-05-10 01:46:26 [INFO] [Consumer clientId=consumer-school-group-2, groupId=school-group] Node 0 disconnected.
2026-05-10 01:46:26 [WARN] [Consumer clientId=consumer-school-group-2, groupId=school-group] Connection to node 0 (DESKTOP-8IHU6CM/192.168.137.1:9092) could not be established. Broker may not be available.
2026-05-10 01:46:29 [INFO] [Consumer clientId=consumer-school-group-2, groupId=school-group] Node 0 disconnected.
2026-05-10 01:46:29 [WARN] [Consumer clientId=consumer-school-group-2, groupId=school-group] Connection to node 0 (DESKTOP-8IHU6CM/192.168.1.9:9092) could not be established. Broker may not be available.
2026-05-10 01:46:29 [INFO] [Consumer clientId=consumer-school-group-2, groupId=school-group] Error sending fetch request (sessionId=1999736093, epoch=INITIAL) to node 0:
org.apache.kafka.common.errors.DisconnectException: null
2026-05-10 01:46:32 [INFO] [Consumer clientId=consumer-school-group-2, groupId=school-group] Node 0 disconnected.
2026-05-10 01:46:32 [WARN] [Consumer clientId=consumer-school-group-2, groupId=school-group] Connection to node 0 (DESKTOP-8IHU6CM/192.168.56.1:9092) could not be established. Broker may not be available.
2026-05-10 01:46:35 [INFO] [Consumer clientId=consumer-school-group-2, groupId=school-group] Node 0 disconnected.
2026-05-10 01:46:35 [WARN] [Consumer clientId=consumer-school-group-2, groupId=school-group] Connection to node 0 (DESKTOP-8IHU6CM/192.168.137.1:9092) could not be established. Broker may not be available.
2026-05-10 01:46:35 [INFO] [Consumer clientId=consumer-school-group-2, groupId=school-group] Error sending fetch request (sessionId=1999736093, epoch=INITIAL) to node 0:
org.apache.kafka.common.errors.DisconnectException: null
2026-05-10 01:46:38 [INFO] [Consumer clientId=consumer-school-group-2, groupId=school-group] Node 0 disconnected.
2026-05-10 01:46:38 [WARN] [Consumer clientId=consumer-school-group-2, groupId=school-group] Connection to node 0 (DESKTOP-8IHU6CM/192.168.1.9:9092) could not be established. Broker may not be available.
2026-05-10 01:46:41 [INFO] [Consumer clientId=consumer-school-group-2, groupId=school-group] Node 0 disconnected.
2026-05-10 01:46:41 [WARN] [Consumer clientId=consumer-school-group-2, groupId=school-group] Connection to node 0 (DESKTOP-8IHU6CM/192.168.56.1:9092) could not be established. Broker may not be available.
2026-05-10 01:46:44 [INFO] [Consumer clientId=consumer-school-group-2, groupId=school-group] Node 0 disconnected.
2026-05-10 01:46:44 [WARN] [Consumer clientId=consumer-school-group-2, groupId=school-group] Connection to node 0 (DESKTOP-8IHU6CM/192.168.137.1:9092) could not be established. Broker may not be available.
2026-05-10 01:46:44 [INFO] [Consumer clientId=consumer-school-group-2, groupId=school-group] Error sending fetch request (sessionId=1999736093, epoch=INITIAL) to node 0:
org.apache.kafka.common.errors.DisconnectException: null
2026-05-10 01:46:47 [INFO] [Consumer clientId=consumer-school-group-2, groupId=school-group] Node 0 disconnected.
2026-05-10 01:46:47 [WARN] [Consumer clientId=consumer-school-group-2, groupId=school-group] Connection to node 0 (DESKTOP-8IHU6CM/192.168.1.9:9092) could not be established. Broker may not be available.
2026-05-10 01:46:51 [INFO] [Consumer clientId=consumer-school-group-2, groupId=school-group] Node 0 disconnected.
2026-05-10 01:46:51 [WARN] [Consumer clientId=consumer-school-group-2, groupId=school-group] Connection to node 0 (DESKTOP-8IHU6CM/192.168.56.1:9092) could not be established. Broker may not be available.
2026-05-10 01:46:54 [INFO] [Consumer clientId=consumer-school-group-2, groupId=school-group] Node 0 disconnected.
2026-05-10 01:46:54 [WARN] [Consumer clientId=consumer-school-group-2, groupId=school-group] Connection to node 0 (DESKTOP-8IHU6CM/192.168.137.1:9092) could not be established. Broker may not be available.
2026-05-10 01:46:54 [INFO] [Consumer clientId=consumer-school-group-2, groupId=school-group] Error sending fetch request (sessionId=1999736093, epoch=INITIAL) to node 0:
org.apache.kafka.common.errors.DisconnectException: null
2026-05-10 01:46:57 [INFO] [Consumer clientId=consumer-school-group-2, groupId=school-group] Node 0 disconnected.
2026-05-10 01:46:57 [WARN] [Consumer clientId=consumer-school-group-2, groupId=school-group] Connection to node 0 (DESKTOP-8IHU6CM/192.168.1.9:9092) could not be established. Broker may not be available.
2026-05-10 01:47:00 [INFO] [Consumer clientId=consumer-school-group-2, groupId=school-group] Node 0 disconnected.
2026-05-10 01:47:00 [WARN] [Consumer clientId=consumer-school-group-2, groupId=school-group] Connection to node 0 (DESKTOP-8IHU6CM/192.168.56.1:9092) could not be established. Broker may not be available.
2026-05-10 01:47:00 [INFO] [Consumer clientId=consumer-school-group-2, groupId=school-group] Error sending fetch request (sessionId=1999736093, epoch=INITIAL) to node 0:
org.apache.kafka.common.errors.DisconnectException: null
2026-05-10 01:47:03 [INFO] [Consumer clientId=consumer-school-group-2, groupId=school-group] Node 0 disconnected.
2026-05-10 01:47:03 [WARN] [Consumer clientId=consumer-school-group-2, groupId=school-group] Connection to node 0 (DESKTOP-8IHU6CM/192.168.137.1:9092) could not be established. Broker may not be available.
2026-05-10 01:47:03 [INFO] [Consumer clientId=consumer-school-group-2, groupId=school-group] Error sending fetch request (sessionId=1999736093, epoch=INITIAL) to node 0:
org.apache.kafka.common.errors.DisconnectException: null
2026-05-10 01:47:06 [INFO] [Consumer clientId=consumer-school-group-2, groupId=school-group] Node 0 disconnected.
2026-05-10 01:47:06 [WARN] [Consumer clientId=consumer-school-group-2, groupId=school-group] Connection to node 0 (DESKTOP-8IHU6CM/192.168.1.9:9092) could not be established. Broker may not be available.
2026-05-10 01:47:09 [INFO] [Consumer clientId=consumer-school-group-2, groupId=school-group] Node 0 disconnected.
2026-05-10 01:47:09 [WARN] [Consumer clientId=consumer-school-group-2, groupId=school-group] Connection to node 0 (DESKTOP-8IHU6CM/192.168.56.1:9092) could not be established. Broker may not be available.
2026-05-10 01:47:09 [INFO] [Consumer clientId=consumer-school-group-2, groupId=school-group] Error sending fetch request (sessionId=1999736093, epoch=INITIAL) to node 0:
org.apache.kafka.common.errors.DisconnectException: null
2026-05-10 01:47:12 [INFO] [Consumer clientId=consumer-school-group-2, groupId=school-group] Node 0 disconnected.
2026-05-10 01:47:12 [WARN] [Consumer clientId=consumer-school-group-2, groupId=school-group] Connection to node 0 (DESKTOP-8IHU6CM/192.168.137.1:9092) could not be established. Broker may not be available.
2026-05-10 01:47:15 [INFO] [Consumer clientId=consumer-school-group-2, groupId=school-group] Node 0 disconnected.
2026-05-10 01:47:15 [WARN] [Consumer clientId=consumer-school-group-2, groupId=school-group] Connection to node 0 (DESKTOP-8IHU6CM/192.168.1.9:9092) could not be established. Broker may not be available.
2026-05-10 01:47:18 [INFO] [Consumer clientId=consumer-school-group-2, groupId=school-group] Node 0 disconnected.
2026-05-10 01:47:18 [WARN] [Consumer clientId=consumer-school-group-2, groupId=school-group] Connection to node 0 (DESKTOP-8IHU6CM/192.168.56.1:9092) could not be established. Broker may not be available.
2026-05-10 01:47:21 [INFO] [Consumer clientId=consumer-school-group-2, groupId=school-group] Node 0 disconnected.
2026-05-10 01:47:21 [WARN] [Consumer clientId=consumer-school-group-2, groupId=school-group] Connection to node 0 (DESKTOP-8IHU6CM/192.168.137.1:9092) could not be established. Broker may not be available.
2026-05-10 01:47:24 [INFO] [Consumer clientId=consumer-school-group-2, groupId=school-group] Node 0 disconnected.
2026-05-10 01:47:24 [WARN] [Consumer clientId=consumer-school-group-2, groupId=school-group] Connection to node 0 (DESKTOP-8IHU6CM/192.168.1.9:9092) could not be established. Broker may not be available.
2026-05-10 01:47:24 [INFO] [Consumer clientId=consumer-school-group-2, groupId=school-group] Error sending fetch request (sessionId=1999736093, epoch=INITIAL) to node 0:
org.apache.kafka.common.errors.DisconnectException: null
2026-05-10 01:47:27 [INFO] [Consumer clientId=consumer-school-group-2, groupId=school-group] Node 0 disconnected.
2026-05-10 01:47:27 [WARN] [Consumer clientId=consumer-school-group-2, groupId=school-group] Connection to node 0 (DESKTOP-8IHU6CM/192.168.56.1:9092) could not be established. Broker may not be available.
2026-05-10 01:47:30 [INFO] [Consumer clientId=consumer-school-group-2, groupId=school-group] Node 0 disconnected.
2026-05-10 01:47:30 [WARN] [Consumer clientId=consumer-school-group-2, groupId=school-group] Connection to node 0 (DESKTOP-8IHU6CM/192.168.137.1:9092) could not be established. Broker may not be available.
2026-05-10 01:47:30 [INFO] [Consumer clientId=consumer-school-group-2, groupId=school-group] Error sending fetch request (sessionId=1999736093, epoch=INITIAL) to node 0:
org.apache.kafka.common.errors.DisconnectException: null
2026-05-10 01:47:33 [INFO] [Consumer clientId=consumer-school-group-2, groupId=school-group] Node 0 disconnected.
2026-05-10 01:47:33 [WARN] [Consumer clientId=consumer-school-group-2, groupId=school-group] Connection to node 0 (DESKTOP-8IHU6CM/192.168.1.9:9092) could not be established. Broker may not be available.
2026-05-10 01:47:36 [INFO] [Consumer clientId=consumer-school-group-2, groupId=school-group] Node 0 disconnected.
2026-05-10 01:47:36 [WARN] [Consumer clientId=consumer-school-group-2, groupId=school-group] Connection to node 0 (DESKTOP-8IHU6CM/192.168.56.1:9092) could not be established. Broker may not be available.
2026-05-10 01:47:39 [INFO] [Consumer clientId=consumer-school-group-2, groupId=school-group] Node 0 disconnected.
2026-05-10 01:47:39 [WARN] [Consumer clientId=consumer-school-group-2, groupId=school-group] Connection to node 0 (DESKTOP-8IHU6CM/192.168.137.1:9092) could not be established. Broker may not be available.
2026-05-10 01:47:39 [INFO] [Consumer clientId=consumer-school-group-2, groupId=school-group] Error sending fetch request (sessionId=1999736093, epoch=INITIAL) to node 0:
org.apache.kafka.common.errors.DisconnectException: null
2026-05-10 01:47:42 [INFO] [Consumer clientId=consumer-school-group-2, groupId=school-group] Node 0 disconnected.
2026-05-10 01:47:42 [WARN] [Consumer clientId=consumer-school-group-2, groupId=school-group] Connection to node 0 (DESKTOP-8IHU6CM/192.168.1.9:9092) could not be established. Broker may not be available.
2026-05-10 01:47:45 [INFO] [Consumer clientId=consumer-school-group-2, groupId=school-group] Node 0 disconnected.
2026-05-10 01:47:45 [WARN] [Consumer clientId=consumer-school-group-2, groupId=school-group] Connection to node 0 (DESKTOP-8IHU6CM/192.168.56.1:9092) could not be established. Broker may not be available.
2026-05-10 01:47:48 [INFO] [Consumer clientId=consumer-school-group-2, groupId=school-group] Node 0 disconnected.
2026-05-10 01:47:48 [WARN] [Consumer clientId=consumer-school-group-2, groupId=school-group] Connection to node 0 (DESKTOP-8IHU6CM/192.168.137.1:9092) could not be established. Broker may not be available.
2026-05-10 01:47:48 [INFO] [Consumer clientId=consumer-school-group-2, groupId=school-group] Error sending fetch request (sessionId=1999736093, epoch=INITIAL) to node 0:
org.apache.kafka.common.errors.DisconnectException: null
2026-05-10 01:47:52 [INFO] [Consumer clientId=consumer-school-group-2, groupId=school-group] Node 0 disconnected.
2026-05-10 01:47:52 [WARN] [Consumer clientId=consumer-school-group-2, groupId=school-group] Connection to node 0 (DESKTOP-8IHU6CM/192.168.1.9:9092) could not be established. Broker may not be available.
2026-05-10 01:47:55 [INFO] [Consumer clientId=consumer-school-group-2, groupId=school-group] Node 0 disconnected.
2026-05-10 01:47:55 [WARN] [Consumer clientId=consumer-school-group-2, groupId=school-group] Connection to node 0 (DESKTOP-8IHU6CM/192.168.56.1:9092) could not be established. Broker may not be available.
2026-05-10 01:47:55 [INFO] [Consumer clientId=consumer-school-group-2, groupId=school-group] Error sending fetch request (sessionId=1999736093, epoch=INITIAL) to node 0:
org.apache.kafka.common.errors.DisconnectException: null
2026-05-10 01:47:58 [INFO] [Consumer clientId=consumer-school-group-2, groupId=school-group] Node 0 disconnected.
2026-05-10 01:47:58 [WARN] [Consumer clientId=consumer-school-group-2, groupId=school-group] Connection to node 0 (DESKTOP-8IHU6CM/192.168.137.1:9092) could not be established. Broker may not be available.
2026-05-10 01:48:01 [INFO] [Consumer clientId=consumer-school-group-2, groupId=school-group] Node 0 disconnected.
2026-05-10 01:48:01 [WARN] [Consumer clientId=consumer-school-group-2, groupId=school-group] Connection to node 0 (DESKTOP-8IHU6CM/192.168.1.9:9092) could not be established. Broker may not be available.
2026-05-10 01:48:04 [INFO] [Consumer clientId=consumer-school-group-2, groupId=school-group] Node 0 disconnected.
2026-05-10 01:48:04 [WARN] [Consumer clientId=consumer-school-group-2, groupId=school-group] Connection to node 0 (DESKTOP-8IHU6CM/192.168.56.1:9092) could not be established. Broker may not be available.
2026-05-10 01:48:04 [INFO] [Consumer clientId=consumer-school-group-2, groupId=school-group] Error sending fetch request (sessionId=1999736093, epoch=INITIAL) to node 0:
org.apache.kafka.common.errors.DisconnectException: null
2026-05-10 01:48:07 [INFO] [Consumer clientId=consumer-school-group-2, groupId=school-group] Node 0 disconnected.
2026-05-10 01:48:07 [WARN] [Consumer clientId=consumer-school-group-2, groupId=school-group] Connection to node 0 (DESKTOP-8IHU6CM/192.168.137.1:9092) could not be established. Broker may not be available.
2026-05-10 01:48:10 [INFO] [Consumer clientId=consumer-school-group-2, groupId=school-group] Node 0 disconnected.
2026-05-10 01:48:10 [WARN] [Consumer clientId=consumer-school-group-2, groupId=school-group] Connection to node 0 (DESKTOP-8IHU6CM/192.168.1.9:9092) could not be established. Broker may not be available.
2026-05-10 01:48:10 [INFO] [Consumer clientId=consumer-school-group-2, groupId=school-group] Error sending fetch request (sessionId=1999736093, epoch=INITIAL) to node 0:
org.apache.kafka.common.errors.DisconnectException: null
2026-05-10 01:48:13 [INFO] [Consumer clientId=consumer-school-group-2, groupId=school-group] Node 0 disconnected.
2026-05-10 01:48:13 [WARN] [Consumer clientId=consumer-school-group-2, groupId=school-group] Connection to node 0 (DESKTOP-8IHU6CM/192.168.56.1:9092) could not be established. Broker may not be available.
2026-05-10 01:48:16 [INFO] [Consumer clientId=consumer-school-group-2, groupId=school-group] Node 0 disconnected.
2026-05-10 01:48:16 [WARN] [Consumer clientId=consumer-school-group-2, groupId=school-group] Connection to node 0 (DESKTOP-8IHU6CM/192.168.137.1:9092) could not be established. Broker may not be available.
2026-05-10 01:48:19 [INFO] [Consumer clientId=consumer-school-group-2, groupId=school-group] Node 0 disconnected.
2026-05-10 01:48:19 [WARN] [Consumer clientId=consumer-school-group-2, groupId=school-group] Connection to node 0 (DESKTOP-8IHU6CM/192.168.1.9:9092) could not be established. Broker may not be available.
2026-05-10 01:48:19 [INFO] [Consumer clientId=consumer-school-group-2, groupId=school-group] Error sending fetch request (sessionId=1999736093, epoch=INITIAL) to node 0:
org.apache.kafka.common.errors.DisconnectException: null
2026-05-10 01:48:22 [INFO] [Consumer clientId=consumer-school-group-2, groupId=school-group] Node 0 disconnected.
2026-05-10 01:48:22 [WARN] [Consumer clientId=consumer-school-group-2, groupId=school-group] Connection to node 0 (DESKTOP-8IHU6CM/192.168.56.1:9092) could not be established. Broker may not be available.
2026-05-10 01:48:25 [INFO] [Consumer clientId=consumer-school-group-2, groupId=school-group] Node 0 disconnected.
2026-05-10 01:48:25 [WARN] [Consumer clientId=consumer-school-group-2, groupId=school-group] Connection to node 0 (DESKTOP-8IHU6CM/192.168.137.1:9092) could not be established. Broker may not be available.
2026-05-10 01:48:25 [INFO] [Consumer clientId=consumer-school-group-2, groupId=school-group] Error sending fetch request (sessionId=1999736093, epoch=INITIAL) to node 0:
org.apache.kafka.common.errors.DisconnectException: null
2026-05-10 01:48:28 [INFO] [Consumer clientId=consumer-school-group-2, groupId=school-group] Node 0 disconnected.
2026-05-10 01:48:28 [WARN] [Consumer clientId=consumer-school-group-2, groupId=school-group] Connection to node 0 (DESKTOP-8IHU6CM/192.168.1.9:9092) could not be established. Broker may not be available.
2026-05-10 01:48:31 [INFO] [Consumer clientId=consumer-school-group-2, groupId=school-group] Node 0 disconnected.
2026-05-10 01:48:31 [WARN] [Consumer clientId=consumer-school-group-2, groupId=school-group] Connection to node 0 (DESKTOP-8IHU6CM/192.168.56.1:9092) could not be established. Broker may not be available.
2026-05-10 01:48:34 [INFO] [Consumer clientId=consumer-school-group-2, groupId=school-group] Node 0 disconnected.
2026-05-10 01:48:34 [WARN] [Consumer clientId=consumer-school-group-2, groupId=school-group] Connection to node 0 (DESKTOP-8IHU6CM/192.168.137.1:9092) could not be established. Broker may not be available.
2026-05-10 01:48:34 [INFO] [Consumer clientId=consumer-school-group-2, groupId=school-group] Error sending fetch request (sessionId=1999736093, epoch=INITIAL) to node 0:
org.apache.kafka.common.errors.DisconnectException: null
2026-05-10 01:48:37 [INFO] [Consumer clientId=consumer-school-group-2, groupId=school-group] Node 0 disconnected.
2026-05-10 01:48:37 [WARN] [Consumer clientId=consumer-school-group-2, groupId=school-group] Connection to node 0 (DESKTOP-8IHU6CM/192.168.1.9:9092) could not be established. Broker may not be available.
2026-05-10 01:48:40 [INFO] [Consumer clientId=consumer-school-group-2, groupId=school-group] Node 0 disconnected.
2026-05-10 01:48:40 [WARN] [Consumer clientId=consumer-school-group-2, groupId=school-group] Connection to node 0 (DESKTOP-8IHU6CM/192.168.56.1:9092) could not be established. Broker may not be available.
2026-05-10 01:48:40 [INFO] [Consumer clientId=consumer-school-group-2, groupId=school-group] Error sending fetch request (sessionId=1999736093, epoch=INITIAL) to node 0:
org.apache.kafka.common.errors.DisconnectException: null
2026-05-10 01:48:43 [INFO] [Consumer clientId=consumer-school-group-2, groupId=school-group] Node 0 disconnected.
2026-05-10 01:48:43 [WARN] [Consumer clientId=consumer-school-group-2, groupId=school-group] Connection to node 0 (DESKTOP-8IHU6CM/192.168.137.1:9092) could not be established. Broker may not be available.
2026-05-10 01:48:46 [INFO] [Consumer clientId=consumer-school-group-2, groupId=school-group] Node 0 disconnected.
2026-05-10 01:48:46 [WARN] [Consumer clientId=consumer-school-group-2, groupId=school-group] Connection to node 0 (DESKTOP-8IHU6CM/192.168.1.9:9092) could not be established. Broker may not be available.
2026-05-10 01:48:49 [INFO] [Consumer clientId=consumer-school-group-2, groupId=school-group] Node 0 disconnected.
2026-05-10 01:48:49 [WARN] [Consumer clientId=consumer-school-group-2, groupId=school-group] Connection to node 0 (DESKTOP-8IHU6CM/192.168.56.1:9092) could not be established. Broker may not be available.
2026-05-10 01:48:49 [INFO] [Consumer clientId=consumer-school-group-2, groupId=school-group] Error sending fetch request (sessionId=1999736093, epoch=INITIAL) to node 0:
org.apache.kafka.common.errors.DisconnectException: null
2026-05-10 01:48:52 [INFO] [Consumer clientId=consumer-school-group-2, groupId=school-group] Node 0 disconnected.
2026-05-10 01:48:52 [WARN] [Consumer clientId=consumer-school-group-2, groupId=school-group] Connection to node 0 (DESKTOP-8IHU6CM/192.168.137.1:9092) could not be established. Broker may not be available.
2026-05-10 01:48:56 [INFO] [Consumer clientId=consumer-school-group-2, groupId=school-group] Node 0 disconnected.
2026-05-10 01:48:56 [WARN] [Consumer clientId=consumer-school-group-2, groupId=school-group] Connection to node 0 (DESKTOP-8IHU6CM/192.168.1.9:9092) could not be established. Broker may not be available.
2026-05-10 01:48:59 [INFO] [Consumer clientId=consumer-school-group-2, groupId=school-group] Node 0 disconnected.
2026-05-10 01:48:59 [WARN] [Consumer clientId=consumer-school-group-2, groupId=school-group] Connection to node 0 (DESKTOP-8IHU6CM/192.168.56.1:9092) could not be established. Broker may not be available.
2026-05-10 01:48:59 [INFO] [Consumer clientId=consumer-school-group-2, groupId=school-group] Error sending fetch request (sessionId=1999736093, epoch=INITIAL) to node 0:
org.apache.kafka.common.errors.DisconnectException: null
2026-05-10 01:49:02 [INFO] [Consumer clientId=consumer-school-group-2, groupId=school-group] Node 0 disconnected.
2026-05-10 01:49:02 [WARN] [Consumer clientId=consumer-school-group-2, groupId=school-group] Connection to node 0 (DESKTOP-8IHU6CM/192.168.137.1:9092) could not be established. Broker may not be available.
2026-05-10 01:49:05 [INFO] [Consumer clientId=consumer-school-group-2, groupId=school-group] Node 0 disconnected.
2026-05-10 01:49:05 [WARN] [Consumer clientId=consumer-school-group-2, groupId=school-group] Connection to node 0 (DESKTOP-8IHU6CM/192.168.1.9:9092) could not be established. Broker may not be available.
2026-05-10 01:49:05 [INFO] [Consumer clientId=consumer-school-group-2, groupId=school-group] Error sending fetch request (sessionId=1999736093, epoch=INITIAL) to node 0:
org.apache.kafka.common.errors.DisconnectException: null
2026-05-10 01:49:08 [INFO] [Consumer clientId=consumer-school-group-2, groupId=school-group] Node 0 disconnected.
2026-05-10 01:49:08 [WARN] [Consumer clientId=consumer-school-group-2, groupId=school-group] Connection to node 0 (DESKTOP-8IHU6CM/192.168.56.1:9092) could not be established. Broker may not be available.
2026-05-10 01:49:11 [INFO] [Consumer clientId=consumer-school-group-2, groupId=school-group] Node 0 disconnected.
2026-05-10 01:49:11 [WARN] [Consumer clientId=consumer-school-group-2, groupId=school-group] Connection to node 0 (DESKTOP-8IHU6CM/192.168.137.1:9092) could not be established. Broker may not be available.
2026-05-10 01:49:14 [INFO] [Consumer clientId=consumer-school-group-2, groupId=school-group] Node 0 disconnected.
2026-05-10 01:49:14 [WARN] [Consumer clientId=consumer-school-group-2, groupId=school-group] Connection to node 0 (DESKTOP-8IHU6CM/192.168.1.9:9092) could not be established. Broker may not be available.
2026-05-10 01:49:14 [INFO] [Consumer clientId=consumer-school-group-2, groupId=school-group] Error sending fetch request (sessionId=1999736093, epoch=INITIAL) to node 0:
org.apache.kafka.common.errors.DisconnectException: null
2026-05-10 01:49:17 [INFO] [Consumer clientId=consumer-school-group-2, groupId=school-group] Node 0 disconnected.
2026-05-10 01:49:17 [WARN] [Consumer clientId=consumer-school-group-2, groupId=school-group] Connection to node 0 (DESKTOP-8IHU6CM/192.168.56.1:9092) could not be established. Broker may not be available.
2026-05-10 01:49:20 [INFO] [Consumer clientId=consumer-school-group-2, groupId=school-group] Node 0 disconnected.
2026-05-10 01:49:20 [WARN] [Consumer clientId=consumer-school-group-2, groupId=school-group] Connection to node 0 (DESKTOP-8IHU6CM/192.168.137.1:9092) could not be established. Broker may not be available.
2026-05-10 01:49:20 [INFO] [Consumer clientId=consumer-school-group-2, groupId=school-group] Error sending fetch request (sessionId=1999736093, epoch=INITIAL) to node 0:
org.apache.kafka.common.errors.DisconnectException: null
2026-05-10 01:49:23 [INFO] [Consumer clientId=consumer-school-group-2, groupId=school-group] Node 0 disconnected.
2026-05-10 01:49:23 [WARN] [Consumer clientId=consumer-school-group-2, groupId=school-group] Connection to node 0 (DESKTOP-8IHU6CM/192.168.1.9:9092) could not be established. Broker may not be available.
2026-05-10 01:49:26 [INFO] [Consumer clientId=consumer-school-group-2, groupId=school-group] Node 0 disconnected.
2026-05-10 01:49:26 [WARN] [Consumer clientId=consumer-school-group-2, groupId=school-group] Connection to node 0 (DESKTOP-8IHU6CM/192.168.56.1:9092) could not be established. Broker may not be available.
2026-05-10 01:49:29 [INFO] [Consumer clientId=consumer-school-group-2, groupId=school-group] Node 0 disconnected.
2026-05-10 01:49:29 [WARN] [Consumer clientId=consumer-school-group-2, groupId=school-group] Connection to node 0 (DESKTOP-8IHU6CM/192.168.137.1:9092) could not be established. Broker may not be available.
2026-05-10 01:49:29 [INFO] [Consumer clientId=consumer-school-group-2, groupId=school-group] Error sending fetch request (sessionId=1999736093, epoch=INITIAL) to node 0:
org.apache.kafka.common.errors.DisconnectException: null
2026-05-10 01:49:32 [INFO] [Consumer clientId=consumer-school-group-2, groupId=school-group] Node 0 disconnected.
2026-05-10 01:49:32 [WARN] [Consumer clientId=consumer-school-group-2, groupId=school-group] Connection to node 0 (DESKTOP-8IHU6CM/192.168.1.9:9092) could not be established. Broker may not be available.
2026-05-10 01:49:36 [INFO] [Consumer clientId=consumer-school-group-2, groupId=school-group] Node 0 disconnected.
2026-05-10 01:49:36 [WARN] [Consumer clientId=consumer-school-group-2, groupId=school-group] Connection to node 0 (DESKTOP-8IHU6CM/192.168.56.1:9092) could not be established. Broker may not be available.
2026-05-10 01:49:36 [INFO] [Consumer clientId=consumer-school-group-2, groupId=school-group] Error sending fetch request (sessionId=1999736093, epoch=INITIAL) to node 0:
org.apache.kafka.common.errors.DisconnectException: null
2026-05-10 01:49:39 [INFO] [Consumer clientId=consumer-school-group-2, groupId=school-group] Node 0 disconnected.
2026-05-10 01:49:39 [WARN] [Consumer clientId=consumer-school-group-2, groupId=school-group] Connection to node 0 (DESKTOP-8IHU6CM/192.168.137.1:9092) could not be established. Broker may not be available.
2026-05-10 01:49:39 [INFO] [Consumer clientId=consumer-school-group-2, groupId=school-group] Error sending fetch request (sessionId=1999736093, epoch=INITIAL) to node 0:
org.apache.kafka.common.errors.DisconnectException: null
2026-05-10 01:49:42 [INFO] [Consumer clientId=consumer-school-group-2, groupId=school-group] Node 0 disconnected.
2026-05-10 01:49:42 [WARN] [Consumer clientId=consumer-school-group-2, groupId=school-group] Connection to node 0 (DESKTOP-8IHU6CM/192.168.1.9:9092) could not be established. Broker may not be available.
2026-05-10 01:49:45 [INFO] [Consumer clientId=consumer-school-group-2, groupId=school-group] Node 0 disconnected.
2026-05-10 01:49:45 [WARN] [Consumer clientId=consumer-school-group-2, groupId=school-group] Connection to node 0 (DESKTOP-8IHU6CM/192.168.56.1:9092) could not be established. Broker may not be available.
2026-05-10 01:49:45 [INFO] [Consumer clientId=consumer-school-group-2, groupId=school-group] Error sending fetch request (sessionId=1999736093, epoch=INITIAL) to node 0:
org.apache.kafka.common.errors.DisconnectException: null
2026-05-10 01:49:48 [INFO] [Consumer clientId=consumer-school-group-2, groupId=school-group] Node 0 disconnected.
2026-05-10 01:49:48 [WARN] [Consumer clientId=consumer-school-group-2, groupId=school-group] Connection to node 0 (DESKTOP-8IHU6CM/192.168.137.1:9092) could not be established. Broker may not be available.
2026-05-10 01:49:51 [INFO] [Consumer clientId=consumer-school-group-2, groupId=school-group] Node 0 disconnected.
2026-05-10 01:49:51 [WARN] [Consumer clientId=consumer-school-group-2, groupId=school-group] Connection to node 0 (DESKTOP-8IHU6CM/192.168.1.9:9092) could not be established. Broker may not be available.
2026-05-10 01:49:54 [INFO] [Consumer clientId=consumer-school-group-2, groupId=school-group] Node 0 disconnected.
2026-05-10 01:49:54 [WARN] [Consumer clientId=consumer-school-group-2, groupId=school-group] Connection to node 0 (DESKTOP-8IHU6CM/192.168.56.1:9092) could not be established. Broker may not be available.
2026-05-10 01:49:54 [INFO] [Consumer clientId=consumer-school-group-2, groupId=school-group] Error sending fetch request (sessionId=1999736093, epoch=INITIAL) to node 0:
org.apache.kafka.common.errors.DisconnectException: null
2026-05-10 01:49:57 [INFO] [Consumer clientId=consumer-school-group-2, groupId=school-group] Node 0 disconnected.
2026-05-10 01:49:57 [WARN] [Consumer clientId=consumer-school-group-2, groupId=school-group] Connection to node 0 (DESKTOP-8IHU6CM/192.168.137.1:9092) could not be established. Broker may not be available.
2026-05-10 01:50:00 [INFO] [Consumer clientId=consumer-school-group-2, groupId=school-group] Node 0 disconnected.
2026-05-10 01:50:00 [WARN] [Consumer clientId=consumer-school-group-2, groupId=school-group] Connection to node 0 (DESKTOP-8IHU6CM/192.168.1.9:9092) could not be established. Broker may not be available.
2026-05-10 01:50:00 [INFO] [Consumer clientId=consumer-school-group-2, groupId=school-group] Error sending fetch request (sessionId=1999736093, epoch=INITIAL) to node 0:
org.apache.kafka.common.errors.DisconnectException: null
2026-05-10 01:50:03 [INFO] [Consumer clientId=consumer-school-group-2, groupId=school-group] Node 0 disconnected.
2026-05-10 01:50:03 [WARN] [Consumer clientId=consumer-school-group-2, groupId=school-group] Connection to node 0 (DESKTOP-8IHU6CM/192.168.56.1:9092) could not be established. Broker may not be available.
2026-05-10 01:50:06 [INFO] [Consumer clientId=consumer-school-group-2, groupId=school-group] Node 0 disconnected.
2026-05-10 01:50:06 [WARN] [Consumer clientId=consumer-school-group-2, groupId=school-group] Connection to node 0 (DESKTOP-8IHU6CM/192.168.137.1:9092) could not be established. Broker may not be available.
2026-05-10 01:50:09 [INFO] [Consumer clientId=consumer-school-group-2, groupId=school-group] Node 0 disconnected.
2026-05-10 01:50:09 [WARN] [Consumer clientId=consumer-school-group-2, groupId=school-group] Connection to node 0 (DESKTOP-8IHU6CM/192.168.1.9:9092) could not be established. Broker may not be available.
2026-05-10 01:50:09 [INFO] [Consumer clientId=consumer-school-group-2, groupId=school-group] Error sending fetch request (sessionId=1999736093, epoch=INITIAL) to node 0:
org.apache.kafka.common.errors.DisconnectException: null
2026-05-10 01:50:13 [INFO] [Consumer clientId=consumer-school-group-2, groupId=school-group] Node 0 disconnected.
2026-05-10 01:50:13 [WARN] [Consumer clientId=consumer-school-group-2, groupId=school-group] Connection to node 0 (DESKTOP-8IHU6CM/192.168.56.1:9092) could not be established. Broker may not be available.
2026-05-10 01:50:15 [INFO] [Consumer clientId=consumer-school-group-2, groupId=school-group] Node 0 disconnected.
2026-05-10 01:50:15 [WARN] [Consumer clientId=consumer-school-group-2, groupId=school-group] Connection to node 0 (DESKTOP-8IHU6CM/192.168.137.1:9092) could not be established. Broker may not be available.
2026-05-10 01:50:15 [INFO] [Consumer clientId=consumer-school-group-2, groupId=school-group] Error sending fetch request (sessionId=1999736093, epoch=INITIAL) to node 0:
org.apache.kafka.common.errors.DisconnectException: null
2026-05-10 01:50:18 [INFO] [Consumer clientId=consumer-school-group-2, groupId=school-group] Node 0 disconnected.
2026-05-10 01:50:18 [WARN] [Consumer clientId=consumer-school-group-2, groupId=school-group] Connection to node 0 (DESKTOP-8IHU6CM/192.168.1.9:9092) could not be established. Broker may not be available.
2026-05-10 01:50:22 [INFO] [Consumer clientId=consumer-school-group-2, groupId=school-group] Node 0 disconnected.
2026-05-10 01:50:22 [WARN] [Consumer clientId=consumer-school-group-2, groupId=school-group] Connection to node 0 (DESKTOP-8IHU6CM/192.168.56.1:9092) could not be established. Broker may not be available.
2026-05-10 01:50:25 [INFO] [Consumer clientId=consumer-school-group-2, groupId=school-group] Node 0 disconnected.
2026-05-10 01:50:25 [WARN] [Consumer clientId=consumer-school-group-2, groupId=school-group] Connection to node 0 (DESKTOP-8IHU6CM/192.168.137.1:9092) could not be established. Broker may not be available.
2026-05-10 01:50:25 [INFO] [Consumer clientId=consumer-school-group-2, groupId=school-group] Error sending fetch request (sessionId=1999736093, epoch=INITIAL) to node 0:
org.apache.kafka.common.errors.DisconnectException: null
2026-05-10 01:50:28 [INFO] [Consumer clientId=consumer-school-group-2, groupId=school-group] Node 0 disconnected.
2026-05-10 01:50:28 [WARN] [Consumer clientId=consumer-school-group-2, groupId=school-group] Connection to node 0 (DESKTOP-8IHU6CM/192.168.1.9:9092) could not be established. Broker may not be available.
2026-05-10 01:50:31 [INFO] [Consumer clientId=consumer-school-group-2, groupId=school-group] Node 0 disconnected.
2026-05-10 01:50:31 [WARN] [Consumer clientId=consumer-school-group-2, groupId=school-group] Connection to node 0 (DESKTOP-8IHU6CM/192.168.56.1:9092) could not be established. Broker may not be available.
2026-05-10 01:50:34 [INFO] [Consumer clientId=consumer-school-group-2, groupId=school-group] Node 0 disconnected.
2026-05-10 01:50:34 [WARN] [Consumer clientId=consumer-school-group-2, groupId=school-group] Connection to node 0 (DESKTOP-8IHU6CM/192.168.137.1:9092) could not be established. Broker may not be available.
2026-05-10 01:50:34 [INFO] [Consumer clientId=consumer-school-group-2, groupId=school-group] Error sending fetch request (sessionId=1999736093, epoch=INITIAL) to node 0:
org.apache.kafka.common.errors.DisconnectException: null
2026-05-10 01:50:37 [INFO] [Consumer clientId=consumer-school-group-2, groupId=school-group] Node 0 disconnected.
2026-05-10 01:50:37 [WARN] [Consumer clientId=consumer-school-group-2, groupId=school-group] Connection to node 0 (DESKTOP-8IHU6CM/192.168.1.9:9092) could not be established. Broker may not be available.
2026-05-10 01:50:41 [INFO] [Consumer clientId=consumer-school-group-2, groupId=school-group] Node 0 disconnected.
2026-05-10 01:50:41 [WARN] [Consumer clientId=consumer-school-group-2, groupId=school-group] Connection to node 0 (DESKTOP-8IHU6CM/192.168.56.1:9092) could not be established. Broker may not be available.
2026-05-10 01:50:41 [INFO] [Consumer clientId=consumer-school-group-2, groupId=school-group] Error sending fetch request (sessionId=1999736093, epoch=INITIAL) to node 0:
org.apache.kafka.common.errors.DisconnectException: null
2026-05-10 01:50:43 [INFO] [Consumer clientId=consumer-school-group-2, groupId=school-group] Node 0 disconnected.
2026-05-10 01:50:43 [WARN] [Consumer clientId=consumer-school-group-2, groupId=school-group] Connection to node 0 (DESKTOP-8IHU6CM/192.168.137.1:9092) could not be established. Broker may not be available.
2026-05-10 01:50:47 [INFO] [Consumer clientId=consumer-school-group-2, groupId=school-group] Node 0 disconnected.
2026-05-10 01:50:47 [WARN] [Consumer clientId=consumer-school-group-2, groupId=school-group] Connection to node 0 (DESKTOP-8IHU6CM/192.168.1.9:9092) could not be established. Broker may not be available.
2026-05-10 01:50:50 [INFO] [Consumer clientId=consumer-school-group-2, groupId=school-group] Node 0 disconnected.
2026-05-10 01:50:50 [WARN] [Consumer clientId=consumer-school-group-2, groupId=school-group] Connection to node 0 (DESKTOP-8IHU6CM/192.168.56.1:9092) could not be established. Broker may not be available.
2026-05-10 01:50:50 [INFO] [Consumer clientId=consumer-school-group-2, groupId=school-group] Error sending fetch request (sessionId=1999736093, epoch=INITIAL) to node 0:
org.apache.kafka.common.errors.DisconnectException: null
2026-05-10 01:50:53 [INFO] [Consumer clientId=consumer-school-group-2, groupId=school-group] Node 0 disconnected.
2026-05-10 01:50:53 [WARN] [Consumer clientId=consumer-school-group-2, groupId=school-group] Connection to node 0 (DESKTOP-8IHU6CM/192.168.137.1:9092) could not be established. Broker may not be available.
2026-05-10 01:50:56 [INFO] [Consumer clientId=consumer-school-group-2, groupId=school-group] Node 0 disconnected.
2026-05-10 01:50:56 [WARN] [Consumer clientId=consumer-school-group-2, groupId=school-group] Connection to node 0 (DESKTOP-8IHU6CM/192.168.1.9:9092) could not be established. Broker may not be available.
2026-05-10 01:50:59 [INFO] [Consumer clientId=consumer-school-group-2, groupId=school-group] Node 0 disconnected.
2026-05-10 01:50:59 [WARN] [Consumer clientId=consumer-school-group-2, groupId=school-group] Connection to node 0 (DESKTOP-8IHU6CM/192.168.56.1:9092) could not be established. Broker may not be available.
2026-05-10 01:50:59 [INFO] [Consumer clientId=consumer-school-group-2, groupId=school-group] Error sending fetch request (sessionId=1999736093, epoch=INITIAL) to node 0:
org.apache.kafka.common.errors.DisconnectException: null
2026-05-10 01:51:03 [INFO] [Consumer clientId=consumer-school-group-2, groupId=school-group] Node 0 disconnected.
2026-05-10 01:51:03 [WARN] [Consumer clientId=consumer-school-group-2, groupId=school-group] Connection to node 0 (DESKTOP-8IHU6CM/192.168.137.1:9092) could not be established. Broker may not be available.
2026-05-10 01:51:06 [INFO] [Consumer clientId=consumer-school-group-2, groupId=school-group] Node 0 disconnected.
2026-05-10 01:51:06 [WARN] [Consumer clientId=consumer-school-group-2, groupId=school-group] Connection to node 0 (DESKTOP-8IHU6CM/192.168.1.9:9092) could not be established. Broker may not be available.
2026-05-10 01:51:06 [INFO] [Consumer clientId=consumer-school-group-2, groupId=school-group] Error sending fetch request (sessionId=1999736093, epoch=INITIAL) to node 0:
org.apache.kafka.common.errors.DisconnectException: null
2026-05-10 01:51:09 [INFO] [Consumer clientId=consumer-school-group-2, groupId=school-group] Node 0 disconnected.
2026-05-10 01:51:09 [WARN] [Consumer clientId=consumer-school-group-2, groupId=school-group] Connection to node 0 (DESKTOP-8IHU6CM/192.168.56.1:9092) could not be established. Broker may not be available.
2026-05-10 01:51:12 [INFO] [Consumer clientId=consumer-school-group-2, groupId=school-group] Node 0 disconnected.
2026-05-10 01:51:12 [WARN] [Consumer clientId=consumer-school-group-2, groupId=school-group] Connection to node 0 (DESKTOP-8IHU6CM/192.168.137.1:9092) could not be established. Broker may not be available.
2026-05-10 01:51:15 [INFO] [Consumer clientId=consumer-school-group-2, groupId=school-group] Node 0 disconnected.
2026-05-10 01:51:15 [WARN] [Consumer clientId=consumer-school-group-2, groupId=school-group] Connection to node 0 (DESKTOP-8IHU6CM/192.168.1.9:9092) could not be established. Broker may not be available.
2026-05-10 01:51:15 [INFO] [Consumer clientId=consumer-school-group-2, groupId=school-group] Error sending fetch request (sessionId=1999736093, epoch=INITIAL) to node 0:
org.apache.kafka.common.errors.DisconnectException: null
2026-05-10 01:51:18 [INFO] [Consumer clientId=consumer-school-group-2, groupId=school-group] Node 0 disconnected.
2026-05-10 01:51:18 [WARN] [Consumer clientId=consumer-school-group-2, groupId=school-group] Connection to node 0 (DESKTOP-8IHU6CM/192.168.56.1:9092) could not be established. Broker may not be available.
2026-05-10 01:51:21 [INFO] [Consumer clientId=consumer-school-group-2, groupId=school-group] Node 0 disconnected.
2026-05-10 01:51:21 [WARN] [Consumer clientId=consumer-school-group-2, groupId=school-group] Connection to node 0 (DESKTOP-8IHU6CM/192.168.137.1:9092) could not be established. Broker may not be available.
2026-05-10 01:51:24 [INFO] [Consumer clientId=consumer-school-group-2, groupId=school-group] Node 0 disconnected.
2026-05-10 01:51:24 [WARN] [Consumer clientId=consumer-school-group-2, groupId=school-group] Connection to node 0 (DESKTOP-8IHU6CM/192.168.1.9:9092) could not be established. Broker may not be available.
2026-05-10 01:51:24 [INFO] [Consumer clientId=consumer-school-group-2, groupId=school-group] Error sending fetch request (sessionId=1999736093, epoch=INITIAL) to node 0:
org.apache.kafka.common.errors.DisconnectException: null
2026-05-10 01:51:27 [INFO] [Consumer clientId=consumer-school-group-2, groupId=school-group] Node 0 disconnected.
2026-05-10 01:51:27 [WARN] [Consumer clientId=consumer-school-group-2, groupId=school-group] Connection to node 0 (DESKTOP-8IHU6CM/192.168.56.1:9092) could not be established. Broker may not be available.
2026-05-10 01:51:30 [INFO] [Consumer clientId=consumer-school-group-2, groupId=school-group] Node 0 disconnected.
2026-05-10 01:51:30 [WARN] [Consumer clientId=consumer-school-group-2, groupId=school-group] Connection to node 0 (DESKTOP-8IHU6CM/192.168.137.1:9092) could not be established. Broker may not be available.
2026-05-10 01:51:30 [INFO] [Consumer clientId=consumer-school-group-2, groupId=school-group] Error sending fetch request (sessionId=1999736093, epoch=INITIAL) to node 0:
org.apache.kafka.common.errors.DisconnectException: null
2026-05-10 01:51:33 [INFO] [Consumer clientId=consumer-school-group-2, groupId=school-group] Node 0 disconnected.
2026-05-10 01:51:33 [WARN] [Consumer clientId=consumer-school-group-2, groupId=school-group] Connection to node 0 (DESKTOP-8IHU6CM/192.168.1.9:9092) could not be established. Broker may not be available.
2026-05-10 01:51:36 [INFO] [Consumer clientId=consumer-school-group-2, groupId=school-group] Node 0 disconnected.
2026-05-10 01:51:36 [WARN] [Consumer clientId=consumer-school-group-2, groupId=school-group] Connection to node 0 (DESKTOP-8IHU6CM/192.168.56.1:9092) could not be established. Broker may not be available.
2026-05-10 01:51:39 [INFO] [Consumer clientId=consumer-school-group-2, groupId=school-group] Node 0 disconnected.
2026-05-10 01:51:39 [WARN] [Consumer clientId=consumer-school-group-2, groupId=school-group] Connection to node 0 (DESKTOP-8IHU6CM/192.168.137.1:9092) could not be established. Broker may not be available.
2026-05-10 01:51:39 [INFO] [Consumer clientId=consumer-school-group-2, groupId=school-group] Error sending fetch request (sessionId=1999736093, epoch=INITIAL) to node 0:
org.apache.kafka.common.errors.DisconnectException: null
2026-05-10 01:51:42 [INFO] [Consumer clientId=consumer-school-group-2, groupId=school-group] Node 0 disconnected.
2026-05-10 01:51:42 [WARN] [Consumer clientId=consumer-school-group-2, groupId=school-group] Connection to node 0 (DESKTOP-8IHU6CM/192.168.1.9:9092) could not be established. Broker may not be available.
2026-05-10 01:51:46 [INFO] [Consumer clientId=consumer-school-group-2, groupId=school-group] Node 0 disconnected.
2026-05-10 01:51:46 [WARN] [Consumer clientId=consumer-school-group-2, groupId=school-group] Connection to node 0 (DESKTOP-8IHU6CM/192.168.56.1:9092) could not be established. Broker may not be available.
2026-05-10 01:51:46 [INFO] [Consumer clientId=consumer-school-group-2, groupId=school-group] Error sending fetch request (sessionId=1999736093, epoch=INITIAL) to node 0:
org.apache.kafka.common.errors.DisconnectException: null
2026-05-10 01:51:49 [INFO] [Consumer clientId=consumer-school-group-2, groupId=school-group] Node 0 disconnected.
2026-05-10 01:51:49 [WARN] [Consumer clientId=consumer-school-group-2, groupId=school-group] Connection to node 0 (DESKTOP-8IHU6CM/192.168.137.1:9092) could not be established. Broker may not be available.
2026-05-10 01:51:51 [INFO] [Consumer clientId=consumer-school-group-2, groupId=school-group] Node 0 disconnected.
2026-05-10 01:51:51 [WARN] [Consumer clientId=consumer-school-group-2, groupId=school-group] Connection to node 0 (DESKTOP-8IHU6CM/192.168.1.9:9092) could not be established. Broker may not be available.
2026-05-10 01:51:54 [INFO] [Consumer clientId=consumer-school-group-2, groupId=school-group] Node 0 disconnected.
2026-05-10 01:51:54 [WARN] [Consumer clientId=consumer-school-group-2, groupId=school-group] Connection to node 0 (DESKTOP-8IHU6CM/192.168.56.1:9092) could not be established. Broker may not be available.
2026-05-10 01:51:54 [INFO] [Consumer clientId=consumer-school-group-2, groupId=school-group] Error sending fetch request (sessionId=1999736093, epoch=INITIAL) to node 0:
org.apache.kafka.common.errors.DisconnectException: null
2026-05-10 01:51:57 [INFO] [Consumer clientId=consumer-school-group-2, groupId=school-group] Node 0 disconnected.
2026-05-10 01:51:57 [WARN] [Consumer clientId=consumer-school-group-2, groupId=school-group] Connection to node 0 (DESKTOP-8IHU6CM/192.168.137.1:9092) could not be established. Broker may not be available.
2026-05-10 01:52:00 [INFO] [Consumer clientId=consumer-school-group-2, groupId=school-group] Node 0 disconnected.
2026-05-10 01:52:00 [WARN] [Consumer clientId=consumer-school-group-2, groupId=school-group] Connection to node 0 (DESKTOP-8IHU6CM/192.168.1.9:9092) could not be established. Broker may not be available.
2026-05-10 01:52:00 [INFO] [Consumer clientId=consumer-school-group-2, groupId=school-group] Error sending fetch request (sessionId=1999736093, epoch=INITIAL) to node 0:
org.apache.kafka.common.errors.DisconnectException: null
2026-05-10 01:52:04 [INFO] [Consumer clientId=consumer-school-group-2, groupId=school-group] Node 0 disconnected.
2026-05-10 01:52:04 [WARN] [Consumer clientId=consumer-school-group-2, groupId=school-group] Connection to node 0 (DESKTOP-8IHU6CM/192.168.56.1:9092) could not be established. Broker may not be available.
2026-05-10 01:52:07 [INFO] [Consumer clientId=consumer-school-group-2, groupId=school-group] Node 0 disconnected.
2026-05-10 01:52:07 [WARN] [Consumer clientId=consumer-school-group-2, groupId=school-group] Connection to node 0 (DESKTOP-8IHU6CM/192.168.137.1:9092) could not be established. Broker may not be available.
2026-05-10 01:52:10 [INFO] [Consumer clientId=consumer-school-group-2, groupId=school-group] Node 0 disconnected.
2026-05-10 01:52:10 [WARN] [Consumer clientId=consumer-school-group-2, groupId=school-group] Connection to node 0 (DESKTOP-8IHU6CM/192.168.1.9:9092) could not be established. Broker may not be available.
2026-05-10 01:52:10 [INFO] [Consumer clientId=consumer-school-group-2, groupId=school-group] Error sending fetch request (sessionId=1999736093, epoch=INITIAL) to node 0:
org.apache.kafka.common.errors.DisconnectException: null
2026-05-10 01:52:13 [INFO] [Consumer clientId=consumer-school-group-2, groupId=school-group] Node 0 disconnected.
2026-05-10 01:52:13 [WARN] [Consumer clientId=consumer-school-group-2, groupId=school-group] Connection to node 0 (DESKTOP-8IHU6CM/192.168.56.1:9092) could not be established. Broker may not be available.
2026-05-10 01:52:16 [INFO] [Consumer clientId=consumer-school-group-2, groupId=school-group] Node 0 disconnected.
2026-05-10 01:52:16 [WARN] [Consumer clientId=consumer-school-group-2, groupId=school-group] Connection to node 0 (DESKTOP-8IHU6CM/192.168.137.1:9092) could not be established. Broker may not be available.
2026-05-10 01:52:19 [INFO] [Consumer clientId=consumer-school-group-2, groupId=school-group] Node 0 disconnected.
2026-05-10 01:52:19 [WARN] [Consumer clientId=consumer-school-group-2, groupId=school-group] Connection to node 0 (DESKTOP-8IHU6CM/192.168.1.9:9092) could not be established. Broker may not be available.
2026-05-10 01:52:19 [INFO] [Consumer clientId=consumer-school-group-2, groupId=school-group] Error sending fetch request (sessionId=1999736093, epoch=INITIAL) to node 0:
org.apache.kafka.common.errors.DisconnectException: null
2026-05-10 01:52:22 [INFO] [Consumer clientId=consumer-school-group-2, groupId=school-group] Node 0 disconnected.
2026-05-10 01:52:22 [WARN] [Consumer clientId=consumer-school-group-2, groupId=school-group] Connection to node 0 (DESKTOP-8IHU6CM/192.168.56.1:9092) could not be established. Broker may not be available.
2026-05-10 01:52:25 [INFO] [Consumer clientId=consumer-school-group-2, groupId=school-group] Node 0 disconnected.
2026-05-10 01:52:25 [WARN] [Consumer clientId=consumer-school-group-2, groupId=school-group] Connection to node 0 (DESKTOP-8IHU6CM/192.168.137.1:9092) could not be established. Broker may not be available.
2026-05-10 01:52:25 [INFO] [Consumer clientId=consumer-school-group-2, groupId=school-group] Error sending fetch request (sessionId=1999736093, epoch=INITIAL) to node 0:
org.apache.kafka.common.errors.DisconnectException: null
2026-05-10 01:52:28 [INFO] [Consumer clientId=consumer-school-group-2, groupId=school-group] Node 0 disconnected.
2026-05-10 01:52:28 [WARN] [Consumer clientId=consumer-school-group-2, groupId=school-group] Connection to node 0 (DESKTOP-8IHU6CM/192.168.1.9:9092) could not be established. Broker may not be available.
2026-05-10 01:52:31 [INFO] [Consumer clientId=consumer-school-group-2, groupId=school-group] Node 0 disconnected.
2026-05-10 01:52:31 [WARN] [Consumer clientId=consumer-school-group-2, groupId=school-group] Connection to node 0 (DESKTOP-8IHU6CM/192.168.56.1:9092) could not be established. Broker may not be available.
2026-05-10 01:52:34 [INFO] [Consumer clientId=consumer-school-group-2, groupId=school-group] Node 0 disconnected.
2026-05-10 01:52:34 [WARN] [Consumer clientId=consumer-school-group-2, groupId=school-group] Connection to node 0 (DESKTOP-8IHU6CM/192.168.137.1:9092) could not be established. Broker may not be available.
2026-05-10 01:52:34 [INFO] [Consumer clientId=consumer-school-group-2, groupId=school-group] Error sending fetch request (sessionId=1999736093, epoch=INITIAL) to node 0:
org.apache.kafka.common.errors.DisconnectException: null
2026-05-10 01:52:38 [INFO] [Consumer clientId=consumer-school-group-2, groupId=school-group] Node 0 disconnected.
2026-05-10 01:52:38 [WARN] [Consumer clientId=consumer-school-group-2, groupId=school-group] Connection to node 0 (DESKTOP-8IHU6CM/192.168.1.9:9092) could not be established. Broker may not be available.
2026-05-10 01:52:41 [INFO] [Consumer clientId=consumer-school-group-2, groupId=school-group] Node 0 disconnected.
2026-05-10 01:52:41 [WARN] [Consumer clientId=consumer-school-group-2, groupId=school-group] Connection to node 0 (DESKTOP-8IHU6CM/192.168.56.1:9092) could not be established. Broker may not be available.
2026-05-10 01:52:41 [INFO] [Consumer clientId=consumer-school-group-2, groupId=school-group] Error sending fetch request (sessionId=1999736093, epoch=INITIAL) to node 0:
org.apache.kafka.common.errors.DisconnectException: null
2026-05-10 01:52:44 [INFO] [Consumer clientId=consumer-school-group-2, groupId=school-group] Node 0 disconnected.
2026-05-10 01:52:44 [WARN] [Consumer clientId=consumer-school-group-2, groupId=school-group] Connection to node 0 (DESKTOP-8IHU6CM/192.168.137.1:9092) could not be established. Broker may not be available.
2026-05-10 01:52:44 [INFO] [Consumer clientId=consumer-school-group-2, groupId=school-group] Error sending fetch request (sessionId=1999736093, epoch=INITIAL) to node 0:
org.apache.kafka.common.errors.DisconnectException: null
2026-05-10 01:52:47 [INFO] [Consumer clientId=consumer-school-group-2, groupId=school-group] Node 0 disconnected.
2026-05-10 01:52:47 [WARN] [Consumer clientId=consumer-school-group-2, groupId=school-group] Connection to node 0 (DESKTOP-8IHU6CM/192.168.1.9:9092) could not be established. Broker may not be available.
2026-05-10 01:52:50 [INFO] [Consumer clientId=consumer-school-group-2, groupId=school-group] Node 0 disconnected.
2026-05-10 01:52:50 [WARN] [Consumer clientId=consumer-school-group-2, groupId=school-group] Connection to node 0 (DESKTOP-8IHU6CM/192.168.56.1:9092) could not be established. Broker may not be available.
2026-05-10 01:52:50 [INFO] [Consumer clientId=consumer-school-group-2, groupId=school-group] Error sending fetch request (sessionId=1999736093, epoch=INITIAL) to node 0:
org.apache.kafka.common.errors.DisconnectException: null
2026-05-10 01:52:53 [INFO] [Consumer clientId=consumer-school-group-2, groupId=school-group] Node 0 disconnected.
2026-05-10 01:52:53 [WARN] [Consumer clientId=consumer-school-group-2, groupId=school-group] Connection to node 0 (DESKTOP-8IHU6CM/192.168.137.1:9092) could not be established. Broker may not be available.
2026-05-10 01:52:56 [INFO] [Consumer clientId=consumer-school-group-2, groupId=school-group] Node 0 disconnected.
2026-05-10 01:52:56 [WARN] [Consumer clientId=consumer-school-group-2, groupId=school-group] Connection to node 0 (DESKTOP-8IHU6CM/192.168.1.9:9092) could not be established. Broker may not be available.
2026-05-10 01:52:59 [INFO] [Consumer clientId=consumer-school-group-2, groupId=school-group] Node 0 disconnected.
2026-05-10 01:52:59 [WARN] [Consumer clientId=consumer-school-group-2, groupId=school-group] Connection to node 0 (DESKTOP-8IHU6CM/192.168.56.1:9092) could not be established. Broker may not be available.
2026-05-10 01:52:59 [INFO] [Consumer clientId=consumer-school-group-2, groupId=school-group] Error sending fetch request (sessionId=1999736093, epoch=INITIAL) to node 0:
org.apache.kafka.common.errors.DisconnectException: null
2026-05-10 01:53:02 [INFO] [Consumer clientId=consumer-school-group-2, groupId=school-group] Node 0 disconnected.
2026-05-10 01:53:02 [WARN] [Consumer clientId=consumer-school-group-2, groupId=school-group] Connection to node 0 (DESKTOP-8IHU6CM/192.168.137.1:9092) could not be established. Broker may not be available.
2026-05-10 01:53:05 [INFO] [Consumer clientId=consumer-school-group-2, groupId=school-group] Node 0 disconnected.
2026-05-10 01:53:05 [WARN] [Consumer clientId=consumer-school-group-2, groupId=school-group] Connection to node 0 (DESKTOP-8IHU6CM/192.168.1.9:9092) could not be established. Broker may not be available.
2026-05-10 01:53:05 [INFO] [Consumer clientId=consumer-school-group-2, groupId=school-group] Error sending fetch request (sessionId=1999736093, epoch=INITIAL) to node 0:
org.apache.kafka.common.errors.DisconnectException: null
2026-05-10 01:53:08 [INFO] [Consumer clientId=consumer-school-group-2, groupId=school-group] Node 0 disconnected.
2026-05-10 01:53:08 [WARN] [Consumer clientId=consumer-school-group-2, groupId=school-group] Connection to node 0 (DESKTOP-8IHU6CM/192.168.56.1:9092) could not be established. Broker may not be available.
2026-05-10 01:53:11 [INFO] [Consumer clientId=consumer-school-group-2, groupId=school-group] Node 0 disconnected.
2026-05-10 01:53:11 [WARN] [Consumer clientId=consumer-school-group-2, groupId=school-group] Connection to node 0 (DESKTOP-8IHU6CM/192.168.137.1:9092) could not be established. Broker may not be available.
2026-05-10 01:53:15 [INFO] [Consumer clientId=consumer-school-group-2, groupId=school-group] Node 0 disconnected.
2026-05-10 01:53:15 [WARN] [Consumer clientId=consumer-school-group-2, groupId=school-group] Connection to node 0 (DESKTOP-8IHU6CM/192.168.1.9:9092) could not be established. Broker may not be available.
2026-05-10 01:53:15 [INFO] [Consumer clientId=consumer-school-group-2, groupId=school-group] Error sending fetch request (sessionId=1999736093, epoch=INITIAL) to node 0:
org.apache.kafka.common.errors.DisconnectException: null
2026-05-10 01:53:18 [INFO] [Consumer clientId=consumer-school-group-2, groupId=school-group] Node 0 disconnected.
2026-05-10 01:53:18 [WARN] [Consumer clientId=consumer-school-group-2, groupId=school-group] Connection to node 0 (DESKTOP-8IHU6CM/192.168.56.1:9092) could not be established. Broker may not be available.
2026-05-10 01:53:21 [INFO] [Consumer clientId=consumer-school-group-2, groupId=school-group] Node 0 disconnected.
2026-05-10 01:53:21 [WARN] [Consumer clientId=consumer-school-group-2, groupId=school-group] Connection to node 0 (DESKTOP-8IHU6CM/192.168.137.1:9092) could not be established. Broker may not be available.
2026-05-10 01:53:21 [INFO] [Consumer clientId=consumer-school-group-2, groupId=school-group] Error sending fetch request (sessionId=1999736093, epoch=INITIAL) to node 0:
org.apache.kafka.common.errors.DisconnectException: null
2026-05-10 01:53:24 [INFO] [Consumer clientId=consumer-school-group-2, groupId=school-group] Node 0 disconnected.
2026-05-10 01:53:24 [WARN] [Consumer clientId=consumer-school-group-2, groupId=school-group] Connection to node 0 (DESKTOP-8IHU6CM/192.168.1.9:9092) could not be established. Broker may not be available.
2026-05-10 01:53:27 [INFO] [Consumer clientId=consumer-school-group-2, groupId=school-group] Node 0 disconnected.
2026-05-10 01:53:27 [WARN] [Consumer clientId=consumer-school-group-2, groupId=school-group] Connection to node 0 (DESKTOP-8IHU6CM/192.168.56.1:9092) could not be established. Broker may not be available.
2026-05-10 01:53:30 [INFO] [Consumer clientId=consumer-school-group-2, groupId=school-group] Node 0 disconnected.
2026-05-10 01:53:30 [WARN] [Consumer clientId=consumer-school-group-2, groupId=school-group] Connection to node 0 (DESKTOP-8IHU6CM/192.168.137.1:9092) could not be established. Broker may not be available.
2026-05-10 01:53:30 [INFO] [Consumer clientId=consumer-school-group-2, groupId=school-group] Error sending fetch request (sessionId=1999736093, epoch=INITIAL) to node 0:
org.apache.kafka.common.errors.DisconnectException: null
2026-05-10 01:53:33 [INFO] [Consumer clientId=consumer-school-group-2, groupId=school-group] Node 0 disconnected.
2026-05-10 01:53:33 [WARN] [Consumer clientId=consumer-school-group-2, groupId=school-group] Connection to node 0 (DESKTOP-8IHU6CM/192.168.1.9:9092) could not be established. Broker may not be available.
2026-05-10 01:53:36 [INFO] [Consumer clientId=consumer-school-group-2, groupId=school-group] Node 0 disconnected.
2026-05-10 01:53:36 [WARN] [Consumer clientId=consumer-school-group-2, groupId=school-group] Connection to node 0 (DESKTOP-8IHU6CM/192.168.56.1:9092) could not be established. Broker may not be available.
2026-05-10 01:53:39 [INFO] [Consumer clientId=consumer-school-group-2, groupId=school-group] Node 0 disconnected.
2026-05-10 01:53:39 [WARN] [Consumer clientId=consumer-school-group-2, groupId=school-group] Connection to node 0 (DESKTOP-8IHU6CM/192.168.137.1:9092) could not be established. Broker may not be available.
2026-05-10 01:53:42 [INFO] [Consumer clientId=consumer-school-group-2, groupId=school-group] Node 0 disconnected.
2026-05-10 01:53:42 [WARN] [Consumer clientId=consumer-school-group-2, groupId=school-group] Connection to node 0 (DESKTOP-8IHU6CM/192.168.1.9:9092) could not be established. Broker may not be available.
2026-05-10 01:53:45 [INFO] [Consumer clientId=consumer-school-group-2, groupId=school-group] Node 0 disconnected.
2026-05-10 01:53:45 [WARN] [Consumer clientId=consumer-school-group-2, groupId=school-group] Connection to node 0 (DESKTOP-8IHU6CM/192.168.56.1:9092) could not be established. Broker may not be available.
2026-05-10 01:53:45 [INFO] [Consumer clientId=consumer-school-group-2, groupId=school-group] Error sending fetch request (sessionId=1999736093, epoch=INITIAL) to node 0:
org.apache.kafka.common.errors.DisconnectException: null
2026-05-10 01:53:48 [INFO] [Consumer clientId=consumer-school-group-2, groupId=school-group] Node 0 disconnected.
2026-05-10 01:53:48 [WARN] [Consumer clientId=consumer-school-group-2, groupId=school-group] Connection to node 0 (DESKTOP-8IHU6CM/192.168.137.1:9092) could not be established. Broker may not be available.
2026-05-10 01:53:51 [INFO] [Consumer clientId=consumer-school-group-2, groupId=school-group] Node 0 disconnected.
2026-05-10 01:53:51 [WARN] [Consumer clientId=consumer-school-group-2, groupId=school-group] Connection to node 0 (DESKTOP-8IHU6CM/192.168.1.9:9092) could not be established. Broker may not be available.
2026-05-10 01:53:54 [INFO] [Consumer clientId=consumer-school-group-2, groupId=school-group] Node 0 disconnected.
2026-05-10 01:53:54 [WARN] [Consumer clientId=consumer-school-group-2, groupId=school-group] Connection to node 0 (DESKTOP-8IHU6CM/192.168.56.1:9092) could not be established. Broker may not be available.
2026-05-10 01:53:54 [INFO] [Consumer clientId=consumer-school-group-2, groupId=school-group] Error sending fetch request (sessionId=1999736093, epoch=INITIAL) to node 0:
org.apache.kafka.common.errors.DisconnectException: null
2026-05-10 01:53:57 [INFO] [Consumer clientId=consumer-school-group-2, groupId=school-group] Node 0 disconnected.
2026-05-10 01:53:57 [WARN] [Consumer clientId=consumer-school-group-2, groupId=school-group] Connection to node 0 (DESKTOP-8IHU6CM/192.168.137.1:9092) could not be established. Broker may not be available.
2026-05-10 01:54:00 [INFO] [Consumer clientId=consumer-school-group-2, groupId=school-group] Node 0 disconnected.
2026-05-10 01:54:00 [WARN] [Consumer clientId=consumer-school-group-2, groupId=school-group] Connection to node 0 (DESKTOP-8IHU6CM/192.168.1.9:9092) could not be established. Broker may not be available.
2026-05-10 01:54:00 [INFO] [Consumer clientId=consumer-school-group-2, groupId=school-group] Error sending fetch request (sessionId=1999736093, epoch=INITIAL) to node 0:
org.apache.kafka.common.errors.DisconnectException: null
2026-05-10 01:54:04 [INFO] [Consumer clientId=consumer-school-group-2, groupId=school-group] Node 0 disconnected.
2026-05-10 01:54:04 [WARN] [Consumer clientId=consumer-school-group-2, groupId=school-group] Connection to node 0 (DESKTOP-8IHU6CM/192.168.56.1:9092) could not be established. Broker may not be available.
2026-05-10 01:54:07 [INFO] [Consumer clientId=consumer-school-group-2, groupId=school-group] Node 0 disconnected.
2026-05-10 01:54:07 [WARN] [Consumer clientId=consumer-school-group-2, groupId=school-group] Connection to node 0 (DESKTOP-8IHU6CM/192.168.137.1:9092) could not be established. Broker may not be available.
2026-05-10 01:54:10 [INFO] [Consumer clientId=consumer-school-group-2, groupId=school-group] Node 0 disconnected.
2026-05-10 01:54:10 [WARN] [Consumer clientId=consumer-school-group-2, groupId=school-group] Connection to node 0 (DESKTOP-8IHU6CM/192.168.1.9:9092) could not be established. Broker may not be available.
2026-05-10 01:54:10 [INFO] [Consumer clientId=consumer-school-group-2, groupId=school-group] Error sending fetch request (sessionId=1999736093, epoch=INITIAL) to node 0:
org.apache.kafka.common.errors.DisconnectException: null
2026-05-10 01:54:13 [INFO] [Consumer clientId=consumer-school-group-2, groupId=school-group] Node 0 disconnected.
2026-05-10 01:54:13 [WARN] [Consumer clientId=consumer-school-group-2, groupId=school-group] Connection to node 0 (DESKTOP-8IHU6CM/192.168.56.1:9092) could not be established. Broker may not be available.
2026-05-10 01:54:16 [INFO] [Consumer clientId=consumer-school-group-2, groupId=school-group] Node 0 disconnected.
2026-05-10 01:54:16 [WARN] [Consumer clientId=consumer-school-group-2, groupId=school-group] Connection to node 0 (DESKTOP-8IHU6CM/192.168.137.1:9092) could not be established. Broker may not be available.
2026-05-10 01:54:19 [INFO] [Consumer clientId=consumer-school-group-2, groupId=school-group] Node 0 disconnected.
2026-05-10 01:54:19 [WARN] [Consumer clientId=consumer-school-group-2, groupId=school-group] Connection to node 0 (DESKTOP-8IHU6CM/192.168.1.9:9092) could not be established. Broker may not be available.
2026-05-10 01:54:19 [INFO] [Consumer clientId=consumer-school-group-2, groupId=school-group] Error sending fetch request (sessionId=1999736093, epoch=INITIAL) to node 0:
org.apache.kafka.common.errors.DisconnectException: null
2026-05-10 01:54:22 [INFO] [Consumer clientId=consumer-school-group-2, groupId=school-group] Node 0 disconnected.
2026-05-10 01:54:22 [WARN] [Consumer clientId=consumer-school-group-2, groupId=school-group] Connection to node 0 (DESKTOP-8IHU6CM/192.168.56.1:9092) could not be established. Broker may not be available.
2026-05-10 01:54:25 [INFO] [Consumer clientId=consumer-school-group-2, groupId=school-group] Node 0 disconnected.
2026-05-10 01:54:25 [WARN] [Consumer clientId=consumer-school-group-2, groupId=school-group] Connection to node 0 (DESKTOP-8IHU6CM/192.168.137.1:9092) could not be established. Broker may not be available.
2026-05-10 01:54:25 [INFO] [Consumer clientId=consumer-school-group-2, groupId=school-group] Error sending fetch request (sessionId=1999736093, epoch=INITIAL) to node 0:
org.apache.kafka.common.errors.DisconnectException: null
2026-05-10 01:54:28 [INFO] [Consumer clientId=consumer-school-group-2, groupId=school-group] Node 0 disconnected.
2026-05-10 01:54:28 [WARN] [Consumer clientId=consumer-school-group-2, groupId=school-group] Connection to node 0 (DESKTOP-8IHU6CM/192.168.1.9:9092) could not be established. Broker may not be available.
2026-05-10 01:54:31 [INFO] [Consumer clientId=consumer-school-group-2, groupId=school-group] Node 0 disconnected.
2026-05-10 01:54:31 [WARN] [Consumer clientId=consumer-school-group-2, groupId=school-group] Connection to node 0 (DESKTOP-8IHU6CM/192.168.56.1:9092) could not be established. Broker may not be available.
2026-05-10 01:54:34 [INFO] [Consumer clientId=consumer-school-group-2, groupId=school-group] Node 0 disconnected.
2026-05-10 01:54:34 [WARN] [Consumer clientId=consumer-school-group-2, groupId=school-group] Connection to node 0 (DESKTOP-8IHU6CM/192.168.137.1:9092) could not be established. Broker may not be available.
2026-05-10 01:54:34 [INFO] [Consumer clientId=consumer-school-group-2, groupId=school-group] Error sending fetch request (sessionId=1999736093, epoch=INITIAL) to node 0:
org.apache.kafka.common.errors.DisconnectException: null
2026-05-10 01:54:38 [INFO] [Consumer clientId=consumer-school-group-2, groupId=school-group] Node 0 disconnected.
2026-05-10 01:54:38 [WARN] [Consumer clientId=consumer-school-group-2, groupId=school-group] Connection to node 0 (DESKTOP-8IHU6CM/192.168.1.9:9092) could not be established. Broker may not be available.
2026-05-10 01:54:41 [INFO] [Consumer clientId=consumer-school-group-2, groupId=school-group] Node 0 disconnected.
2026-05-10 01:54:41 [WARN] [Consumer clientId=consumer-school-group-2, groupId=school-group] Connection to node 0 (DESKTOP-8IHU6CM/192.168.56.1:9092) could not be established. Broker may not be available.
2026-05-10 01:54:41 [INFO] [Consumer clientId=consumer-school-group-2, groupId=school-group] Error sending fetch request (sessionId=1999736093, epoch=INITIAL) to node 0:
org.apache.kafka.common.errors.DisconnectException: null
2026-05-10 01:54:44 [INFO] [Consumer clientId=consumer-school-group-2, groupId=school-group] Node 0 disconnected.
2026-05-10 01:54:44 [WARN] [Consumer clientId=consumer-school-group-2, groupId=school-group] Connection to node 0 (DESKTOP-8IHU6CM/192.168.137.1:9092) could not be established. Broker may not be available.
2026-05-10 01:54:47 [INFO] [Consumer clientId=consumer-school-group-2, groupId=school-group] Node 0 disconnected.
2026-05-10 01:54:47 [WARN] [Consumer clientId=consumer-school-group-2, groupId=school-group] Connection to node 0 (DESKTOP-8IHU6CM/192.168.1.9:9092) could not be established. Broker may not be available.
2026-05-10 01:54:50 [INFO] [Consumer clientId=consumer-school-group-2, groupId=school-group] Node 0 disconnected.
2026-05-10 01:54:50 [WARN] [Consumer clientId=consumer-school-group-2, groupId=school-group] Connection to node 0 (DESKTOP-8IHU6CM/192.168.56.1:9092) could not be established. Broker may not be available.
2026-05-10 01:54:50 [INFO] [Consumer clientId=consumer-school-group-2, groupId=school-group] Error sending fetch request (sessionId=1999736093, epoch=INITIAL) to node 0:
org.apache.kafka.common.errors.DisconnectException: null
2026-05-10 01:54:53 [INFO] [Consumer clientId=consumer-school-group-2, groupId=school-group] Node 0 disconnected.
2026-05-10 01:54:53 [WARN] [Consumer clientId=consumer-school-group-2, groupId=school-group] Connection to node 0 (DESKTOP-8IHU6CM/192.168.137.1:9092) could not be established. Broker may not be available.
2026-05-10 01:54:56 [INFO] [Consumer clientId=consumer-school-group-2, groupId=school-group] Node 0 disconnected.
2026-05-10 01:54:56 [WARN] [Consumer clientId=consumer-school-group-2, groupId=school-group] Connection to node 0 (DESKTOP-8IHU6CM/192.168.1.9:9092) could not be established. Broker may not be available.
2026-05-10 01:54:56 [INFO] [Consumer clientId=consumer-school-group-2, groupId=school-group] Error sending fetch request (sessionId=1999736093, epoch=INITIAL) to node 0:
org.apache.kafka.common.errors.DisconnectException: null
2026-05-10 01:54:59 [INFO] [Consumer clientId=consumer-school-group-2, groupId=school-group] Node 0 disconnected.
2026-05-10 01:54:59 [WARN] [Consumer clientId=consumer-school-group-2, groupId=school-group] Connection to node 0 (DESKTOP-8IHU6CM/192.168.56.1:9092) could not be established. Broker may not be available.
2026-05-10 01:54:59 [INFO] [Consumer clientId=consumer-school-group-2, groupId=school-group] Error sending fetch request (sessionId=1999736093, epoch=INITIAL) to node 0:
org.apache.kafka.common.errors.DisconnectException: null
2026-05-10 01:55:02 [INFO] [Consumer clientId=consumer-school-group-2, groupId=school-group] Node 0 disconnected.
2026-05-10 01:55:02 [WARN] [Consumer clientId=consumer-school-group-2, groupId=school-group] Connection to node 0 (DESKTOP-8IHU6CM/192.168.137.1:9092) could not be established. Broker may not be available.
2026-05-10 01:55:05 [INFO] [Consumer clientId=consumer-school-group-2, groupId=school-group] Node 0 disconnected.
2026-05-10 01:55:05 [WARN] [Consumer clientId=consumer-school-group-2, groupId=school-group] Connection to node 0 (DESKTOP-8IHU6CM/192.168.1.9:9092) could not be established. Broker may not be available.
2026-05-10 01:55:05 [INFO] [Consumer clientId=consumer-school-group-2, groupId=school-group] Error sending fetch request (sessionId=1999736093, epoch=INITIAL) to node 0:
org.apache.kafka.common.errors.DisconnectException: null
2026-05-10 01:55:08 [INFO] [Consumer clientId=consumer-school-group-2, groupId=school-group] Node 0 disconnected.
2026-05-10 01:55:08 [WARN] [Consumer clientId=consumer-school-group-2, groupId=school-group] Connection to node 0 (DESKTOP-8IHU6CM/192.168.56.1:9092) could not be established. Broker may not be available.
2026-05-10 01:55:11 [INFO] [Consumer clientId=consumer-school-group-2, groupId=school-group] Node 0 disconnected.
2026-05-10 01:55:11 [WARN] [Consumer clientId=consumer-school-group-2, groupId=school-group] Connection to node 0 (DESKTOP-8IHU6CM/192.168.137.1:9092) could not be established. Broker may not be available.
2026-05-10 01:55:15 [INFO] [Consumer clientId=consumer-school-group-2, groupId=school-group] Node 0 disconnected.
2026-05-10 01:55:15 [WARN] [Consumer clientId=consumer-school-group-2, groupId=school-group] Connection to node 0 (DESKTOP-8IHU6CM/192.168.1.9:9092) could not be established. Broker may not be available.
2026-05-10 01:55:15 [INFO] [Consumer clientId=consumer-school-group-2, groupId=school-group] Error sending fetch request (sessionId=1999736093, epoch=INITIAL) to node 0:
org.apache.kafka.common.errors.DisconnectException: null
2026-05-10 01:55:18 [INFO] [Consumer clientId=consumer-school-group-2, groupId=school-group] Node 0 disconnected.
2026-05-10 01:55:18 [WARN] [Consumer clientId=consumer-school-group-2, groupId=school-group] Connection to node 0 (DESKTOP-8IHU6CM/192.168.56.1:9092) could not be established. Broker may not be available.
2026-05-10 01:55:21 [INFO] [Consumer clientId=consumer-school-group-2, groupId=school-group] Node 0 disconnected.
2026-05-10 01:55:21 [WARN] [Consumer clientId=consumer-school-group-2, groupId=school-group] Connection to node 0 (DESKTOP-8IHU6CM/192.168.137.1:9092) could not be established. Broker may not be available.
2026-05-10 01:55:21 [INFO] [Consumer clientId=consumer-school-group-2, groupId=school-group] Error sending fetch request (sessionId=1999736093, epoch=INITIAL) to node 0:
org.apache.kafka.common.errors.DisconnectException: null
2026-05-10 01:55:24 [INFO] [Consumer clientId=consumer-school-group-2, groupId=school-group] Node 0 disconnected.
2026-05-10 01:55:24 [WARN] [Consumer clientId=consumer-school-group-2, groupId=school-group] Connection to node 0 (DESKTOP-8IHU6CM/192.168.1.9:9092) could not be established. Broker may not be available.
2026-05-10 01:55:27 [INFO] [Consumer clientId=consumer-school-group-2, groupId=school-group] Node 0 disconnected.
2026-05-10 01:55:27 [WARN] [Consumer clientId=consumer-school-group-2, groupId=school-group] Connection to node 0 (DESKTOP-8IHU6CM/192.168.56.1:9092) could not be established. Broker may not be available.
2026-05-10 01:55:30 [INFO] [Consumer clientId=consumer-school-group-2, groupId=school-group] Node 0 disconnected.
2026-05-10 01:55:30 [WARN] [Consumer clientId=consumer-school-group-2, groupId=school-group] Connection to node 0 (DESKTOP-8IHU6CM/192.168.137.1:9092) could not be established. Broker may not be available.
2026-05-10 01:55:30 [INFO] [Consumer clientId=consumer-school-group-2, groupId=school-group] Error sending fetch request (sessionId=1999736093, epoch=INITIAL) to node 0:
org.apache.kafka.common.errors.DisconnectException: null
2026-05-10 01:55:33 [INFO] [Consumer clientId=consumer-school-group-2, groupId=school-group] Node 0 disconnected.
2026-05-10 01:55:33 [WARN] [Consumer clientId=consumer-school-group-2, groupId=school-group] Connection to node 0 (DESKTOP-8IHU6CM/192.168.1.9:9092) could not be established. Broker may not be available.
2026-05-10 01:55:36 [INFO] [Consumer clientId=consumer-school-group-2, groupId=school-group] Node 0 disconnected.
2026-05-10 01:55:36 [WARN] [Consumer clientId=consumer-school-group-2, groupId=school-group] Connection to node 0 (DESKTOP-8IHU6CM/192.168.56.1:9092) could not be established. Broker may not be available.
2026-05-10 01:55:40 [INFO] [Consumer clientId=consumer-school-group-2, groupId=school-group] Node 0 disconnected.
2026-05-10 01:55:40 [WARN] [Consumer clientId=consumer-school-group-2, groupId=school-group] Connection to node 0 (DESKTOP-8IHU6CM/192.168.137.1:9092) could not be established. Broker may not be available.
2026-05-10 01:55:40 [INFO] [Consumer clientId=consumer-school-group-2, groupId=school-group] Error sending fetch request (sessionId=1999736093, epoch=INITIAL) to node 0:
org.apache.kafka.common.errors.DisconnectException: null
2026-05-10 01:55:43 [INFO] [Consumer clientId=consumer-school-group-2, groupId=school-group] Node 0 disconnected.
2026-05-10 01:55:43 [WARN] [Consumer clientId=consumer-school-group-2, groupId=school-group] Connection to node 0 (DESKTOP-8IHU6CM/192.168.1.9:9092) could not be established. Broker may not be available.
2026-05-10 01:55:46 [INFO] [Consumer clientId=consumer-school-group-2, groupId=school-group] Node 0 disconnected.
2026-05-10 01:55:46 [WARN] [Consumer clientId=consumer-school-group-2, groupId=school-group] Connection to node 0 (DESKTOP-8IHU6CM/192.168.56.1:9092) could not be established. Broker may not be available.
2026-05-10 01:55:46 [INFO] [Consumer clientId=consumer-school-group-2, groupId=school-group] Error sending fetch request (sessionId=1999736093, epoch=INITIAL) to node 0:
org.apache.kafka.common.errors.DisconnectException: null
2026-05-10 01:55:49 [INFO] [Consumer clientId=consumer-school-group-2, groupId=school-group] Node 0 disconnected.
2026-05-10 01:55:49 [WARN] [Consumer clientId=consumer-school-group-2, groupId=school-group] Connection to node 0 (DESKTOP-8IHU6CM/192.168.137.1:9092) could not be established. Broker may not be available.
2026-05-10 01:55:52 [INFO] [Consumer clientId=consumer-school-group-2, groupId=school-group] Node 0 disconnected.
2026-05-10 01:55:52 [WARN] [Consumer clientId=consumer-school-group-2, groupId=school-group] Connection to node 0 (DESKTOP-8IHU6CM/192.168.1.9:9092) could not be established. Broker may not be available.
2026-05-10 01:55:55 [INFO] [Consumer clientId=consumer-school-group-2, groupId=school-group] Node 0 disconnected.
2026-05-10 01:55:55 [WARN] [Consumer clientId=consumer-school-group-2, groupId=school-group] Connection to node 0 (DESKTOP-8IHU6CM/192.168.56.1:9092) could not be established. Broker may not be available.
2026-05-10 01:55:55 [INFO] [Consumer clientId=consumer-school-group-2, groupId=school-group] Error sending fetch request (sessionId=1999736093, epoch=INITIAL) to node 0:
org.apache.kafka.common.errors.DisconnectException: null
2026-05-10 01:55:58 [INFO] [Consumer clientId=consumer-school-group-2, groupId=school-group] Node 0 disconnected.
2026-05-10 01:55:58 [WARN] [Consumer clientId=consumer-school-group-2, groupId=school-group] Connection to node 0 (DESKTOP-8IHU6CM/192.168.137.1:9092) could not be established. Broker may not be available.
2026-05-10 01:56:02 [INFO] [Consumer clientId=consumer-school-group-2, groupId=school-group] Node 0 disconnected.
2026-05-10 01:56:02 [WARN] [Consumer clientId=consumer-school-group-2, groupId=school-group] Connection to node 0 (DESKTOP-8IHU6CM/192.168.1.9:9092) could not be established. Broker may not be available.
2026-05-10 01:56:05 [INFO] [Consumer clientId=consumer-school-group-2, groupId=school-group] Node 0 disconnected.
2026-05-10 01:56:05 [WARN] [Consumer clientId=consumer-school-group-2, groupId=school-group] Connection to node 0 (DESKTOP-8IHU6CM/192.168.56.1:9092) could not be established. Broker may not be available.
2026-05-10 01:56:05 [INFO] [Consumer clientId=consumer-school-group-2, groupId=school-group] Error sending fetch request (sessionId=1999736093, epoch=INITIAL) to node 0:
org.apache.kafka.common.errors.DisconnectException: null
2026-05-10 01:56:08 [INFO] [Consumer clientId=consumer-school-group-2, groupId=school-group] Node 0 disconnected.
2026-05-10 01:56:08 [WARN] [Consumer clientId=consumer-school-group-2, groupId=school-group] Connection to node 0 (DESKTOP-8IHU6CM/192.168.137.1:9092) could not be established. Broker may not be available.
2026-05-10 01:56:11 [INFO] [Consumer clientId=consumer-school-group-2, groupId=school-group] Node 0 disconnected.
2026-05-10 01:56:11 [WARN] [Consumer clientId=consumer-school-group-2, groupId=school-group] Connection to node 0 (DESKTOP-8IHU6CM/192.168.1.9:9092) could not be established. Broker may not be available.
2026-05-10 01:56:11 [INFO] [Consumer clientId=consumer-school-group-2, groupId=school-group] Error sending fetch request (sessionId=1999736093, epoch=INITIAL) to node 0:
org.apache.kafka.common.errors.DisconnectException: null
2026-05-10 01:56:14 [INFO] [Consumer clientId=consumer-school-group-2, groupId=school-group] Node 0 disconnected.
2026-05-10 01:56:14 [WARN] [Consumer clientId=consumer-school-group-2, groupId=school-group] Connection to node 0 (DESKTOP-8IHU6CM/192.168.56.1:9092) could not be established. Broker may not be available.
2026-05-10 01:56:17 [INFO] [Consumer clientId=consumer-school-group-2, groupId=school-group] Node 0 disconnected.
2026-05-10 01:56:17 [WARN] [Consumer clientId=consumer-school-group-2, groupId=school-group] Connection to node 0 (DESKTOP-8IHU6CM/192.168.137.1:9092) could not be established. Broker may not be available.
2026-05-10 01:56:20 [INFO] [Consumer clientId=consumer-school-group-2, groupId=school-group] Node 0 disconnected.
2026-05-10 01:56:20 [WARN] [Consumer clientId=consumer-school-group-2, groupId=school-group] Connection to node 0 (DESKTOP-8IHU6CM/192.168.1.9:9092) could not be established. Broker may not be available.
2026-05-10 01:56:20 [INFO] [Consumer clientId=consumer-school-group-2, groupId=school-group] Error sending fetch request (sessionId=1999736093, epoch=INITIAL) to node 0:
org.apache.kafka.common.errors.DisconnectException: null
2026-05-10 01:56:23 [INFO] [Consumer clientId=consumer-school-group-2, groupId=school-group] Node 0 disconnected.
2026-05-10 01:56:23 [WARN] [Consumer clientId=consumer-school-group-2, groupId=school-group] Connection to node 0 (DESKTOP-8IHU6CM/192.168.56.1:9092) could not be established. Broker may not be available.
2026-05-10 01:56:26 [INFO] [Consumer clientId=consumer-school-group-2, groupId=school-group] Node 0 disconnected.
2026-05-10 01:56:26 [WARN] [Consumer clientId=consumer-school-group-2, groupId=school-group] Connection to node 0 (DESKTOP-8IHU6CM/192.168.137.1:9092) could not be established. Broker may not be available.
2026-05-10 01:56:26 [INFO] [Consumer clientId=consumer-school-group-2, groupId=school-group] Error sending fetch request (sessionId=1999736093, epoch=INITIAL) to node 0:
org.apache.kafka.common.errors.DisconnectException: null
2026-05-10 01:56:29 [INFO] [Consumer clientId=consumer-school-group-2, groupId=school-group] Node 0 disconnected.
2026-05-10 01:56:29 [WARN] [Consumer clientId=consumer-school-group-2, groupId=school-group] Connection to node 0 (DESKTOP-8IHU6CM/192.168.1.9:9092) could not be established. Broker may not be available.
2026-05-10 01:56:29 [INFO] [Consumer clientId=consumer-school-group-2, groupId=school-group] Error sending fetch request (sessionId=1999736093, epoch=INITIAL) to node 0:
org.apache.kafka.common.errors.DisconnectException: null
2026-05-10 01:56:32 [INFO] [Consumer clientId=consumer-school-group-2, groupId=school-group] Node 0 disconnected.
2026-05-10 01:56:32 [WARN] [Consumer clientId=consumer-school-group-2, groupId=school-group] Connection to node 0 (DESKTOP-8IHU6CM/192.168.56.1:9092) could not be established. Broker may not be available.
2026-05-10 01:56:35 [INFO] [Consumer clientId=consumer-school-group-2, groupId=school-group] Node 0 disconnected.
2026-05-10 01:56:35 [WARN] [Consumer clientId=consumer-school-group-2, groupId=school-group] Connection to node 0 (DESKTOP-8IHU6CM/192.168.137.1:9092) could not be established. Broker may not be available.
2026-05-10 01:56:35 [INFO] [Consumer clientId=consumer-school-group-2, groupId=school-group] Error sending fetch request (sessionId=1999736093, epoch=INITIAL) to node 0:
org.apache.kafka.common.errors.DisconnectException: null
2026-05-10 01:56:38 [INFO] [Consumer clientId=consumer-school-group-2, groupId=school-group] Node 0 disconnected.
2026-05-10 01:56:38 [WARN] [Consumer clientId=consumer-school-group-2, groupId=school-group] Connection to node 0 (DESKTOP-8IHU6CM/192.168.1.9:9092) could not be established. Broker may not be available.
2026-05-10 01:56:41 [INFO] [Consumer clientId=consumer-school-group-2, groupId=school-group] Node 0 disconnected.
2026-05-10 01:56:41 [WARN] [Consumer clientId=consumer-school-group-2, groupId=school-group] Connection to node 0 (DESKTOP-8IHU6CM/192.168.56.1:9092) could not be established. Broker may not be available.
2026-05-10 01:56:45 [INFO] [Consumer clientId=consumer-school-group-2, groupId=school-group] Node 0 disconnected.
2026-05-10 01:56:45 [WARN] [Consumer clientId=consumer-school-group-2, groupId=school-group] Connection to node 0 (DESKTOP-8IHU6CM/192.168.137.1:9092) could not be established. Broker may not be available.
2026-05-10 01:56:45 [INFO] [Consumer clientId=consumer-school-group-2, groupId=school-group] Error sending fetch request (sessionId=1999736093, epoch=INITIAL) to node 0:
org.apache.kafka.common.errors.DisconnectException: null
2026-05-10 01:56:48 [INFO] [Consumer clientId=consumer-school-group-2, groupId=school-group] Node 0 disconnected.
2026-05-10 01:56:48 [WARN] [Consumer clientId=consumer-school-group-2, groupId=school-group] Connection to node 0 (DESKTOP-8IHU6CM/192.168.1.9:9092) could not be established. Broker may not be available.
2026-05-10 01:56:51 [INFO] [Consumer clientId=consumer-school-group-2, groupId=school-group] Node 0 disconnected.
2026-05-10 01:56:51 [WARN] [Consumer clientId=consumer-school-group-2, groupId=school-group] Connection to node 0 (DESKTOP-8IHU6CM/192.168.56.1:9092) could not be established. Broker may not be available.
2026-05-10 01:56:51 [INFO] [Consumer clientId=consumer-school-group-2, groupId=school-group] Error sending fetch request (sessionId=1999736093, epoch=INITIAL) to node 0:
org.apache.kafka.common.errors.DisconnectException: null
2026-05-10 01:56:54 [INFO] [Consumer clientId=consumer-school-group-2, groupId=school-group] Node 0 disconnected.
2026-05-10 01:56:54 [WARN] [Consumer clientId=consumer-school-group-2, groupId=school-group] Connection to node 0 (DESKTOP-8IHU6CM/192.168.137.1:9092) could not be established. Broker may not be available.
2026-05-10 01:56:57 [INFO] [Consumer clientId=consumer-school-group-2, groupId=school-group] Node 0 disconnected.
2026-05-10 01:56:57 [WARN] [Consumer clientId=consumer-school-group-2, groupId=school-group] Connection to node 0 (DESKTOP-8IHU6CM/192.168.1.9:9092) could not be established. Broker may not be available.
2026-05-10 01:57:00 [INFO] [Consumer clientId=consumer-school-group-2, groupId=school-group] Node 0 disconnected.
2026-05-10 01:57:00 [WARN] [Consumer clientId=consumer-school-group-2, groupId=school-group] Connection to node 0 (DESKTOP-8IHU6CM/192.168.56.1:9092) could not be established. Broker may not be available.
2026-05-10 01:57:00 [INFO] [Consumer clientId=consumer-school-group-2, groupId=school-group] Error sending fetch request (sessionId=1999736093, epoch=INITIAL) to node 0:
org.apache.kafka.common.errors.DisconnectException: null
2026-05-10 01:57:03 [INFO] [Consumer clientId=consumer-school-group-2, groupId=school-group] Node 0 disconnected.
2026-05-10 01:57:03 [WARN] [Consumer clientId=consumer-school-group-2, groupId=school-group] Connection to node 0 (DESKTOP-8IHU6CM/192.168.137.1:9092) could not be established. Broker may not be available.
2026-05-10 01:57:06 [INFO] [Consumer clientId=consumer-school-group-2, groupId=school-group] Node 0 disconnected.
2026-05-10 01:57:06 [WARN] [Consumer clientId=consumer-school-group-2, groupId=school-group] Connection to node 0 (DESKTOP-8IHU6CM/192.168.1.9:9092) could not be established. Broker may not be available.
2026-05-10 01:57:06 [INFO] [Consumer clientId=consumer-school-group-2, groupId=school-group] Error sending fetch request (sessionId=1999736093, epoch=INITIAL) to node 0:
org.apache.kafka.common.errors.DisconnectException: null
2026-05-10 01:57:09 [INFO] [Consumer clientId=consumer-school-group-2, groupId=school-group] Node 0 disconnected.
2026-05-10 01:57:09 [WARN] [Consumer clientId=consumer-school-group-2, groupId=school-group] Connection to node 0 (DESKTOP-8IHU6CM/192.168.56.1:9092) could not be established. Broker may not be available.
2026-05-10 01:57:12 [INFO] [Consumer clientId=consumer-school-group-2, groupId=school-group] Node 0 disconnected.
2026-05-10 01:57:12 [WARN] [Consumer clientId=consumer-school-group-2, groupId=school-group] Connection to node 0 (DESKTOP-8IHU6CM/192.168.137.1:9092) could not be established. Broker may not be available.
2026-05-10 01:57:15 [INFO] [Consumer clientId=consumer-school-group-2, groupId=school-group] Node 0 disconnected.
2026-05-10 01:57:15 [WARN] [Consumer clientId=consumer-school-group-2, groupId=school-group] Connection to node 0 (DESKTOP-8IHU6CM/192.168.1.9:9092) could not be established. Broker may not be available.
2026-05-10 01:57:15 [INFO] [Consumer clientId=consumer-school-group-2, groupId=school-group] Error sending fetch request (sessionId=1999736093, epoch=INITIAL) to node 0:
org.apache.kafka.common.errors.DisconnectException: null
2026-05-10 01:57:18 [INFO] [Consumer clientId=consumer-school-group-2, groupId=school-group] Node 0 disconnected.
2026-05-10 01:57:18 [WARN] [Consumer clientId=consumer-school-group-2, groupId=school-group] Connection to node 0 (DESKTOP-8IHU6CM/192.168.56.1:9092) could not be established. Broker may not be available.
2026-05-10 01:57:22 [INFO] [Consumer clientId=consumer-school-group-2, groupId=school-group] Node 0 disconnected.
2026-05-10 01:57:22 [WARN] [Consumer clientId=consumer-school-group-2, groupId=school-group] Connection to node 0 (DESKTOP-8IHU6CM/192.168.137.1:9092) could not be established. Broker may not be available.
2026-05-10 01:57:25 [INFO] [Consumer clientId=consumer-school-group-2, groupId=school-group] Node 0 disconnected.
2026-05-10 01:57:25 [WARN] [Consumer clientId=consumer-school-group-2, groupId=school-group] Connection to node 0 (DESKTOP-8IHU6CM/192.168.1.9:9092) could not be established. Broker may not be available.
2026-05-10 01:57:25 [INFO] [Consumer clientId=consumer-school-group-2, groupId=school-group] Error sending fetch request (sessionId=1999736093, epoch=INITIAL) to node 0:
org.apache.kafka.common.errors.DisconnectException: null
2026-05-10 01:57:28 [INFO] [Consumer clientId=consumer-school-group-2, groupId=school-group] Node 0 disconnected.
2026-05-10 01:57:28 [WARN] [Consumer clientId=consumer-school-group-2, groupId=school-group] Connection to node 0 (DESKTOP-8IHU6CM/192.168.56.1:9092) could not be established. Broker may not be available.
2026-05-10 01:57:31 [INFO] [Consumer clientId=consumer-school-group-2, groupId=school-group] Node 0 disconnected.
2026-05-10 01:57:31 [WARN] [Consumer clientId=consumer-school-group-2, groupId=school-group] Connection to node 0 (DESKTOP-8IHU6CM/192.168.137.1:9092) could not be established. Broker may not be available.
2026-05-10 01:57:31 [INFO] [Consumer clientId=consumer-school-group-2, groupId=school-group] Error sending fetch request (sessionId=1999736093, epoch=INITIAL) to node 0:
org.apache.kafka.common.errors.DisconnectException: null
2026-05-10 01:57:34 [INFO] [Consumer clientId=consumer-school-group-2, groupId=school-group] Node 0 disconnected.
2026-05-10 01:57:34 [WARN] [Consumer clientId=consumer-school-group-2, groupId=school-group] Connection to node 0 (DESKTOP-8IHU6CM/192.168.1.9:9092) could not be established. Broker may not be available.
2026-05-10 01:57:37 [INFO] [Consumer clientId=consumer-school-group-2, groupId=school-group] Node 0 disconnected.
2026-05-10 01:57:37 [WARN] [Consumer clientId=consumer-school-group-2, groupId=school-group] Connection to node 0 (DESKTOP-8IHU6CM/192.168.56.1:9092) could not be established. Broker may not be available.
2026-05-10 01:57:40 [INFO] [Consumer clientId=consumer-school-group-2, groupId=school-group] Node 0 disconnected.
2026-05-10 01:57:40 [WARN] [Consumer clientId=consumer-school-group-2, groupId=school-group] Connection to node 0 (DESKTOP-8IHU6CM/192.168.137.1:9092) could not be established. Broker may not be available.
2026-05-10 01:57:40 [INFO] [Consumer clientId=consumer-school-group-2, groupId=school-group] Error sending fetch request (sessionId=1999736093, epoch=INITIAL) to node 0:
org.apache.kafka.common.errors.DisconnectException: null
2026-05-10 01:57:43 [INFO] [Consumer clientId=consumer-school-group-2, groupId=school-group] Node 0 disconnected.
2026-05-10 01:57:43 [WARN] [Consumer clientId=consumer-school-group-2, groupId=school-group] Connection to node 0 (DESKTOP-8IHU6CM/192.168.1.9:9092) could not be established. Broker may not be available.
2026-05-10 01:57:46 [INFO] [Consumer clientId=consumer-school-group-2, groupId=school-group] Node 0 disconnected.
2026-05-10 01:57:46 [WARN] [Consumer clientId=consumer-school-group-2, groupId=school-group] Connection to node 0 (DESKTOP-8IHU6CM/192.168.56.1:9092) could not be established. Broker may not be available.
2026-05-10 01:57:46 [INFO] [Consumer clientId=consumer-school-group-2, groupId=school-group] Error sending fetch request (sessionId=1999736093, epoch=INITIAL) to node 0:
org.apache.kafka.common.errors.DisconnectException: null
2026-05-10 01:57:49 [INFO] [Consumer clientId=consumer-school-group-2, groupId=school-group] Node 0 disconnected.
2026-05-10 01:57:49 [WARN] [Consumer clientId=consumer-school-group-2, groupId=school-group] Connection to node 0 (DESKTOP-8IHU6CM/192.168.137.1:9092) could not be established. Broker may not be available.
2026-05-10 01:57:52 [INFO] [Consumer clientId=consumer-school-group-2, groupId=school-group] Node 0 disconnected.
2026-05-10 01:57:52 [WARN] [Consumer clientId=consumer-school-group-2, groupId=school-group] Connection to node 0 (DESKTOP-8IHU6CM/192.168.1.9:9092) could not be established. Broker may not be available.
2026-05-10 01:57:55 [INFO] [Consumer clientId=consumer-school-group-2, groupId=school-group] Node 0 disconnected.
2026-05-10 01:57:55 [WARN] [Consumer clientId=consumer-school-group-2, groupId=school-group] Connection to node 0 (DESKTOP-8IHU6CM/192.168.56.1:9092) could not be established. Broker may not be available.
2026-05-10 01:57:55 [INFO] [Consumer clientId=consumer-school-group-2, groupId=school-group] Error sending fetch request (sessionId=1999736093, epoch=INITIAL) to node 0:
org.apache.kafka.common.errors.DisconnectException: null
2026-05-10 01:57:58 [INFO] [Consumer clientId=consumer-school-group-2, groupId=school-group] Node 0 disconnected.
2026-05-10 01:57:58 [WARN] [Consumer clientId=consumer-school-group-2, groupId=school-group] Connection to node 0 (DESKTOP-8IHU6CM/192.168.137.1:9092) could not be established. Broker may not be available.
2026-05-10 01:58:02 [INFO] [Consumer clientId=consumer-school-group-2, groupId=school-group] Node 0 disconnected.
2026-05-10 01:58:02 [WARN] [Consumer clientId=consumer-school-group-2, groupId=school-group] Connection to node 0 (DESKTOP-8IHU6CM/192.168.1.9:9092) could not be established. Broker may not be available.
2026-05-10 01:58:05 [INFO] [Consumer clientId=consumer-school-group-2, groupId=school-group] Node 0 disconnected.
2026-05-10 01:58:05 [WARN] [Consumer clientId=consumer-school-group-2, groupId=school-group] Connection to node 0 (DESKTOP-8IHU6CM/192.168.56.1:9092) could not be established. Broker may not be available.
2026-05-10 01:58:05 [INFO] [Consumer clientId=consumer-school-group-2, groupId=school-group] Error sending fetch request (sessionId=1999736093, epoch=INITIAL) to node 0:
org.apache.kafka.common.errors.DisconnectException: null
2026-05-10 01:58:08 [INFO] [Consumer clientId=consumer-school-group-2, groupId=school-group] Node 0 disconnected.
2026-05-10 01:58:08 [WARN] [Consumer clientId=consumer-school-group-2, groupId=school-group] Connection to node 0 (DESKTOP-8IHU6CM/192.168.137.1:9092) could not be established. Broker may not be available.
2026-05-10 01:58:11 [INFO] [Consumer clientId=consumer-school-group-2, groupId=school-group] Node 0 disconnected.
2026-05-10 01:58:11 [WARN] [Consumer clientId=consumer-school-group-2, groupId=school-group] Connection to node 0 (DESKTOP-8IHU6CM/192.168.1.9:9092) could not be established. Broker may not be available.
2026-05-10 01:58:11 [INFO] [Consumer clientId=consumer-school-group-2, groupId=school-group] Error sending fetch request (sessionId=1999736093, epoch=INITIAL) to node 0:
org.apache.kafka.common.errors.DisconnectException: null
2026-05-10 01:58:14 [INFO] [Consumer clientId=consumer-school-group-2, groupId=school-group] Node 0 disconnected.
2026-05-10 01:58:14 [WARN] [Consumer clientId=consumer-school-group-2, groupId=school-group] Connection to node 0 (DESKTOP-8IHU6CM/192.168.56.1:9092) could not be established. Broker may not be available.
2026-05-10 01:58:17 [INFO] [Consumer clientId=consumer-school-group-2, groupId=school-group] Node 0 disconnected.
2026-05-10 01:58:17 [WARN] [Consumer clientId=consumer-school-group-2, groupId=school-group] Connection to node 0 (DESKTOP-8IHU6CM/192.168.137.1:9092) could not be established. Broker may not be available.
2026-05-10 01:58:20 [INFO] [Consumer clientId=consumer-school-group-2, groupId=school-group] Node 0 disconnected.
2026-05-10 01:58:20 [WARN] [Consumer clientId=consumer-school-group-2, groupId=school-group] Connection to node 0 (DESKTOP-8IHU6CM/192.168.1.9:9092) could not be established. Broker may not be available.
2026-05-10 01:58:20 [INFO] [Consumer clientId=consumer-school-group-2, groupId=school-group] Error sending fetch request (sessionId=1999736093, epoch=INITIAL) to node 0:
org.apache.kafka.common.errors.DisconnectException: null
2026-05-10 01:58:23 [INFO] [Consumer clientId=consumer-school-group-2, groupId=school-group] Node 0 disconnected.
2026-05-10 01:58:23 [WARN] [Consumer clientId=consumer-school-group-2, groupId=school-group] Connection to node 0 (DESKTOP-8IHU6CM/192.168.56.1:9092) could not be established. Broker may not be available.
2026-05-10 01:58:26 [INFO] [Consumer clientId=consumer-school-group-2, groupId=school-group] Node 0 disconnected.
2026-05-10 01:58:26 [WARN] [Consumer clientId=consumer-school-group-2, groupId=school-group] Connection to node 0 (DESKTOP-8IHU6CM/192.168.137.1:9092) could not be established. Broker may not be available.
2026-05-10 01:58:26 [INFO] [Consumer clientId=consumer-school-group-2, groupId=school-group] Error sending fetch request (sessionId=1999736093, epoch=INITIAL) to node 0:
org.apache.kafka.common.errors.DisconnectException: null
2026-05-10 01:58:29 [INFO] [Consumer clientId=consumer-school-group-2, groupId=school-group] Node 0 disconnected.
2026-05-10 01:58:29 [WARN] [Consumer clientId=consumer-school-group-2, groupId=school-group] Connection to node 0 (DESKTOP-8IHU6CM/192.168.1.9:9092) could not be established. Broker may not be available.
2026-05-10 01:58:32 [INFO] [Consumer clientId=consumer-school-group-2, groupId=school-group] Node 0 disconnected.
2026-05-10 01:58:32 [WARN] [Consumer clientId=consumer-school-group-2, groupId=school-group] Connection to node 0 (DESKTOP-8IHU6CM/192.168.56.1:9092) could not be established. Broker may not be available.
2026-05-10 01:58:35 [INFO] [Consumer clientId=consumer-school-group-2, groupId=school-group] Node 0 disconnected.
2026-05-10 01:58:35 [WARN] [Consumer clientId=consumer-school-group-2, groupId=school-group] Connection to node 0 (DESKTOP-8IHU6CM/192.168.137.1:9092) could not be established. Broker may not be available.
2026-05-10 01:58:35 [INFO] [Consumer clientId=consumer-school-group-2, groupId=school-group] Error sending fetch request (sessionId=1999736093, epoch=INITIAL) to node 0:
org.apache.kafka.common.errors.DisconnectException: null
2026-05-10 01:58:38 [INFO] [Consumer clientId=consumer-school-group-2, groupId=school-group] Node 0 disconnected.
2026-05-10 01:58:38 [WARN] [Consumer clientId=consumer-school-group-2, groupId=school-group] Connection to node 0 (DESKTOP-8IHU6CM/192.168.1.9:9092) could not be established. Broker may not be available.
2026-05-10 01:58:41 [INFO] [Consumer clientId=consumer-school-group-2, groupId=school-group] Node 0 disconnected.
2026-05-10 01:58:41 [WARN] [Consumer clientId=consumer-school-group-2, groupId=school-group] Connection to node 0 (DESKTOP-8IHU6CM/192.168.56.1:9092) could not be established. Broker may not be available.
2026-05-10 01:58:41 [INFO] [Consumer clientId=consumer-school-group-2, groupId=school-group] Error sending fetch request (sessionId=1999736093, epoch=INITIAL) to node 0:
org.apache.kafka.common.errors.DisconnectException: null
2026-05-10 01:58:44 [INFO] [Consumer clientId=consumer-school-group-2, groupId=school-group] Node 0 disconnected.
2026-05-10 01:58:44 [WARN] [Consumer clientId=consumer-school-group-2, groupId=school-group] Connection to node 0 (DESKTOP-8IHU6CM/192.168.137.1:9092) could not be established. Broker may not be available.
2026-05-10 01:58:47 [INFO] [Consumer clientId=consumer-school-group-2, groupId=school-group] Node 0 disconnected.
2026-05-10 01:58:47 [WARN] [Consumer clientId=consumer-school-group-2, groupId=school-group] Connection to node 0 (DESKTOP-8IHU6CM/192.168.1.9:9092) could not be established. Broker may not be available.
2026-05-10 01:58:50 [INFO] [Consumer clientId=consumer-school-group-2, groupId=school-group] Node 0 disconnected.
2026-05-10 01:58:50 [WARN] [Consumer clientId=consumer-school-group-2, groupId=school-group] Connection to node 0 (DESKTOP-8IHU6CM/192.168.56.1:9092) could not be established. Broker may not be available.
2026-05-10 01:58:50 [INFO] [Consumer clientId=consumer-school-group-2, groupId=school-group] Error sending fetch request (sessionId=1999736093, epoch=INITIAL) to node 0:
org.apache.kafka.common.errors.DisconnectException: null
2026-05-10 01:58:53 [INFO] [Consumer clientId=consumer-school-group-2, groupId=school-group] Node 0 disconnected.
2026-05-10 01:58:53 [WARN] [Consumer clientId=consumer-school-group-2, groupId=school-group] Connection to node 0 (DESKTOP-8IHU6CM/192.168.137.1:9092) could not be established. Broker may not be available.
2026-05-10 01:58:56 [INFO] [Consumer clientId=consumer-school-group-2, groupId=school-group] Node 0 disconnected.
2026-05-10 01:58:56 [WARN] [Consumer clientId=consumer-school-group-2, groupId=school-group] Connection to node 0 (DESKTOP-8IHU6CM/192.168.1.9:9092) could not be established. Broker may not be available.
2026-05-10 01:58:56 [INFO] [Consumer clientId=consumer-school-group-2, groupId=school-group] Error sending fetch request (sessionId=1999736093, epoch=INITIAL) to node 0:
org.apache.kafka.common.errors.DisconnectException: null
2026-05-10 01:58:59 [INFO] [Consumer clientId=consumer-school-group-2, groupId=school-group] Node 0 disconnected.
2026-05-10 01:58:59 [WARN] [Consumer clientId=consumer-school-group-2, groupId=school-group] Connection to node 0 (DESKTOP-8IHU6CM/192.168.56.1:9092) could not be established. Broker may not be available.
2026-05-10 01:59:03 [INFO] [Consumer clientId=consumer-school-group-2, groupId=school-group] Node 0 disconnected.
2026-05-10 01:59:03 [WARN] [Consumer clientId=consumer-school-group-2, groupId=school-group] Connection to node 0 (DESKTOP-8IHU6CM/192.168.137.1:9092) could not be established. Broker may not be available.
2026-05-10 01:59:06 [INFO] [Consumer clientId=consumer-school-group-2, groupId=school-group] Node 0 disconnected.
2026-05-10 01:59:06 [WARN] [Consumer clientId=consumer-school-group-2, groupId=school-group] Connection to node 0 (DESKTOP-8IHU6CM/192.168.1.9:9092) could not be established. Broker may not be available.
2026-05-10 01:59:06 [INFO] [Consumer clientId=consumer-school-group-2, groupId=school-group] Error sending fetch request (sessionId=1999736093, epoch=INITIAL) to node 0:
org.apache.kafka.common.errors.DisconnectException: null
2026-05-10 01:59:09 [INFO] [Consumer clientId=consumer-school-group-2, groupId=school-group] Node 0 disconnected.
2026-05-10 01:59:09 [WARN] [Consumer clientId=consumer-school-group-2, groupId=school-group] Connection to node 0 (DESKTOP-8IHU6CM/192.168.56.1:9092) could not be established. Broker may not be available.
2026-05-10 01:59:12 [INFO] [Consumer clientId=consumer-school-group-2, groupId=school-group] Node 0 disconnected.
2026-05-10 01:59:12 [WARN] [Consumer clientId=consumer-school-group-2, groupId=school-group] Connection to node 0 (DESKTOP-8IHU6CM/192.168.137.1:9092) could not be established. Broker may not be available.
2026-05-10 01:59:15 [INFO] [Consumer clientId=consumer-school-group-2, groupId=school-group] Node 0 disconnected.
2026-05-10 01:59:15 [WARN] [Consumer clientId=consumer-school-group-2, groupId=school-group] Connection to node 0 (DESKTOP-8IHU6CM/192.168.1.9:9092) could not be established. Broker may not be available.
2026-05-10 01:59:15 [INFO] [Consumer clientId=consumer-school-group-2, groupId=school-group] Error sending fetch request (sessionId=1999736093, epoch=INITIAL) to node 0:
org.apache.kafka.common.errors.DisconnectException: null
2026-05-10 01:59:18 [INFO] [Consumer clientId=consumer-school-group-2, groupId=school-group] Node 0 disconnected.
2026-05-10 01:59:18 [WARN] [Consumer clientId=consumer-school-group-2, groupId=school-group] Connection to node 0 (DESKTOP-8IHU6CM/192.168.56.1:9092) could not be established. Broker may not be available.
2026-05-10 01:59:21 [INFO] [Consumer clientId=consumer-school-group-2, groupId=school-group] Node 0 disconnected.
2026-05-10 01:59:21 [WARN] [Consumer clientId=consumer-school-group-2, groupId=school-group] Connection to node 0 (DESKTOP-8IHU6CM/192.168.137.1:9092) could not be established. Broker may not be available.
2026-05-10 01:59:21 [INFO] [Consumer clientId=consumer-school-group-2, groupId=school-group] Error sending fetch request (sessionId=1999736093, epoch=INITIAL) to node 0:
org.apache.kafka.common.errors.DisconnectException: null
2026-05-10 01:59:24 [INFO] [Consumer clientId=consumer-school-group-2, groupId=school-group] Node 0 disconnected.
2026-05-10 01:59:24 [WARN] [Consumer clientId=consumer-school-group-2, groupId=school-group] Connection to node 0 (DESKTOP-8IHU6CM/192.168.1.9:9092) could not be established. Broker may not be available.
2026-05-10 01:59:27 [INFO] [Consumer clientId=consumer-school-group-2, groupId=school-group] Node 0 disconnected.
2026-05-10 01:59:27 [WARN] [Consumer clientId=consumer-school-group-2, groupId=school-group] Connection to node 0 (DESKTOP-8IHU6CM/192.168.56.1:9092) could not be established. Broker may not be available.
2026-05-10 01:59:30 [INFO] [Consumer clientId=consumer-school-group-2, groupId=school-group] Node 0 disconnected.
2026-05-10 01:59:30 [WARN] [Consumer clientId=consumer-school-group-2, groupId=school-group] Connection to node 0 (DESKTOP-8IHU6CM/192.168.137.1:9092) could not be established. Broker may not be available.
2026-05-10 01:59:30 [INFO] [Consumer clientId=consumer-school-group-2, groupId=school-group] Error sending fetch request (sessionId=1999736093, epoch=INITIAL) to node 0:
org.apache.kafka.common.errors.DisconnectException: null
2026-05-10 01:59:33 [INFO] [Consumer clientId=consumer-school-group-2, groupId=school-group] Node 0 disconnected.
2026-05-10 01:59:33 [WARN] [Consumer clientId=consumer-school-group-2, groupId=school-group] Connection to node 0 (DESKTOP-8IHU6CM/192.168.1.9:9092) could not be established. Broker may not be available.
2026-05-10 01:59:36 [INFO] [Consumer clientId=consumer-school-group-2, groupId=school-group] Node 0 disconnected.
2026-05-10 01:59:36 [WARN] [Consumer clientId=consumer-school-group-2, groupId=school-group] Connection to node 0 (DESKTOP-8IHU6CM/192.168.56.1:9092) could not be established. Broker may not be available.
2026-05-10 01:59:36 [INFO] [Consumer clientId=consumer-school-group-2, groupId=school-group] Error sending fetch request (sessionId=1999736093, epoch=INITIAL) to node 0:
org.apache.kafka.common.errors.DisconnectException: null
2026-05-10 01:59:40 [INFO] [Consumer clientId=consumer-school-group-2, groupId=school-group] Node 0 disconnected.
2026-05-10 01:59:40 [WARN] [Consumer clientId=consumer-school-group-2, groupId=school-group] Connection to node 0 (DESKTOP-8IHU6CM/192.168.137.1:9092) could not be established. Broker may not be available.
2026-05-10 01:59:40 [INFO] [Consumer clientId=consumer-school-group-2, groupId=school-group] Error sending fetch request (sessionId=1999736093, epoch=INITIAL) to node 0:
org.apache.kafka.common.errors.DisconnectException: null
2026-05-10 01:59:42 [INFO] [Consumer clientId=consumer-school-group-2, groupId=school-group] Node 0 disconnected.
2026-05-10 01:59:42 [WARN] [Consumer clientId=consumer-school-group-2, groupId=school-group] Connection to node 0 (DESKTOP-8IHU6CM/192.168.1.9:9092) could not be established. Broker may not be available.
2026-05-10 01:59:46 [INFO] [Consumer clientId=consumer-school-group-2, groupId=school-group] Node 0 disconnected.
2026-05-10 01:59:46 [WARN] [Consumer clientId=consumer-school-group-2, groupId=school-group] Connection to node 0 (DESKTOP-8IHU6CM/192.168.56.1:9092) could not be established. Broker may not be available.
2026-05-10 01:59:46 [INFO] [Consumer clientId=consumer-school-group-2, groupId=school-group] Error sending fetch request (sessionId=1999736093, epoch=INITIAL) to node 0:
org.apache.kafka.common.errors.DisconnectException: null
2026-05-10 01:59:49 [INFO] [Consumer clientId=consumer-school-group-2, groupId=school-group] Node 0 disconnected.
2026-05-10 01:59:49 [WARN] [Consumer clientId=consumer-school-group-2, groupId=school-group] Connection to node 0 (DESKTOP-8IHU6CM/192.168.137.1:9092) could not be established. Broker may not be available.
2026-05-10 01:59:52 [INFO] [Consumer clientId=consumer-school-group-2, groupId=school-group] Node 0 disconnected.
2026-05-10 01:59:52 [WARN] [Consumer clientId=consumer-school-group-2, groupId=school-group] Connection to node 0 (DESKTOP-8IHU6CM/192.168.1.9:9092) could not be established. Broker may not be available.
2026-05-10 01:59:55 [INFO] [Consumer clientId=consumer-school-group-2, groupId=school-group] Node 0 disconnected.
2026-05-10 01:59:55 [WARN] [Consumer clientId=consumer-school-group-2, groupId=school-group] Connection to node 0 (DESKTOP-8IHU6CM/192.168.56.1:9092) could not be established. Broker may not be available.
2026-05-10 01:59:55 [INFO] [Consumer clientId=consumer-school-group-2, groupId=school-group] Error sending fetch request (sessionId=1999736093, epoch=INITIAL) to node 0:
org.apache.kafka.common.errors.DisconnectException: null
2026-05-10 01:59:58 [INFO] [Consumer clientId=consumer-school-group-2, groupId=school-group] Node 0 disconnected.
2026-05-10 01:59:58 [WARN] [Consumer clientId=consumer-school-group-2, groupId=school-group] Connection to node 0 (DESKTOP-8IHU6CM/192.168.137.1:9092) could not be established. Broker may not be available.
2026-05-10 02:00:01 [INFO] [Consumer clientId=consumer-school-group-2, groupId=school-group] Node 0 disconnected.
2026-05-10 02:00:01 [WARN] [Consumer clientId=consumer-school-group-2, groupId=school-group] Connection to node 0 (DESKTOP-8IHU6CM/192.168.1.9:9092) could not be established. Broker may not be available.
2026-05-10 02:00:01 [INFO] [Consumer clientId=consumer-school-group-2, groupId=school-group] Error sending fetch request (sessionId=1999736093, epoch=INITIAL) to node 0:
org.apache.kafka.common.errors.DisconnectException: null
2026-05-10 02:00:04 [INFO] [Consumer clientId=consumer-school-group-2, groupId=school-group] Node 0 disconnected.
2026-05-10 02:00:04 [WARN] [Consumer clientId=consumer-school-group-2, groupId=school-group] Connection to node 0 (DESKTOP-8IHU6CM/192.168.56.1:9092) could not be established. Broker may not be available.
2026-05-10 02:00:07 [INFO] [Consumer clientId=consumer-school-group-2, groupId=school-group] Node 0 disconnected.
2026-05-10 02:00:07 [WARN] [Consumer clientId=consumer-school-group-2, groupId=school-group] Connection to node 0 (DESKTOP-8IHU6CM/192.168.137.1:9092) could not be established. Broker may not be available.
2026-05-10 02:00:10 [INFO] [Consumer clientId=consumer-school-group-2, groupId=school-group] Node 0 disconnected.
2026-05-10 02:00:10 [WARN] [Consumer clientId=consumer-school-group-2, groupId=school-group] Connection to node 0 (DESKTOP-8IHU6CM/192.168.1.9:9092) could not be established. Broker may not be available.
2026-05-10 02:00:10 [INFO] [Consumer clientId=consumer-school-group-2, groupId=school-group] Error sending fetch request (sessionId=1999736093, epoch=INITIAL) to node 0:
org.apache.kafka.common.errors.DisconnectException: null
2026-05-10 02:00:14 [INFO] [Consumer clientId=consumer-school-group-2, groupId=school-group] Node 0 disconnected.
2026-05-10 02:00:14 [WARN] [Consumer clientId=consumer-school-group-2, groupId=school-group] Connection to node 0 (DESKTOP-8IHU6CM/192.168.56.1:9092) could not be established. Broker may not be available.
2026-05-10 02:00:17 [INFO] [Consumer clientId=consumer-school-group-2, groupId=school-group] Node 0 disconnected.
2026-05-10 02:00:17 [WARN] [Consumer clientId=consumer-school-group-2, groupId=school-group] Connection to node 0 (DESKTOP-8IHU6CM/192.168.137.1:9092) could not be established. Broker may not be available.
2026-05-10 02:00:20 [INFO] [Consumer clientId=consumer-school-group-2, groupId=school-group] Node 0 disconnected.
2026-05-10 02:00:20 [WARN] [Consumer clientId=consumer-school-group-2, groupId=school-group] Connection to node 0 (DESKTOP-8IHU6CM/192.168.1.9:9092) could not be established. Broker may not be available.
2026-05-10 02:00:20 [INFO] [Consumer clientId=consumer-school-group-2, groupId=school-group] Error sending fetch request (sessionId=1999736093, epoch=INITIAL) to node 0:
org.apache.kafka.common.errors.DisconnectException: null
2026-05-10 02:00:23 [INFO] [Consumer clientId=consumer-school-group-2, groupId=school-group] Node 0 disconnected.
2026-05-10 02:00:23 [WARN] [Consumer clientId=consumer-school-group-2, groupId=school-group] Connection to node 0 (DESKTOP-8IHU6CM/192.168.56.1:9092) could not be established. Broker may not be available.
2026-05-10 02:00:26 [INFO] [Consumer clientId=consumer-school-group-2, groupId=school-group] Node 0 disconnected.
2026-05-10 02:00:26 [WARN] [Consumer clientId=consumer-school-group-2, groupId=school-group] Connection to node 0 (DESKTOP-8IHU6CM/192.168.137.1:9092) could not be established. Broker may not be available.
2026-05-10 02:00:26 [INFO] [Consumer clientId=consumer-school-group-2, groupId=school-group] Error sending fetch request (sessionId=1999736093, epoch=INITIAL) to node 0:
org.apache.kafka.common.errors.DisconnectException: null
2026-05-10 02:00:29 [INFO] [Consumer clientId=consumer-school-group-2, groupId=school-group] Node 0 disconnected.
2026-05-10 02:00:29 [WARN] [Consumer clientId=consumer-school-group-2, groupId=school-group] Connection to node 0 (DESKTOP-8IHU6CM/192.168.1.9:9092) could not be established. Broker may not be available.
2026-05-10 02:00:32 [INFO] [Consumer clientId=consumer-school-group-2, groupId=school-group] Node 0 disconnected.
2026-05-10 02:00:32 [WARN] [Consumer clientId=consumer-school-group-2, groupId=school-group] Connection to node 0 (DESKTOP-8IHU6CM/192.168.56.1:9092) could not be established. Broker may not be available.
2026-05-10 02:00:36 [INFO] [Consumer clientId=consumer-school-group-2, groupId=school-group] Node 0 disconnected.
2026-05-10 02:00:36 [WARN] [Consumer clientId=consumer-school-group-2, groupId=school-group] Connection to node 0 (DESKTOP-8IHU6CM/192.168.137.1:9092) could not be established. Broker may not be available.
2026-05-10 02:00:36 [INFO] [Consumer clientId=consumer-school-group-2, groupId=school-group] Error sending fetch request (sessionId=1999736093, epoch=INITIAL) to node 0:
org.apache.kafka.common.errors.DisconnectException: null
2026-05-10 02:00:39 [INFO] [Consumer clientId=consumer-school-group-2, groupId=school-group] Node 0 disconnected.
2026-05-10 02:00:39 [WARN] [Consumer clientId=consumer-school-group-2, groupId=school-group] Connection to node 0 (DESKTOP-8IHU6CM/192.168.1.9:9092) could not be established. Broker may not be available.
2026-05-10 02:00:42 [INFO] [Consumer clientId=consumer-school-group-2, groupId=school-group] Node 0 disconnected.
2026-05-10 02:00:42 [WARN] [Consumer clientId=consumer-school-group-2, groupId=school-group] Connection to node 0 (DESKTOP-8IHU6CM/192.168.56.1:9092) could not be established. Broker may not be available.
2026-05-10 02:00:45 [INFO] [Consumer clientId=consumer-school-group-2, groupId=school-group] Node 0 disconnected.
2026-05-10 02:00:45 [WARN] [Consumer clientId=consumer-school-group-2, groupId=school-group] Connection to node 0 (DESKTOP-8IHU6CM/192.168.137.1:9092) could not be established. Broker may not be available.
2026-05-10 02:00:45 [INFO] [Consumer clientId=consumer-school-group-2, groupId=school-group] Error sending fetch request (sessionId=1999736093, epoch=INITIAL) to node 0:
org.apache.kafka.common.errors.DisconnectException: null
2026-05-10 02:00:48 [INFO] [Consumer clientId=consumer-school-group-2, groupId=school-group] Node 0 disconnected.
2026-05-10 02:00:48 [WARN] [Consumer clientId=consumer-school-group-2, groupId=school-group] Connection to node 0 (DESKTOP-8IHU6CM/192.168.1.9:9092) could not be established. Broker may not be available.
2026-05-10 02:00:51 [INFO] [Consumer clientId=consumer-school-group-2, groupId=school-group] Node 0 disconnected.
2026-05-10 02:00:51 [WARN] [Consumer clientId=consumer-school-group-2, groupId=school-group] Connection to node 0 (DESKTOP-8IHU6CM/192.168.56.1:9092) could not be established. Broker may not be available.
2026-05-10 02:00:51 [INFO] [Consumer clientId=consumer-school-group-2, groupId=school-group] Error sending fetch request (sessionId=1999736093, epoch=INITIAL) to node 0:
org.apache.kafka.common.errors.DisconnectException: null
2026-05-10 02:00:55 [INFO] [Consumer clientId=consumer-school-group-2, groupId=school-group] Node 0 disconnected.
2026-05-10 02:00:55 [WARN] [Consumer clientId=consumer-school-group-2, groupId=school-group] Connection to node 0 (DESKTOP-8IHU6CM/192.168.137.1:9092) could not be established. Broker may not be available.
2026-05-10 02:00:58 [INFO] [Consumer clientId=consumer-school-group-2, groupId=school-group] Node 0 disconnected.
2026-05-10 02:00:58 [WARN] [Consumer clientId=consumer-school-group-2, groupId=school-group] Connection to node 0 (DESKTOP-8IHU6CM/192.168.1.9:9092) could not be established. Broker may not be available.
2026-05-10 02:01:01 [INFO] [Consumer clientId=consumer-school-group-2, groupId=school-group] Node 0 disconnected.
2026-05-10 02:01:01 [WARN] [Consumer clientId=consumer-school-group-2, groupId=school-group] Connection to node 0 (DESKTOP-8IHU6CM/192.168.56.1:9092) could not be established. Broker may not be available.
2026-05-10 02:01:01 [INFO] [Consumer clientId=consumer-school-group-2, groupId=school-group] Error sending fetch request (sessionId=1999736093, epoch=INITIAL) to node 0:
org.apache.kafka.common.errors.DisconnectException: null
2026-05-10 02:01:04 [INFO] [Consumer clientId=consumer-school-group-2, groupId=school-group] Node 0 disconnected.
2026-05-10 02:01:04 [WARN] [Consumer clientId=consumer-school-group-2, groupId=school-group] Connection to node 0 (DESKTOP-8IHU6CM/192.168.137.1:9092) could not be established. Broker may not be available.
2026-05-10 02:01:06 [INFO] [Consumer clientId=consumer-school-group-2, groupId=school-group] Node 0 disconnected.
2026-05-10 02:01:06 [WARN] [Consumer clientId=consumer-school-group-2, groupId=school-group] Connection to node 0 (DESKTOP-8IHU6CM/192.168.1.9:9092) could not be established. Broker may not be available.
2026-05-10 02:01:06 [INFO] [Consumer clientId=consumer-school-group-2, groupId=school-group] Error sending fetch request (sessionId=1999736093, epoch=INITIAL) to node 0:
org.apache.kafka.common.errors.DisconnectException: null
2026-05-10 02:01:10 [INFO] [Consumer clientId=consumer-school-group-2, groupId=school-group] Node 0 disconnected.
2026-05-10 02:01:10 [WARN] [Consumer clientId=consumer-school-group-2, groupId=school-group] Connection to node 0 (DESKTOP-8IHU6CM/192.168.56.1:9092) could not be established. Broker may not be available.
2026-05-10 02:01:10 [INFO] [Consumer clientId=consumer-school-group-2, groupId=school-group] Error sending fetch request (sessionId=1999736093, epoch=INITIAL) to node 0:
org.apache.kafka.common.errors.DisconnectException: null
2026-05-10 02:01:13 [INFO] [Consumer clientId=consumer-school-group-2, groupId=school-group] Node 0 disconnected.
2026-05-10 02:01:13 [WARN] [Consumer clientId=consumer-school-group-2, groupId=school-group] Connection to node 0 (DESKTOP-8IHU6CM/192.168.137.1:9092) could not be established. Broker may not be available.
2026-05-10 02:01:16 [INFO] [Consumer clientId=consumer-school-group-2, groupId=school-group] Node 0 disconnected.
2026-05-10 02:01:16 [WARN] [Consumer clientId=consumer-school-group-2, groupId=school-group] Connection to node 0 (DESKTOP-8IHU6CM/192.168.1.9:9092) could not be established. Broker may not be available.
2026-05-10 02:01:16 [INFO] [Consumer clientId=consumer-school-group-2, groupId=school-group] Error sending fetch request (sessionId=1999736093, epoch=INITIAL) to node 0:
org.apache.kafka.common.errors.DisconnectException: null
2026-05-10 02:01:19 [INFO] [Consumer clientId=consumer-school-group-2, groupId=school-group] Node 0 disconnected.
2026-05-10 02:01:19 [WARN] [Consumer clientId=consumer-school-group-2, groupId=school-group] Connection to node 0 (DESKTOP-8IHU6CM/192.168.56.1:9092) could not be established. Broker may not be available.
2026-05-10 02:01:22 [INFO] [Consumer clientId=consumer-school-group-2, groupId=school-group] Node 0 disconnected.
2026-05-10 02:01:22 [WARN] [Consumer clientId=consumer-school-group-2, groupId=school-group] Connection to node 0 (DESKTOP-8IHU6CM/192.168.137.1:9092) could not be established. Broker may not be available.
2026-05-10 02:01:25 [INFO] [Consumer clientId=consumer-school-group-2, groupId=school-group] Node 0 disconnected.
2026-05-10 02:01:25 [WARN] [Consumer clientId=consumer-school-group-2, groupId=school-group] Connection to node 0 (DESKTOP-8IHU6CM/192.168.1.9:9092) could not be established. Broker may not be available.
2026-05-10 02:01:25 [INFO] [Consumer clientId=consumer-school-group-2, groupId=school-group] Error sending fetch request (sessionId=1999736093, epoch=INITIAL) to node 0:
org.apache.kafka.common.errors.DisconnectException: null
2026-05-10 02:01:28 [INFO] [Consumer clientId=consumer-school-group-2, groupId=school-group] Node 0 disconnected.
2026-05-10 02:01:28 [WARN] [Consumer clientId=consumer-school-group-2, groupId=school-group] Connection to node 0 (DESKTOP-8IHU6CM/192.168.56.1:9092) could not be established. Broker may not be available.
2026-05-10 02:01:31 [INFO] [Consumer clientId=consumer-school-group-2, groupId=school-group] Node 0 disconnected.
2026-05-10 02:01:31 [WARN] [Consumer clientId=consumer-school-group-2, groupId=school-group] Connection to node 0 (DESKTOP-8IHU6CM/192.168.137.1:9092) could not be established. Broker may not be available.
2026-05-10 02:01:31 [INFO] [Consumer clientId=consumer-school-group-2, groupId=school-group] Error sending fetch request (sessionId=1999736093, epoch=INITIAL) to node 0:
org.apache.kafka.common.errors.DisconnectException: null
2026-05-10 02:01:34 [INFO] [Consumer clientId=consumer-school-group-2, groupId=school-group] Node 0 disconnected.
2026-05-10 02:01:34 [WARN] [Consumer clientId=consumer-school-group-2, groupId=school-group] Connection to node 0 (DESKTOP-8IHU6CM/192.168.1.9:9092) could not be established. Broker may not be available.
2026-05-10 02:01:37 [INFO] [Consumer clientId=consumer-school-group-2, groupId=school-group] Node 0 disconnected.
2026-05-10 02:01:37 [WARN] [Consumer clientId=consumer-school-group-2, groupId=school-group] Connection to node 0 (DESKTOP-8IHU6CM/192.168.56.1:9092) could not be established. Broker may not be available.
2026-05-10 02:01:41 [INFO] [Consumer clientId=consumer-school-group-2, groupId=school-group] Node 0 disconnected.
2026-05-10 02:01:41 [WARN] [Consumer clientId=consumer-school-group-2, groupId=school-group] Connection to node 0 (DESKTOP-8IHU6CM/192.168.137.1:9092) could not be established. Broker may not be available.
2026-05-10 02:01:41 [INFO] [Consumer clientId=consumer-school-group-2, groupId=school-group] Error sending fetch request (sessionId=1999736093, epoch=INITIAL) to node 0:
org.apache.kafka.common.errors.DisconnectException: null
2026-05-10 02:01:44 [INFO] [Consumer clientId=consumer-school-group-2, groupId=school-group] Node 0 disconnected.
2026-05-10 02:01:44 [WARN] [Consumer clientId=consumer-school-group-2, groupId=school-group] Connection to node 0 (DESKTOP-8IHU6CM/192.168.1.9:9092) could not be established. Broker may not be available.
2026-05-10 02:01:47 [INFO] [Consumer clientId=consumer-school-group-2, groupId=school-group] Node 0 disconnected.
2026-05-10 02:01:47 [WARN] [Consumer clientId=consumer-school-group-2, groupId=school-group] Connection to node 0 (DESKTOP-8IHU6CM/192.168.56.1:9092) could not be established. Broker may not be available.
2026-05-10 02:01:50 [INFO] [Consumer clientId=consumer-school-group-2, groupId=school-group] Node 0 disconnected.
2026-05-10 02:01:50 [WARN] [Consumer clientId=consumer-school-group-2, groupId=school-group] Connection to node 0 (DESKTOP-8IHU6CM/192.168.137.1:9092) could not be established. Broker may not be available.
2026-05-10 02:01:50 [INFO] [Consumer clientId=consumer-school-group-2, groupId=school-group] Error sending fetch request (sessionId=1999736093, epoch=INITIAL) to node 0:
org.apache.kafka.common.errors.DisconnectException: null
2026-05-10 02:01:53 [INFO] [Consumer clientId=consumer-school-group-2, groupId=school-group] Node 0 disconnected.
2026-05-10 02:01:53 [WARN] [Consumer clientId=consumer-school-group-2, groupId=school-group] Connection to node 0 (DESKTOP-8IHU6CM/192.168.1.9:9092) could not be established. Broker may not be available.
2026-05-10 02:01:56 [INFO] [Consumer clientId=consumer-school-group-2, groupId=school-group] Node 0 disconnected.
2026-05-10 02:01:56 [WARN] [Consumer clientId=consumer-school-group-2, groupId=school-group] Connection to node 0 (DESKTOP-8IHU6CM/192.168.56.1:9092) could not be established. Broker may not be available.
2026-05-10 02:01:56 [INFO] [Consumer clientId=consumer-school-group-2, groupId=school-group] Error sending fetch request (sessionId=1999736093, epoch=INITIAL) to node 0:
org.apache.kafka.common.errors.DisconnectException: null
2026-05-10 02:01:59 [INFO] [Consumer clientId=consumer-school-group-2, groupId=school-group] Node 0 disconnected.
2026-05-10 02:01:59 [WARN] [Consumer clientId=consumer-school-group-2, groupId=school-group] Connection to node 0 (DESKTOP-8IHU6CM/192.168.137.1:9092) could not be established. Broker may not be available.
2026-05-10 02:02:02 [INFO] [Consumer clientId=consumer-school-group-2, groupId=school-group] Node 0 disconnected.
2026-05-10 02:02:02 [WARN] [Consumer clientId=consumer-school-group-2, groupId=school-group] Connection to node 0 (DESKTOP-8IHU6CM/192.168.1.9:9092) could not be established. Broker may not be available.
2026-05-10 02:02:05 [INFO] [Consumer clientId=consumer-school-group-2, groupId=school-group] Node 0 disconnected.
2026-05-10 02:02:05 [WARN] [Consumer clientId=consumer-school-group-2, groupId=school-group] Connection to node 0 (DESKTOP-8IHU6CM/192.168.56.1:9092) could not be established. Broker may not be available.
2026-05-10 02:02:05 [INFO] [Consumer clientId=consumer-school-group-2, groupId=school-group] Error sending fetch request (sessionId=1999736093, epoch=INITIAL) to node 0:
org.apache.kafka.common.errors.DisconnectException: null
2026-05-10 02:02:08 [INFO] [Consumer clientId=consumer-school-group-2, groupId=school-group] Node 0 disconnected.
2026-05-10 02:02:08 [WARN] [Consumer clientId=consumer-school-group-2, groupId=school-group] Connection to node 0 (DESKTOP-8IHU6CM/192.168.137.1:9092) could not be established. Broker may not be available.
2026-05-10 02:02:11 [INFO] [Consumer clientId=consumer-school-group-2, groupId=school-group] Node 0 disconnected.
2026-05-10 02:02:11 [WARN] [Consumer clientId=consumer-school-group-2, groupId=school-group] Connection to node 0 (DESKTOP-8IHU6CM/192.168.1.9:9092) could not be established. Broker may not be available.
2026-05-10 02:02:11 [INFO] [Consumer clientId=consumer-school-group-2, groupId=school-group] Error sending fetch request (sessionId=1999736093, epoch=INITIAL) to node 0:
org.apache.kafka.common.errors.DisconnectException: null
2026-05-10 02:02:15 [INFO] [Consumer clientId=consumer-school-group-2, groupId=school-group] Node 0 disconnected.
2026-05-10 02:02:15 [WARN] [Consumer clientId=consumer-school-group-2, groupId=school-group] Connection to node 0 (DESKTOP-8IHU6CM/192.168.56.1:9092) could not be established. Broker may not be available.
2026-05-10 02:02:18 [INFO] [Consumer clientId=consumer-school-group-2, groupId=school-group] Node 0 disconnected.
2026-05-10 02:02:18 [WARN] [Consumer clientId=consumer-school-group-2, groupId=school-group] Connection to node 0 (DESKTOP-8IHU6CM/192.168.137.1:9092) could not be established. Broker may not be available.
2026-05-10 02:02:21 [INFO] [Consumer clientId=consumer-school-group-2, groupId=school-group] Node 0 disconnected.
2026-05-10 02:02:21 [WARN] [Consumer clientId=consumer-school-group-2, groupId=school-group] Connection to node 0 (DESKTOP-8IHU6CM/192.168.1.9:9092) could not be established. Broker may not be available.
2026-05-10 02:02:21 [INFO] [Consumer clientId=consumer-school-group-2, groupId=school-group] Error sending fetch request (sessionId=1999736093, epoch=INITIAL) to node 0:
org.apache.kafka.common.errors.DisconnectException: null
2026-05-10 02:02:24 [INFO] [Consumer clientId=consumer-school-group-2, groupId=school-group] Node 0 disconnected.
2026-05-10 02:02:24 [WARN] [Consumer clientId=consumer-school-group-2, groupId=school-group] Connection to node 0 (DESKTOP-8IHU6CM/192.168.56.1:9092) could not be established. Broker may not be available.
2026-05-10 02:02:27 [INFO] [Consumer clientId=consumer-school-group-2, groupId=school-group] Node 0 disconnected.
2026-05-10 02:02:27 [WARN] [Consumer clientId=consumer-school-group-2, groupId=school-group] Connection to node 0 (DESKTOP-8IHU6CM/192.168.137.1:9092) could not be established. Broker may not be available.
2026-05-10 02:02:30 [INFO] [Consumer clientId=consumer-school-group-2, groupId=school-group] Node 0 disconnected.
2026-05-10 02:02:30 [WARN] [Consumer clientId=consumer-school-group-2, groupId=school-group] Connection to node 0 (DESKTOP-8IHU6CM/192.168.1.9:9092) could not be established. Broker may not be available.
2026-05-10 02:02:30 [INFO] [Consumer clientId=consumer-school-group-2, groupId=school-group] Error sending fetch request (sessionId=1999736093, epoch=INITIAL) to node 0:
org.apache.kafka.common.errors.DisconnectException: null
2026-05-10 02:02:33 [INFO] [Consumer clientId=consumer-school-group-2, groupId=school-group] Node 0 disconnected.
2026-05-10 02:02:33 [WARN] [Consumer clientId=consumer-school-group-2, groupId=school-group] Connection to node 0 (DESKTOP-8IHU6CM/192.168.56.1:9092) could not be established. Broker may not be available.
2026-05-10 02:02:36 [INFO] [Consumer clientId=consumer-school-group-2, groupId=school-group] Node 0 disconnected.
2026-05-10 02:02:36 [WARN] [Consumer clientId=consumer-school-group-2, groupId=school-group] Connection to node 0 (DESKTOP-8IHU6CM/192.168.137.1:9092) could not be established. Broker may not be available.
2026-05-10 02:02:36 [INFO] [Consumer clientId=consumer-school-group-2, groupId=school-group] Error sending fetch request (sessionId=1999736093, epoch=INITIAL) to node 0:
org.apache.kafka.common.errors.DisconnectException: null
2026-05-10 02:02:39 [INFO] [Consumer clientId=consumer-school-group-2, groupId=school-group] Node 0 disconnected.
2026-05-10 02:02:39 [WARN] [Consumer clientId=consumer-school-group-2, groupId=school-group] Connection to node 0 (DESKTOP-8IHU6CM/192.168.1.9:9092) could not be established. Broker may not be available.
2026-05-10 02:02:42 [INFO] [Consumer clientId=consumer-school-group-2, groupId=school-group] Node 0 disconnected.
2026-05-10 02:02:42 [WARN] [Consumer clientId=consumer-school-group-2, groupId=school-group] Connection to node 0 (DESKTOP-8IHU6CM/192.168.56.1:9092) could not be established. Broker may not be available.
2026-05-10 02:02:45 [INFO] [Consumer clientId=consumer-school-group-2, groupId=school-group] Node 0 disconnected.
2026-05-10 02:02:45 [WARN] [Consumer clientId=consumer-school-group-2, groupId=school-group] Connection to node 0 (DESKTOP-8IHU6CM/192.168.137.1:9092) could not be established. Broker may not be available.
2026-05-10 02:02:45 [INFO] [Consumer clientId=consumer-school-group-2, groupId=school-group] Error sending fetch request (sessionId=1999736093, epoch=INITIAL) to node 0:
org.apache.kafka.common.errors.DisconnectException: null
2026-05-10 02:02:48 [INFO] [Consumer clientId=consumer-school-group-2, groupId=school-group] Node 0 disconnected.
2026-05-10 02:02:48 [WARN] [Consumer clientId=consumer-school-group-2, groupId=school-group] Connection to node 0 (DESKTOP-8IHU6CM/192.168.1.9:9092) could not be established. Broker may not be available.
2026-05-10 02:02:51 [INFO] [Consumer clientId=consumer-school-group-2, groupId=school-group] Node 0 disconnected.
2026-05-10 02:02:51 [WARN] [Consumer clientId=consumer-school-group-2, groupId=school-group] Connection to node 0 (DESKTOP-8IHU6CM/192.168.56.1:9092) could not be established. Broker may not be available.
2026-05-10 02:02:51 [INFO] [Consumer clientId=consumer-school-group-2, groupId=school-group] Error sending fetch request (sessionId=1999736093, epoch=INITIAL) to node 0:
org.apache.kafka.common.errors.DisconnectException: null
2026-05-10 02:02:54 [INFO] [Consumer clientId=consumer-school-group-2, groupId=school-group] Node 0 disconnected.
2026-05-10 02:02:54 [WARN] [Consumer clientId=consumer-school-group-2, groupId=school-group] Connection to node 0 (DESKTOP-8IHU6CM/192.168.137.1:9092) could not be established. Broker may not be available.
2026-05-10 02:02:57 [INFO] [Consumer clientId=consumer-school-group-2, groupId=school-group] Node 0 disconnected.
2026-05-10 02:02:57 [WARN] [Consumer clientId=consumer-school-group-2, groupId=school-group] Connection to node 0 (DESKTOP-8IHU6CM/192.168.1.9:9092) could not be established. Broker may not be available.
2026-05-10 02:03:01 [INFO] [Consumer clientId=consumer-school-group-2, groupId=school-group] Node 0 disconnected.
2026-05-10 02:03:01 [WARN] [Consumer clientId=consumer-school-group-2, groupId=school-group] Connection to node 0 (DESKTOP-8IHU6CM/192.168.56.1:9092) could not be established. Broker may not be available.
2026-05-10 02:03:01 [INFO] [Consumer clientId=consumer-school-group-2, groupId=school-group] Error sending fetch request (sessionId=1999736093, epoch=INITIAL) to node 0:
org.apache.kafka.common.errors.DisconnectException: null
2026-05-10 02:03:04 [INFO] [Consumer clientId=consumer-school-group-2, groupId=school-group] Node 0 disconnected.
2026-05-10 02:03:04 [WARN] [Consumer clientId=consumer-school-group-2, groupId=school-group] Connection to node 0 (DESKTOP-8IHU6CM/192.168.137.1:9092) could not be established. Broker may not be available.
2026-05-10 02:03:07 [INFO] [Consumer clientId=consumer-school-group-2, groupId=school-group] Node 0 disconnected.
2026-05-10 02:03:07 [WARN] [Consumer clientId=consumer-school-group-2, groupId=school-group] Connection to node 0 (DESKTOP-8IHU6CM/192.168.1.9:9092) could not be established. Broker may not be available.
2026-05-10 02:03:07 [INFO] [Consumer clientId=consumer-school-group-2, groupId=school-group] Error sending fetch request (sessionId=1999736093, epoch=INITIAL) to node 0:
org.apache.kafka.common.errors.DisconnectException: null
2026-05-10 02:03:10 [INFO] [Consumer clientId=consumer-school-group-2, groupId=school-group] Node 0 disconnected.
2026-05-10 02:03:10 [WARN] [Consumer clientId=consumer-school-group-2, groupId=school-group] Connection to node 0 (DESKTOP-8IHU6CM/192.168.56.1:9092) could not be established. Broker may not be available.
2026-05-10 02:03:13 [INFO] [Consumer clientId=consumer-school-group-2, groupId=school-group] Node 0 disconnected.
2026-05-10 02:03:13 [WARN] [Consumer clientId=consumer-school-group-2, groupId=school-group] Connection to node 0 (DESKTOP-8IHU6CM/192.168.137.1:9092) could not be established. Broker may not be available.
2026-05-10 02:03:16 [INFO] [Consumer clientId=consumer-school-group-2, groupId=school-group] Node 0 disconnected.
2026-05-10 02:03:16 [WARN] [Consumer clientId=consumer-school-group-2, groupId=school-group] Connection to node 0 (DESKTOP-8IHU6CM/192.168.1.9:9092) could not be established. Broker may not be available.
2026-05-10 02:03:16 [INFO] [Consumer clientId=consumer-school-group-2, groupId=school-group] Error sending fetch request (sessionId=1999736093, epoch=INITIAL) to node 0:
org.apache.kafka.common.errors.DisconnectException: null
2026-05-10 02:03:19 [INFO] [Consumer clientId=consumer-school-group-2, groupId=school-group] Node 0 disconnected.
2026-05-10 02:03:19 [WARN] [Consumer clientId=consumer-school-group-2, groupId=school-group] Connection to node 0 (DESKTOP-8IHU6CM/192.168.56.1:9092) could not be established. Broker may not be available.
2026-05-10 02:03:22 [INFO] [Consumer clientId=consumer-school-group-2, groupId=school-group] Node 0 disconnected.
2026-05-10 02:03:22 [WARN] [Consumer clientId=consumer-school-group-2, groupId=school-group] Connection to node 0 (DESKTOP-8IHU6CM/192.168.137.1:9092) could not be established. Broker may not be available.
2026-05-10 02:03:22 [INFO] [Consumer clientId=consumer-school-group-2, groupId=school-group] Error sending fetch request (sessionId=1999736093, epoch=INITIAL) to node 0:
org.apache.kafka.common.errors.DisconnectException: null
2026-05-10 02:03:25 [INFO] [Consumer clientId=consumer-school-group-2, groupId=school-group] Node 0 disconnected.
2026-05-10 02:03:25 [WARN] [Consumer clientId=consumer-school-group-2, groupId=school-group] Connection to node 0 (DESKTOP-8IHU6CM/192.168.1.9:9092) could not be established. Broker may not be available.
2026-05-10 02:03:27 [INFO] [Consumer clientId=consumer-school-group-2, groupId=school-group] Node 0 disconnected.
2026-05-10 02:03:27 [WARN] [Consumer clientId=consumer-school-group-2, groupId=school-group] Connection to node 0 (DESKTOP-8IHU6CM/192.168.56.1:9092) could not be established. Broker may not be available.
2026-05-10 02:03:31 [INFO] [Consumer clientId=consumer-school-group-2, groupId=school-group] Node 0 disconnected.
2026-05-10 02:03:31 [WARN] [Consumer clientId=consumer-school-group-2, groupId=school-group] Connection to node 0 (DESKTOP-8IHU6CM/192.168.137.1:9092) could not be established. Broker may not be available.
2026-05-10 02:03:31 [INFO] [Consumer clientId=consumer-school-group-2, groupId=school-group] Error sending fetch request (sessionId=1999736093, epoch=INITIAL) to node 0:
org.apache.kafka.common.errors.DisconnectException: null
2026-05-10 02:03:34 [INFO] [Consumer clientId=consumer-school-group-2, groupId=school-group] Node 0 disconnected.
2026-05-10 02:03:34 [WARN] [Consumer clientId=consumer-school-group-2, groupId=school-group] Connection to node 0 (DESKTOP-8IHU6CM/192.168.1.9:9092) could not be established. Broker may not be available.
2026-05-10 02:03:37 [INFO] [Consumer clientId=consumer-school-group-2, groupId=school-group] Node 0 disconnected.
2026-05-10 02:03:37 [WARN] [Consumer clientId=consumer-school-group-2, groupId=school-group] Connection to node 0 (DESKTOP-8IHU6CM/192.168.56.1:9092) could not be established. Broker may not be available.
2026-05-10 02:03:37 [INFO] [Consumer clientId=consumer-school-group-2, groupId=school-group] Error sending fetch request (sessionId=1999736093, epoch=INITIAL) to node 0:
org.apache.kafka.common.errors.DisconnectException: null
2026-05-10 02:03:40 [INFO] [Consumer clientId=consumer-school-group-2, groupId=school-group] Node 0 disconnected.
2026-05-10 02:03:40 [WARN] [Consumer clientId=consumer-school-group-2, groupId=school-group] Connection to node 0 (DESKTOP-8IHU6CM/192.168.137.1:9092) could not be established. Broker may not be available.
2026-05-10 02:03:43 [INFO] [Consumer clientId=consumer-school-group-2, groupId=school-group] Node 0 disconnected.
2026-05-10 02:03:43 [WARN] [Consumer clientId=consumer-school-group-2, groupId=school-group] Connection to node 0 (DESKTOP-8IHU6CM/192.168.1.9:9092) could not be established. Broker may not be available.
2026-05-10 02:03:46 [INFO] [Consumer clientId=consumer-school-group-2, groupId=school-group] Node 0 disconnected.
2026-05-10 02:03:46 [WARN] [Consumer clientId=consumer-school-group-2, groupId=school-group] Connection to node 0 (DESKTOP-8IHU6CM/192.168.56.1:9092) could not be established. Broker may not be available.
2026-05-10 02:03:46 [INFO] [Consumer clientId=consumer-school-group-2, groupId=school-group] Error sending fetch request (sessionId=1999736093, epoch=INITIAL) to node 0:
org.apache.kafka.common.errors.DisconnectException: null
2026-05-10 02:03:49 [INFO] [Consumer clientId=consumer-school-group-2, groupId=school-group] Node 0 disconnected.
2026-05-10 02:03:49 [WARN] [Consumer clientId=consumer-school-group-2, groupId=school-group] Connection to node 0 (DESKTOP-8IHU6CM/192.168.137.1:9092) could not be established. Broker may not be available.
2026-05-10 02:03:52 [INFO] [Consumer clientId=consumer-school-group-2, groupId=school-group] Node 0 disconnected.
2026-05-10 02:03:52 [WARN] [Consumer clientId=consumer-school-group-2, groupId=school-group] Connection to node 0 (DESKTOP-8IHU6CM/192.168.1.9:9092) could not be established. Broker may not be available.
2026-05-10 02:03:52 [INFO] [Consumer clientId=consumer-school-group-2, groupId=school-group] Error sending fetch request (sessionId=1999736093, epoch=INITIAL) to node 0:
org.apache.kafka.common.errors.DisconnectException: null
2026-05-10 02:03:55 [INFO] [Consumer clientId=consumer-school-group-2, groupId=school-group] Node 0 disconnected.
2026-05-10 02:03:55 [WARN] [Consumer clientId=consumer-school-group-2, groupId=school-group] Connection to node 0 (DESKTOP-8IHU6CM/192.168.56.1:9092) could not be established. Broker may not be available.
2026-05-10 02:03:58 [INFO] [Consumer clientId=consumer-school-group-2, groupId=school-group] Node 0 disconnected.
2026-05-10 02:03:58 [WARN] [Consumer clientId=consumer-school-group-2, groupId=school-group] Connection to node 0 (DESKTOP-8IHU6CM/192.168.137.1:9092) could not be established. Broker may not be available.
2026-05-10 02:04:01 [INFO] [Consumer clientId=consumer-school-group-2, groupId=school-group] Node 0 disconnected.
2026-05-10 02:04:01 [WARN] [Consumer clientId=consumer-school-group-2, groupId=school-group] Connection to node 0 (DESKTOP-8IHU6CM/192.168.1.9:9092) could not be established. Broker may not be available.
2026-05-10 02:04:01 [INFO] [Consumer clientId=consumer-school-group-2, groupId=school-group] Error sending fetch request (sessionId=1999736093, epoch=INITIAL) to node 0:
org.apache.kafka.common.errors.DisconnectException: null
2026-05-10 02:04:04 [INFO] [Consumer clientId=consumer-school-group-2, groupId=school-group] Node 0 disconnected.
2026-05-10 02:04:04 [WARN] [Consumer clientId=consumer-school-group-2, groupId=school-group] Connection to node 0 (DESKTOP-8IHU6CM/192.168.56.1:9092) could not be established. Broker may not be available.
2026-05-10 02:04:07 [INFO] [Consumer clientId=consumer-school-group-2, groupId=school-group] Node 0 disconnected.
2026-05-10 02:04:07 [WARN] [Consumer clientId=consumer-school-group-2, groupId=school-group] Connection to node 0 (DESKTOP-8IHU6CM/192.168.137.1:9092) could not be established. Broker may not be available.
2026-05-10 02:04:07 [INFO] [Consumer clientId=consumer-school-group-2, groupId=school-group] Error sending fetch request (sessionId=1999736093, epoch=INITIAL) to node 0:
org.apache.kafka.common.errors.DisconnectException: null
2026-05-10 02:04:10 [INFO] [Consumer clientId=consumer-school-group-2, groupId=school-group] Node 0 disconnected.
2026-05-10 02:04:10 [WARN] [Consumer clientId=consumer-school-group-2, groupId=school-group] Connection to node 0 (DESKTOP-8IHU6CM/192.168.1.9:9092) could not be established. Broker may not be available.
2026-05-10 02:04:10 [INFO] [Consumer clientId=consumer-school-group-2, groupId=school-group] Error sending fetch request (sessionId=1999736093, epoch=INITIAL) to node 0:
org.apache.kafka.common.errors.DisconnectException: null
2026-05-10 02:04:13 [INFO] [Consumer clientId=consumer-school-group-2, groupId=school-group] Node 0 disconnected.
2026-05-10 02:04:13 [WARN] [Consumer clientId=consumer-school-group-2, groupId=school-group] Connection to node 0 (DESKTOP-8IHU6CM/192.168.56.1:9092) could not be established. Broker may not be available.
2026-05-10 02:04:16 [INFO] [Consumer clientId=consumer-school-group-2, groupId=school-group] Node 0 disconnected.
2026-05-10 02:04:16 [WARN] [Consumer clientId=consumer-school-group-2, groupId=school-group] Connection to node 0 (DESKTOP-8IHU6CM/192.168.137.1:9092) could not be established. Broker may not be available.
2026-05-10 02:04:16 [INFO] [Consumer clientId=consumer-school-group-2, groupId=school-group] Error sending fetch request (sessionId=1999736093, epoch=INITIAL) to node 0:
org.apache.kafka.common.errors.DisconnectException: null
2026-05-10 02:04:19 [INFO] [Consumer clientId=consumer-school-group-2, groupId=school-group] Node 0 disconnected.
2026-05-10 02:04:19 [WARN] [Consumer clientId=consumer-school-group-2, groupId=school-group] Connection to node 0 (DESKTOP-8IHU6CM/192.168.1.9:9092) could not be established. Broker may not be available.
2026-05-10 02:04:22 [INFO] [Consumer clientId=consumer-school-group-2, groupId=school-group] Node 0 disconnected.
2026-05-10 02:04:22 [WARN] [Consumer clientId=consumer-school-group-2, groupId=school-group] Connection to node 0 (DESKTOP-8IHU6CM/192.168.56.1:9092) could not be established. Broker may not be available.
2026-05-10 02:04:26 [INFO] [Consumer clientId=consumer-school-group-2, groupId=school-group] Node 0 disconnected.
2026-05-10 02:04:26 [WARN] [Consumer clientId=consumer-school-group-2, groupId=school-group] Connection to node 0 (DESKTOP-8IHU6CM/192.168.137.1:9092) could not be established. Broker may not be available.
2026-05-10 02:04:26 [INFO] [Consumer clientId=consumer-school-group-2, groupId=school-group] Error sending fetch request (sessionId=1999736093, epoch=INITIAL) to node 0:
org.apache.kafka.common.errors.DisconnectException: null
2026-05-10 02:04:29 [INFO] [Consumer clientId=consumer-school-group-2, groupId=school-group] Node 0 disconnected.
2026-05-10 02:04:29 [WARN] [Consumer clientId=consumer-school-group-2, groupId=school-group] Connection to node 0 (DESKTOP-8IHU6CM/192.168.1.9:9092) could not be established. Broker may not be available.
2026-05-10 02:04:32 [INFO] [Consumer clientId=consumer-school-group-2, groupId=school-group] Node 0 disconnected.
2026-05-10 02:04:32 [WARN] [Consumer clientId=consumer-school-group-2, groupId=school-group] Connection to node 0 (DESKTOP-8IHU6CM/192.168.56.1:9092) could not be established. Broker may not be available.
2026-05-10 02:04:32 [INFO] [Consumer clientId=consumer-school-group-2, groupId=school-group] Error sending fetch request (sessionId=1999736093, epoch=INITIAL) to node 0:
org.apache.kafka.common.errors.DisconnectException: null
2026-05-10 02:04:35 [INFO] [Consumer clientId=consumer-school-group-2, groupId=school-group] Node 0 disconnected.
2026-05-10 02:04:35 [WARN] [Consumer clientId=consumer-school-group-2, groupId=school-group] Connection to node 0 (DESKTOP-8IHU6CM/192.168.137.1:9092) could not be established. Broker may not be available.
2026-05-10 02:04:38 [INFO] [Consumer clientId=consumer-school-group-2, groupId=school-group] Node 0 disconnected.
2026-05-10 02:04:38 [WARN] [Consumer clientId=consumer-school-group-2, groupId=school-group] Connection to node 0 (DESKTOP-8IHU6CM/192.168.1.9:9092) could not be established. Broker may not be available.
2026-05-10 02:04:41 [INFO] [Consumer clientId=consumer-school-group-2, groupId=school-group] Node 0 disconnected.
2026-05-10 02:04:41 [WARN] [Consumer clientId=consumer-school-group-2, groupId=school-group] Connection to node 0 (DESKTOP-8IHU6CM/192.168.56.1:9092) could not be established. Broker may not be available.
2026-05-10 02:04:41 [INFO] [Consumer clientId=consumer-school-group-2, groupId=school-group] Error sending fetch request (sessionId=1999736093, epoch=INITIAL) to node 0:
org.apache.kafka.common.errors.DisconnectException: null
2026-05-10 02:04:44 [INFO] [Consumer clientId=consumer-school-group-2, groupId=school-group] Node 0 disconnected.
2026-05-10 02:04:44 [WARN] [Consumer clientId=consumer-school-group-2, groupId=school-group] Connection to node 0 (DESKTOP-8IHU6CM/192.168.137.1:9092) could not be established. Broker may not be available.
2026-05-10 02:04:47 [INFO] [Consumer clientId=consumer-school-group-2, groupId=school-group] Node 0 disconnected.
2026-05-10 02:04:47 [WARN] [Consumer clientId=consumer-school-group-2, groupId=school-group] Connection to node 0 (DESKTOP-8IHU6CM/192.168.1.9:9092) could not be established. Broker may not be available.
2026-05-10 02:04:47 [INFO] [Consumer clientId=consumer-school-group-2, groupId=school-group] Error sending fetch request (sessionId=1999736093, epoch=INITIAL) to node 0:
org.apache.kafka.common.errors.DisconnectException: null
2026-05-10 02:04:50 [INFO] [Consumer clientId=consumer-school-group-2, groupId=school-group] Node 0 disconnected.
2026-05-10 02:04:50 [WARN] [Consumer clientId=consumer-school-group-2, groupId=school-group] Connection to node 0 (DESKTOP-8IHU6CM/192.168.56.1:9092) could not be established. Broker may not be available.
2026-05-10 02:04:53 [INFO] [Consumer clientId=consumer-school-group-2, groupId=school-group] Node 0 disconnected.
2026-05-10 02:04:53 [WARN] [Consumer clientId=consumer-school-group-2, groupId=school-group] Connection to node 0 (DESKTOP-8IHU6CM/192.168.137.1:9092) could not be established. Broker may not be available.
2026-05-10 02:04:56 [INFO] [Consumer clientId=consumer-school-group-2, groupId=school-group] Node 0 disconnected.
2026-05-10 02:04:56 [WARN] [Consumer clientId=consumer-school-group-2, groupId=school-group] Connection to node 0 (DESKTOP-8IHU6CM/192.168.1.9:9092) could not be established. Broker may not be available.
2026-05-10 02:04:56 [INFO] [Consumer clientId=consumer-school-group-2, groupId=school-group] Error sending fetch request (sessionId=1999736093, epoch=INITIAL) to node 0:
org.apache.kafka.common.errors.DisconnectException: null
2026-05-10 02:05:00 [INFO] [Consumer clientId=consumer-school-group-2, groupId=school-group] Node 0 disconnected.
2026-05-10 02:05:00 [WARN] [Consumer clientId=consumer-school-group-2, groupId=school-group] Connection to node 0 (DESKTOP-8IHU6CM/192.168.56.1:9092) could not be established. Broker may not be available.
2026-05-10 02:05:03 [INFO] [Consumer clientId=consumer-school-group-2, groupId=school-group] Node 0 disconnected.
2026-05-10 02:05:03 [WARN] [Consumer clientId=consumer-school-group-2, groupId=school-group] Connection to node 0 (DESKTOP-8IHU6CM/192.168.137.1:9092) could not be established. Broker may not be available.
2026-05-10 02:05:06 [INFO] [Consumer clientId=consumer-school-group-2, groupId=school-group] Node 0 disconnected.
2026-05-10 02:05:06 [WARN] [Consumer clientId=consumer-school-group-2, groupId=school-group] Connection to node 0 (DESKTOP-8IHU6CM/192.168.1.9:9092) could not be established. Broker may not be available.
2026-05-10 02:05:06 [INFO] [Consumer clientId=consumer-school-group-2, groupId=school-group] Error sending fetch request (sessionId=1999736093, epoch=INITIAL) to node 0:
org.apache.kafka.common.errors.DisconnectException: null
2026-05-10 02:05:09 [INFO] [Consumer clientId=consumer-school-group-2, groupId=school-group] Node 0 disconnected.
2026-05-10 02:05:09 [WARN] [Consumer clientId=consumer-school-group-2, groupId=school-group] Connection to node 0 (DESKTOP-8IHU6CM/192.168.56.1:9092) could not be established. Broker may not be available.
2026-05-10 02:05:12 [INFO] [Consumer clientId=consumer-school-group-2, groupId=school-group] Node 0 disconnected.
2026-05-10 02:05:12 [WARN] [Consumer clientId=consumer-school-group-2, groupId=school-group] Connection to node 0 (DESKTOP-8IHU6CM/192.168.137.1:9092) could not be established. Broker may not be available.
2026-05-10 02:05:15 [INFO] [Consumer clientId=consumer-school-group-2, groupId=school-group] Node 0 disconnected.
2026-05-10 02:05:15 [WARN] [Consumer clientId=consumer-school-group-2, groupId=school-group] Connection to node 0 (DESKTOP-8IHU6CM/192.168.1.9:9092) could not be established. Broker may not be available.
2026-05-10 02:05:15 [INFO] [Consumer clientId=consumer-school-group-2, groupId=school-group] Error sending fetch request (sessionId=1999736093, epoch=INITIAL) to node 0:
org.apache.kafka.common.errors.DisconnectException: null
2026-05-10 02:05:18 [INFO] [Consumer clientId=consumer-school-group-2, groupId=school-group] Node 0 disconnected.
2026-05-10 02:05:18 [WARN] [Consumer clientId=consumer-school-group-2, groupId=school-group] Connection to node 0 (DESKTOP-8IHU6CM/192.168.56.1:9092) could not be established. Broker may not be available.
2026-05-10 02:05:21 [INFO] [Consumer clientId=consumer-school-group-2, groupId=school-group] Node 0 disconnected.
2026-05-10 02:05:21 [WARN] [Consumer clientId=consumer-school-group-2, groupId=school-group] Connection to node 0 (DESKTOP-8IHU6CM/192.168.137.1:9092) could not be established. Broker may not be available.
2026-05-10 02:05:21 [INFO] [Consumer clientId=consumer-school-group-2, groupId=school-group] Error sending fetch request (sessionId=1999736093, epoch=INITIAL) to node 0:
org.apache.kafka.common.errors.DisconnectException: null
2026-05-10 02:05:25 [INFO] [Consumer clientId=consumer-school-group-2, groupId=school-group] Node 0 disconnected.
2026-05-10 02:05:25 [WARN] [Consumer clientId=consumer-school-group-2, groupId=school-group] Connection to node 0 (DESKTOP-8IHU6CM/192.168.1.9:9092) could not be established. Broker may not be available.
2026-05-10 02:05:28 [INFO] [Consumer clientId=consumer-school-group-2, groupId=school-group] Node 0 disconnected.
2026-05-10 02:05:28 [WARN] [Consumer clientId=consumer-school-group-2, groupId=school-group] Connection to node 0 (DESKTOP-8IHU6CM/192.168.56.1:9092) could not be established. Broker may not be available.
2026-05-10 02:05:31 [INFO] [Consumer clientId=consumer-school-group-2, groupId=school-group] Node 0 disconnected.
2026-05-10 02:05:31 [WARN] [Consumer clientId=consumer-school-group-2, groupId=school-group] Connection to node 0 (DESKTOP-8IHU6CM/192.168.137.1:9092) could not be established. Broker may not be available.
2026-05-10 02:05:31 [INFO] [Consumer clientId=consumer-school-group-2, groupId=school-group] Error sending fetch request (sessionId=1999736093, epoch=INITIAL) to node 0:
org.apache.kafka.common.errors.DisconnectException: null
2026-05-10 02:05:34 [INFO] [Consumer clientId=consumer-school-group-2, groupId=school-group] Node 0 disconnected.
2026-05-10 02:05:34 [WARN] [Consumer clientId=consumer-school-group-2, groupId=school-group] Connection to node 0 (DESKTOP-8IHU6CM/192.168.1.9:9092) could not be established. Broker may not be available.
2026-05-10 02:05:37 [INFO] [Consumer clientId=consumer-school-group-2, groupId=school-group] Node 0 disconnected.
2026-05-10 02:05:37 [WARN] [Consumer clientId=consumer-school-group-2, groupId=school-group] Connection to node 0 (DESKTOP-8IHU6CM/192.168.56.1:9092) could not be established. Broker may not be available.
2026-05-10 02:05:37 [INFO] [Consumer clientId=consumer-school-group-2, groupId=school-group] Error sending fetch request (sessionId=1999736093, epoch=INITIAL) to node 0:
org.apache.kafka.common.errors.DisconnectException: null
2026-05-10 02:05:40 [INFO] [Consumer clientId=consumer-school-group-2, groupId=school-group] Node 0 disconnected.
2026-05-10 02:05:40 [WARN] [Consumer clientId=consumer-school-group-2, groupId=school-group] Connection to node 0 (DESKTOP-8IHU6CM/192.168.137.1:9092) could not be established. Broker may not be available.
2026-05-10 02:05:40 [INFO] [Consumer clientId=consumer-school-group-2, groupId=school-group] Error sending fetch request (sessionId=1999736093, epoch=INITIAL) to node 0:
org.apache.kafka.common.errors.DisconnectException: null
2026-05-10 02:05:43 [INFO] [Consumer clientId=consumer-school-group-2, groupId=school-group] Node 0 disconnected.
2026-05-10 02:05:43 [WARN] [Consumer clientId=consumer-school-group-2, groupId=school-group] Connection to node 0 (DESKTOP-8IHU6CM/192.168.1.9:9092) could not be established. Broker may not be available.
2026-05-10 02:05:46 [INFO] [Consumer clientId=consumer-school-group-2, groupId=school-group] Node 0 disconnected.
2026-05-10 02:05:46 [WARN] [Consumer clientId=consumer-school-group-2, groupId=school-group] Connection to node 0 (DESKTOP-8IHU6CM/192.168.56.1:9092) could not be established. Broker may not be available.
2026-05-10 02:05:46 [INFO] [Consumer clientId=consumer-school-group-2, groupId=school-group] Error sending fetch request (sessionId=1999736093, epoch=INITIAL) to node 0:
org.apache.kafka.common.errors.DisconnectException: null
2026-05-10 02:05:49 [INFO] [Consumer clientId=consumer-school-group-2, groupId=school-group] Node 0 disconnected.
2026-05-10 02:05:49 [WARN] [Consumer clientId=consumer-school-group-2, groupId=school-group] Connection to node 0 (DESKTOP-8IHU6CM/192.168.137.1:9092) could not be established. Broker may not be available.
2026-05-10 02:05:52 [INFO] [Consumer clientId=consumer-school-group-2, groupId=school-group] Node 0 disconnected.
2026-05-10 02:05:52 [WARN] [Consumer clientId=consumer-school-group-2, groupId=school-group] Connection to node 0 (DESKTOP-8IHU6CM/192.168.1.9:9092) could not be established. Broker may not be available.
2026-05-10 02:05:56 [INFO] [Consumer clientId=consumer-school-group-2, groupId=school-group] Node 0 disconnected.
2026-05-10 02:05:56 [WARN] [Consumer clientId=consumer-school-group-2, groupId=school-group] Connection to node 0 (DESKTOP-8IHU6CM/192.168.56.1:9092) could not be established. Broker may not be available.
2026-05-10 02:05:56 [INFO] [Consumer clientId=consumer-school-group-2, groupId=school-group] Error sending fetch request (sessionId=1999736093, epoch=INITIAL) to node 0:
org.apache.kafka.common.errors.DisconnectException: null
2026-05-10 02:05:59 [INFO] [Consumer clientId=consumer-school-group-2, groupId=school-group] Node 0 disconnected.
2026-05-10 02:05:59 [WARN] [Consumer clientId=consumer-school-group-2, groupId=school-group] Connection to node 0 (DESKTOP-8IHU6CM/192.168.137.1:9092) could not be established. Broker may not be available.
2026-05-10 02:06:02 [INFO] [Consumer clientId=consumer-school-group-2, groupId=school-group] Node 0 disconnected.
2026-05-10 02:06:02 [WARN] [Consumer clientId=consumer-school-group-2, groupId=school-group] Connection to node 0 (DESKTOP-8IHU6CM/192.168.1.9:9092) could not be established. Broker may not be available.
2026-05-10 02:06:02 [INFO] [Consumer clientId=consumer-school-group-2, groupId=school-group] Error sending fetch request (sessionId=1999736093, epoch=INITIAL) to node 0:
org.apache.kafka.common.errors.DisconnectException: null
2026-05-10 02:06:05 [INFO] [Consumer clientId=consumer-school-group-2, groupId=school-group] Node 0 disconnected.
2026-05-10 02:06:05 [WARN] [Consumer clientId=consumer-school-group-2, groupId=school-group] Connection to node 0 (DESKTOP-8IHU6CM/192.168.56.1:9092) could not be established. Broker may not be available.
2026-05-10 02:06:08 [INFO] [Consumer clientId=consumer-school-group-2, groupId=school-group] Node 0 disconnected.
2026-05-10 02:06:08 [WARN] [Consumer clientId=consumer-school-group-2, groupId=school-group] Connection to node 0 (DESKTOP-8IHU6CM/192.168.137.1:9092) could not be established. Broker may not be available.
2026-05-10 02:06:11 [INFO] [Consumer clientId=consumer-school-group-2, groupId=school-group] Node 0 disconnected.
2026-05-10 02:06:11 [WARN] [Consumer clientId=consumer-school-group-2, groupId=school-group] Connection to node 0 (DESKTOP-8IHU6CM/192.168.1.9:9092) could not be established. Broker may not be available.
2026-05-10 02:06:11 [INFO] [Consumer clientId=consumer-school-group-2, groupId=school-group] Error sending fetch request (sessionId=1999736093, epoch=INITIAL) to node 0:
org.apache.kafka.common.errors.DisconnectException: null
2026-05-10 02:06:14 [INFO] [Consumer clientId=consumer-school-group-2, groupId=school-group] Node 0 disconnected.
2026-05-10 02:06:14 [WARN] [Consumer clientId=consumer-school-group-2, groupId=school-group] Connection to node 0 (DESKTOP-8IHU6CM/192.168.56.1:9092) could not be established. Broker may not be available.
2026-05-10 02:06:17 [INFO] [Consumer clientId=consumer-school-group-2, groupId=school-group] Node 0 disconnected.
2026-05-10 02:06:17 [WARN] [Consumer clientId=consumer-school-group-2, groupId=school-group] Connection to node 0 (DESKTOP-8IHU6CM/192.168.137.1:9092) could not be established. Broker may not be available.
2026-05-10 02:06:17 [INFO] [Consumer clientId=consumer-school-group-2, groupId=school-group] Error sending fetch request (sessionId=1999736093, epoch=INITIAL) to node 0:
org.apache.kafka.common.errors.DisconnectException: null
2026-05-10 02:06:20 [INFO] [Consumer clientId=consumer-school-group-2, groupId=school-group] Node 0 disconnected.
2026-05-10 02:06:20 [WARN] [Consumer clientId=consumer-school-group-2, groupId=school-group] Connection to node 0 (DESKTOP-8IHU6CM/192.168.1.9:9092) could not be established. Broker may not be available.
2026-05-10 02:06:20 [INFO] [Consumer clientId=consumer-school-group-2, groupId=school-group] Error sending fetch request (sessionId=1999736093, epoch=INITIAL) to node 0:
org.apache.kafka.common.errors.DisconnectException: null
2026-05-10 02:06:23 [INFO] [Consumer clientId=consumer-school-group-2, groupId=school-group] Node 0 disconnected.
2026-05-10 02:06:23 [WARN] [Consumer clientId=consumer-school-group-2, groupId=school-group] Connection to node 0 (DESKTOP-8IHU6CM/192.168.56.1:9092) could not be established. Broker may not be available.
2026-05-10 02:06:26 [INFO] [Consumer clientId=consumer-school-group-2, groupId=school-group] Node 0 disconnected.
2026-05-10 02:06:26 [WARN] [Consumer clientId=consumer-school-group-2, groupId=school-group] Connection to node 0 (DESKTOP-8IHU6CM/192.168.137.1:9092) could not be established. Broker may not be available.
2026-05-10 02:06:26 [INFO] [Consumer clientId=consumer-school-group-2, groupId=school-group] Error sending fetch request (sessionId=1999736093, epoch=INITIAL) to node 0:
org.apache.kafka.common.errors.DisconnectException: null
2026-05-10 02:06:29 [INFO] [Consumer clientId=consumer-school-group-2, groupId=school-group] Node 0 disconnected.
2026-05-10 02:06:29 [WARN] [Consumer clientId=consumer-school-group-2, groupId=school-group] Connection to node 0 (DESKTOP-8IHU6CM/192.168.1.9:9092) could not be established. Broker may not be available.
2026-05-10 02:06:32 [INFO] [Consumer clientId=consumer-school-group-2, groupId=school-group] Node 0 disconnected.
2026-05-10 02:06:32 [WARN] [Consumer clientId=consumer-school-group-2, groupId=school-group] Connection to node 0 (DESKTOP-8IHU6CM/192.168.56.1:9092) could not be established. Broker may not be available.
2026-05-10 02:06:35 [INFO] [Consumer clientId=consumer-school-group-2, groupId=school-group] Node 0 disconnected.
2026-05-10 02:06:35 [WARN] [Consumer clientId=consumer-school-group-2, groupId=school-group] Connection to node 0 (DESKTOP-8IHU6CM/192.168.137.1:9092) could not be established. Broker may not be available.
2026-05-10 02:06:35 [INFO] [Consumer clientId=consumer-school-group-2, groupId=school-group] Error sending fetch request (sessionId=1999736093, epoch=INITIAL) to node 0:
org.apache.kafka.common.errors.DisconnectException: null
2026-05-10 02:06:38 [INFO] [Consumer clientId=consumer-school-group-2, groupId=school-group] Node 0 disconnected.
2026-05-10 02:06:38 [WARN] [Consumer clientId=consumer-school-group-2, groupId=school-group] Connection to node 0 (DESKTOP-8IHU6CM/192.168.1.9:9092) could not be established. Broker may not be available.
2026-05-10 02:06:42 [INFO] [Consumer clientId=consumer-school-group-2, groupId=school-group] Node 0 disconnected.
2026-05-10 02:06:42 [WARN] [Consumer clientId=consumer-school-group-2, groupId=school-group] Connection to node 0 (DESKTOP-8IHU6CM/192.168.56.1:9092) could not be established. Broker may not be available.
2026-05-10 02:06:42 [INFO] [Consumer clientId=consumer-school-group-2, groupId=school-group] Error sending fetch request (sessionId=1999736093, epoch=INITIAL) to node 0:
org.apache.kafka.common.errors.DisconnectException: null
2026-05-10 02:06:45 [INFO] [Consumer clientId=consumer-school-group-2, groupId=school-group] Node 0 disconnected.
2026-05-10 02:06:45 [WARN] [Consumer clientId=consumer-school-group-2, groupId=school-group] Connection to node 0 (DESKTOP-8IHU6CM/192.168.137.1:9092) could not be established. Broker may not be available.
2026-05-10 02:06:48 [INFO] [Consumer clientId=consumer-school-group-2, groupId=school-group] Node 0 disconnected.
2026-05-10 02:06:48 [WARN] [Consumer clientId=consumer-school-group-2, groupId=school-group] Connection to node 0 (DESKTOP-8IHU6CM/192.168.1.9:9092) could not be established. Broker may not be available.
2026-05-10 02:06:51 [INFO] [Consumer clientId=consumer-school-group-2, groupId=school-group] Node 0 disconnected.
2026-05-10 02:06:51 [WARN] [Consumer clientId=consumer-school-group-2, groupId=school-group] Connection to node 0 (DESKTOP-8IHU6CM/192.168.56.1:9092) could not be established. Broker may not be available.
2026-05-10 02:06:51 [INFO] [Consumer clientId=consumer-school-group-2, groupId=school-group] Error sending fetch request (sessionId=1999736093, epoch=INITIAL) to node 0:
org.apache.kafka.common.errors.DisconnectException: null
2026-05-10 02:06:54 [INFO] [Consumer clientId=consumer-school-group-2, groupId=school-group] Node 0 disconnected.
2026-05-10 02:06:54 [WARN] [Consumer clientId=consumer-school-group-2, groupId=school-group] Connection to node 0 (DESKTOP-8IHU6CM/192.168.137.1:9092) could not be established. Broker may not be available.
2026-05-10 02:06:57 [INFO] [Consumer clientId=consumer-school-group-2, groupId=school-group] Node 0 disconnected.
2026-05-10 02:06:57 [WARN] [Consumer clientId=consumer-school-group-2, groupId=school-group] Connection to node 0 (DESKTOP-8IHU6CM/192.168.1.9:9092) could not be established. Broker may not be available.
2026-05-10 02:06:57 [INFO] [Consumer clientId=consumer-school-group-2, groupId=school-group] Error sending fetch request (sessionId=1999736093, epoch=INITIAL) to node 0:
org.apache.kafka.common.errors.DisconnectException: null
2026-05-10 02:07:00 [INFO] [Consumer clientId=consumer-school-group-2, groupId=school-group] Node 0 disconnected.
2026-05-10 02:07:00 [WARN] [Consumer clientId=consumer-school-group-2, groupId=school-group] Connection to node 0 (DESKTOP-8IHU6CM/192.168.56.1:9092) could not be established. Broker may not be available.
2026-05-10 02:07:03 [INFO] [Consumer clientId=consumer-school-group-2, groupId=school-group] Node 0 disconnected.
2026-05-10 02:07:03 [WARN] [Consumer clientId=consumer-school-group-2, groupId=school-group] Connection to node 0 (DESKTOP-8IHU6CM/192.168.137.1:9092) could not be established. Broker may not be available.
2026-05-10 02:07:06 [INFO] [Consumer clientId=consumer-school-group-2, groupId=school-group] Node 0 disconnected.
2026-05-10 02:07:06 [WARN] [Consumer clientId=consumer-school-group-2, groupId=school-group] Connection to node 0 (DESKTOP-8IHU6CM/192.168.1.9:9092) could not be established. Broker may not be available.
2026-05-10 02:07:06 [INFO] [Consumer clientId=consumer-school-group-2, groupId=school-group] Error sending fetch request (sessionId=1999736093, epoch=INITIAL) to node 0:
org.apache.kafka.common.errors.DisconnectException: null
2026-05-10 02:07:09 [INFO] [Consumer clientId=consumer-school-group-2, groupId=school-group] Node 0 disconnected.
2026-05-10 02:07:09 [WARN] [Consumer clientId=consumer-school-group-2, groupId=school-group] Connection to node 0 (DESKTOP-8IHU6CM/192.168.56.1:9092) could not be established. Broker may not be available.
2026-05-10 02:07:13 [INFO] [Consumer clientId=consumer-school-group-2, groupId=school-group] Node 0 disconnected.
2026-05-10 02:07:13 [WARN] [Consumer clientId=consumer-school-group-2, groupId=school-group] Connection to node 0 (DESKTOP-8IHU6CM/192.168.137.1:9092) could not be established. Broker may not be available.
2026-05-10 02:07:16 [INFO] [Consumer clientId=consumer-school-group-2, groupId=school-group] Node 0 disconnected.
2026-05-10 02:07:16 [WARN] [Consumer clientId=consumer-school-group-2, groupId=school-group] Connection to node 0 (DESKTOP-8IHU6CM/192.168.1.9:9092) could not be established. Broker may not be available.
2026-05-10 02:07:16 [INFO] [Consumer clientId=consumer-school-group-2, groupId=school-group] Error sending fetch request (sessionId=1999736093, epoch=INITIAL) to node 0:
org.apache.kafka.common.errors.DisconnectException: null
2026-05-10 02:07:19 [INFO] [Consumer clientId=consumer-school-group-2, groupId=school-group] Node 0 disconnected.
2026-05-10 02:07:19 [WARN] [Consumer clientId=consumer-school-group-2, groupId=school-group] Connection to node 0 (DESKTOP-8IHU6CM/192.168.56.1:9092) could not be established. Broker may not be available.
2026-05-10 02:07:22 [INFO] [Consumer clientId=consumer-school-group-2, groupId=school-group] Node 0 disconnected.
2026-05-10 02:07:22 [WARN] [Consumer clientId=consumer-school-group-2, groupId=school-group] Connection to node 0 (DESKTOP-8IHU6CM/192.168.137.1:9092) could not be established. Broker may not be available.
2026-05-10 02:07:22 [INFO] [Consumer clientId=consumer-school-group-2, groupId=school-group] Error sending fetch request (sessionId=1999736093, epoch=INITIAL) to node 0:
org.apache.kafka.common.errors.DisconnectException: null
2026-05-10 02:07:25 [INFO] [Consumer clientId=consumer-school-group-2, groupId=school-group] Node 0 disconnected.
2026-05-10 02:07:25 [WARN] [Consumer clientId=consumer-school-group-2, groupId=school-group] Connection to node 0 (DESKTOP-8IHU6CM/192.168.1.9:9092) could not be established. Broker may not be available.
2026-05-10 02:07:27 [INFO] [Consumer clientId=consumer-school-group-2, groupId=school-group] Node 0 disconnected.
2026-05-10 02:07:27 [WARN] [Consumer clientId=consumer-school-group-2, groupId=school-group] Connection to node 0 (DESKTOP-8IHU6CM/192.168.56.1:9092) could not be established. Broker may not be available.
2026-05-10 02:07:31 [INFO] [Consumer clientId=consumer-school-group-2, groupId=school-group] Node 0 disconnected.
2026-05-10 02:07:31 [WARN] [Consumer clientId=consumer-school-group-2, groupId=school-group] Connection to node 0 (DESKTOP-8IHU6CM/192.168.137.1:9092) could not be established. Broker may not be available.
2026-05-10 02:07:31 [INFO] [Consumer clientId=consumer-school-group-2, groupId=school-group] Error sending fetch request (sessionId=1999736093, epoch=INITIAL) to node 0:
org.apache.kafka.common.errors.DisconnectException: null
2026-05-10 02:07:34 [INFO] [Consumer clientId=consumer-school-group-2, groupId=school-group] Node 0 disconnected.
2026-05-10 02:07:34 [WARN] [Consumer clientId=consumer-school-group-2, groupId=school-group] Connection to node 0 (DESKTOP-8IHU6CM/192.168.1.9:9092) could not be established. Broker may not be available.
2026-05-10 02:07:37 [INFO] [Consumer clientId=consumer-school-group-2, groupId=school-group] Node 0 disconnected.
2026-05-10 02:07:37 [WARN] [Consumer clientId=consumer-school-group-2, groupId=school-group] Connection to node 0 (DESKTOP-8IHU6CM/192.168.56.1:9092) could not be established. Broker may not be available.
2026-05-10 02:07:37 [INFO] [Consumer clientId=consumer-school-group-2, groupId=school-group] Error sending fetch request (sessionId=1999736093, epoch=INITIAL) to node 0:
org.apache.kafka.common.errors.DisconnectException: null
2026-05-10 02:07:40 [INFO] [Consumer clientId=consumer-school-group-2, groupId=school-group] Node 0 disconnected.
2026-05-10 02:07:40 [WARN] [Consumer clientId=consumer-school-group-2, groupId=school-group] Connection to node 0 (DESKTOP-8IHU6CM/192.168.137.1:9092) could not be established. Broker may not be available.
2026-05-10 02:07:43 [INFO] [Consumer clientId=consumer-school-group-2, groupId=school-group] Node 0 disconnected.
2026-05-10 02:07:43 [WARN] [Consumer clientId=consumer-school-group-2, groupId=school-group] Connection to node 0 (DESKTOP-8IHU6CM/192.168.1.9:9092) could not be established. Broker may not be available.
2026-05-10 02:07:46 [INFO] [Consumer clientId=consumer-school-group-2, groupId=school-group] Node 0 disconnected.
2026-05-10 02:07:46 [WARN] [Consumer clientId=consumer-school-group-2, groupId=school-group] Connection to node 0 (DESKTOP-8IHU6CM/192.168.56.1:9092) could not be established. Broker may not be available.
2026-05-10 02:07:46 [INFO] [Consumer clientId=consumer-school-group-2, groupId=school-group] Error sending fetch request (sessionId=1999736093, epoch=INITIAL) to node 0:
org.apache.kafka.common.errors.DisconnectException: null
2026-05-10 02:07:49 [INFO] [Consumer clientId=consumer-school-group-2, groupId=school-group] Node 0 disconnected.
2026-05-10 02:07:49 [WARN] [Consumer clientId=consumer-school-group-2, groupId=school-group] Connection to node 0 (DESKTOP-8IHU6CM/192.168.137.1:9092) could not be established. Broker may not be available.
2026-05-10 02:07:52 [INFO] [Consumer clientId=consumer-school-group-2, groupId=school-group] Node 0 disconnected.
2026-05-10 02:07:52 [WARN] [Consumer clientId=consumer-school-group-2, groupId=school-group] Connection to node 0 (DESKTOP-8IHU6CM/192.168.1.9:9092) could not be established. Broker may not be available.
2026-05-10 02:07:52 [INFO] [Consumer clientId=consumer-school-group-2, groupId=school-group] Error sending fetch request (sessionId=1999736093, epoch=INITIAL) to node 0:
org.apache.kafka.common.errors.DisconnectException: null
2026-05-10 02:07:55 [INFO] [Consumer clientId=consumer-school-group-2, groupId=school-group] Node 0 disconnected.
2026-05-10 02:07:55 [WARN] [Consumer clientId=consumer-school-group-2, groupId=school-group] Connection to node 0 (DESKTOP-8IHU6CM/192.168.56.1:9092) could not be established. Broker may not be available.
2026-05-10 02:07:55 [INFO] [Consumer clientId=consumer-school-group-2, groupId=school-group] Error sending fetch request (sessionId=1999736093, epoch=INITIAL) to node 0:
org.apache.kafka.common.errors.DisconnectException: null
2026-05-10 02:07:58 [INFO] [Consumer clientId=consumer-school-group-2, groupId=school-group] Node 0 disconnected.
2026-05-10 02:07:58 [WARN] [Consumer clientId=consumer-school-group-2, groupId=school-group] Connection to node 0 (DESKTOP-8IHU6CM/192.168.137.1:9092) could not be established. Broker may not be available.
2026-05-10 02:08:01 [INFO] [Consumer clientId=consumer-school-group-2, groupId=school-group] Node 0 disconnected.
2026-05-10 02:08:01 [WARN] [Consumer clientId=consumer-school-group-2, groupId=school-group] Connection to node 0 (DESKTOP-8IHU6CM/192.168.1.9:9092) could not be established. Broker may not be available.
2026-05-10 02:08:01 [INFO] [Consumer clientId=consumer-school-group-2, groupId=school-group] Error sending fetch request (sessionId=1999736093, epoch=INITIAL) to node 0:
org.apache.kafka.common.errors.DisconnectException: null
2026-05-10 02:08:05 [INFO] [Consumer clientId=consumer-school-group-2, groupId=school-group] Node 0 disconnected.
2026-05-10 02:08:05 [WARN] [Consumer clientId=consumer-school-group-2, groupId=school-group] Connection to node 0 (DESKTOP-8IHU6CM/192.168.56.1:9092) could not be established. Broker may not be available.
2026-05-10 02:08:08 [INFO] [Consumer clientId=consumer-school-group-2, groupId=school-group] Node 0 disconnected.
2026-05-10 02:08:08 [WARN] [Consumer clientId=consumer-school-group-2, groupId=school-group] Connection to node 0 (DESKTOP-8IHU6CM/192.168.137.1:9092) could not be established. Broker may not be available.
2026-05-10 02:08:11 [INFO] [Consumer clientId=consumer-school-group-2, groupId=school-group] Node 0 disconnected.
2026-05-10 02:08:11 [WARN] [Consumer clientId=consumer-school-group-2, groupId=school-group] Connection to node 0 (DESKTOP-8IHU6CM/192.168.1.9:9092) could not be established. Broker may not be available.
2026-05-10 02:08:11 [INFO] [Consumer clientId=consumer-school-group-2, groupId=school-group] Error sending fetch request (sessionId=1999736093, epoch=INITIAL) to node 0:
org.apache.kafka.common.errors.DisconnectException: null
2026-05-10 02:08:14 [INFO] [Consumer clientId=consumer-school-group-2, groupId=school-group] Node 0 disconnected.
2026-05-10 02:08:14 [WARN] [Consumer clientId=consumer-school-group-2, groupId=school-group] Connection to node 0 (DESKTOP-8IHU6CM/192.168.56.1:9092) could not be established. Broker may not be available.
2026-05-10 02:08:17 [INFO] [Consumer clientId=consumer-school-group-2, groupId=school-group] Node 0 disconnected.
2026-05-10 02:08:17 [WARN] [Consumer clientId=consumer-school-group-2, groupId=school-group] Connection to node 0 (DESKTOP-8IHU6CM/192.168.137.1:9092) could not be established. Broker may not be available.
2026-05-10 02:08:17 [INFO] [Consumer clientId=consumer-school-group-2, groupId=school-group] Error sending fetch request (sessionId=1999736093, epoch=INITIAL) to node 0:
org.apache.kafka.common.errors.DisconnectException: null
2026-05-10 02:08:20 [INFO] [Consumer clientId=consumer-school-group-2, groupId=school-group] Node 0 disconnected.
2026-05-10 02:08:20 [WARN] [Consumer clientId=consumer-school-group-2, groupId=school-group] Connection to node 0 (DESKTOP-8IHU6CM/192.168.1.9:9092) could not be established. Broker may not be available.
2026-05-10 02:08:23 [INFO] [Consumer clientId=consumer-school-group-2, groupId=school-group] Node 0 disconnected.
2026-05-10 02:08:23 [WARN] [Consumer clientId=consumer-school-group-2, groupId=school-group] Connection to node 0 (DESKTOP-8IHU6CM/192.168.56.1:9092) could not be established. Broker may not be available.
2026-05-10 02:08:26 [INFO] [Consumer clientId=consumer-school-group-2, groupId=school-group] Node 0 disconnected.
2026-05-10 02:08:26 [WARN] [Consumer clientId=consumer-school-group-2, groupId=school-group] Connection to node 0 (DESKTOP-8IHU6CM/192.168.137.1:9092) could not be established. Broker may not be available.
2026-05-10 02:08:26 [INFO] [Consumer clientId=consumer-school-group-2, groupId=school-group] Error sending fetch request (sessionId=1999736093, epoch=INITIAL) to node 0:
org.apache.kafka.common.errors.DisconnectException: null
2026-05-10 02:08:29 [INFO] [Consumer clientId=consumer-school-group-2, groupId=school-group] Node 0 disconnected.
2026-05-10 02:08:29 [WARN] [Consumer clientId=consumer-school-group-2, groupId=school-group] Connection to node 0 (DESKTOP-8IHU6CM/192.168.1.9:9092) could not be established. Broker may not be available.
2026-05-10 02:08:32 [INFO] [Consumer clientId=consumer-school-group-2, groupId=school-group] Node 0 disconnected.
2026-05-10 02:08:32 [WARN] [Consumer clientId=consumer-school-group-2, groupId=school-group] Connection to node 0 (DESKTOP-8IHU6CM/192.168.56.1:9092) could not be established. Broker may not be available.
2026-05-10 02:08:32 [INFO] [Consumer clientId=consumer-school-group-2, groupId=school-group] Error sending fetch request (sessionId=1999736093, epoch=INITIAL) to node 0:
org.apache.kafka.common.errors.DisconnectException: null
2026-05-10 02:08:35 [INFO] [Consumer clientId=consumer-school-group-2, groupId=school-group] Node 0 disconnected.
2026-05-10 02:08:35 [WARN] [Consumer clientId=consumer-school-group-2, groupId=school-group] Connection to node 0 (DESKTOP-8IHU6CM/192.168.137.1:9092) could not be established. Broker may not be available.
2026-05-10 02:08:38 [INFO] [Consumer clientId=consumer-school-group-2, groupId=school-group] Node 0 disconnected.
2026-05-10 02:08:38 [WARN] [Consumer clientId=consumer-school-group-2, groupId=school-group] Connection to node 0 (DESKTOP-8IHU6CM/192.168.1.9:9092) could not be established. Broker may not be available.
2026-05-10 02:08:41 [INFO] [Consumer clientId=consumer-school-group-2, groupId=school-group] Node 0 disconnected.
2026-05-10 02:08:41 [WARN] [Consumer clientId=consumer-school-group-2, groupId=school-group] Connection to node 0 (DESKTOP-8IHU6CM/192.168.56.1:9092) could not be established. Broker may not be available.
2026-05-10 02:08:41 [INFO] [Consumer clientId=consumer-school-group-2, groupId=school-group] Error sending fetch request (sessionId=1999736093, epoch=INITIAL) to node 0:
org.apache.kafka.common.errors.DisconnectException: null
2026-05-10 02:08:44 [INFO] [Consumer clientId=consumer-school-group-2, groupId=school-group] Node 0 disconnected.
2026-05-10 02:08:44 [WARN] [Consumer clientId=consumer-school-group-2, groupId=school-group] Connection to node 0 (DESKTOP-8IHU6CM/192.168.137.1:9092) could not be established. Broker may not be available.
2026-05-10 02:08:47 [INFO] [Consumer clientId=consumer-school-group-2, groupId=school-group] Node 0 disconnected.
2026-05-10 02:08:47 [WARN] [Consumer clientId=consumer-school-group-2, groupId=school-group] Connection to node 0 (DESKTOP-8IHU6CM/192.168.1.9:9092) could not be established. Broker may not be available.
2026-05-10 02:08:47 [INFO] [Consumer clientId=consumer-school-group-2, groupId=school-group] Error sending fetch request (sessionId=1999736093, epoch=INITIAL) to node 0:
org.apache.kafka.common.errors.DisconnectException: null
2026-05-10 02:08:50 [INFO] [Consumer clientId=consumer-school-group-2, groupId=school-group] Node 0 disconnected.
2026-05-10 02:08:50 [WARN] [Consumer clientId=consumer-school-group-2, groupId=school-group] Connection to node 0 (DESKTOP-8IHU6CM/192.168.56.1:9092) could not be established. Broker may not be available.
2026-05-10 02:08:53 [INFO] [Consumer clientId=consumer-school-group-2, groupId=school-group] Node 0 disconnected.
2026-05-10 02:08:53 [WARN] [Consumer clientId=consumer-school-group-2, groupId=school-group] Connection to node 0 (DESKTOP-8IHU6CM/192.168.137.1:9092) could not be established. Broker may not be available.
2026-05-10 02:08:56 [INFO] [Consumer clientId=consumer-school-group-2, groupId=school-group] Node 0 disconnected.
2026-05-10 02:08:56 [WARN] [Consumer clientId=consumer-school-group-2, groupId=school-group] Connection to node 0 (DESKTOP-8IHU6CM/192.168.1.9:9092) could not be established. Broker may not be available.
2026-05-10 02:08:56 [INFO] [Consumer clientId=consumer-school-group-2, groupId=school-group] Error sending fetch request (sessionId=1999736093, epoch=INITIAL) to node 0:
org.apache.kafka.common.errors.DisconnectException: null
2026-05-10 02:08:59 [INFO] [Consumer clientId=consumer-school-group-2, groupId=school-group] Node 0 disconnected.
2026-05-10 02:08:59 [WARN] [Consumer clientId=consumer-school-group-2, groupId=school-group] Connection to node 0 (DESKTOP-8IHU6CM/192.168.56.1:9092) could not be established. Broker may not be available.
2026-05-10 02:09:02 [INFO] [Consumer clientId=consumer-school-group-2, groupId=school-group] Node 0 disconnected.
2026-05-10 02:09:02 [WARN] [Consumer clientId=consumer-school-group-2, groupId=school-group] Connection to node 0 (DESKTOP-8IHU6CM/192.168.137.1:9092) could not be established. Broker may not be available.
2026-05-10 02:09:05 [INFO] [Consumer clientId=consumer-school-group-2, groupId=school-group] Node 0 disconnected.
2026-05-10 02:09:05 [WARN] [Consumer clientId=consumer-school-group-2, groupId=school-group] Connection to node 0 (DESKTOP-8IHU6CM/192.168.1.9:9092) could not be established. Broker may not be available.
2026-05-10 02:09:09 [INFO] [Consumer clientId=consumer-school-group-2, groupId=school-group] Node 0 disconnected.
2026-05-10 02:09:09 [WARN] [Consumer clientId=consumer-school-group-2, groupId=school-group] Connection to node 0 (DESKTOP-8IHU6CM/192.168.56.1:9092) could not be established. Broker may not be available.
2026-05-10 02:09:12 [INFO] [Consumer clientId=consumer-school-group-2, groupId=school-group] Node 0 disconnected.
2026-05-10 02:09:12 [WARN] [Consumer clientId=consumer-school-group-2, groupId=school-group] Connection to node 0 (DESKTOP-8IHU6CM/192.168.137.1:9092) could not be established. Broker may not be available.
2026-05-10 02:09:12 [INFO] [Consumer clientId=consumer-school-group-2, groupId=school-group] Error sending fetch request (sessionId=1999736093, epoch=INITIAL) to node 0:
org.apache.kafka.common.errors.DisconnectException: null
2026-05-10 02:09:15 [INFO] [Consumer clientId=consumer-school-group-2, groupId=school-group] Node 0 disconnected.
2026-05-10 02:09:15 [WARN] [Consumer clientId=consumer-school-group-2, groupId=school-group] Connection to node 0 (DESKTOP-8IHU6CM/192.168.1.9:9092) could not be established. Broker may not be available.
2026-05-10 02:09:18 [INFO] [Consumer clientId=consumer-school-group-2, groupId=school-group] Node 0 disconnected.
2026-05-10 02:09:18 [WARN] [Consumer clientId=consumer-school-group-2, groupId=school-group] Connection to node 0 (DESKTOP-8IHU6CM/192.168.56.1:9092) could not be established. Broker may not be available.
2026-05-10 02:09:21 [INFO] [Consumer clientId=consumer-school-group-2, groupId=school-group] Node 0 disconnected.
2026-05-10 02:09:21 [WARN] [Consumer clientId=consumer-school-group-2, groupId=school-group] Connection to node 0 (DESKTOP-8IHU6CM/192.168.137.1:9092) could not be established. Broker may not be available.
2026-05-10 02:09:21 [INFO] [Consumer clientId=consumer-school-group-2, groupId=school-group] Error sending fetch request (sessionId=1999736093, epoch=INITIAL) to node 0:
org.apache.kafka.common.errors.DisconnectException: null
2026-05-10 02:09:24 [INFO] [Consumer clientId=consumer-school-group-2, groupId=school-group] Node 0 disconnected.
2026-05-10 02:09:24 [WARN] [Consumer clientId=consumer-school-group-2, groupId=school-group] Connection to node 0 (DESKTOP-8IHU6CM/192.168.1.9:9092) could not be established. Broker may not be available.
2026-05-10 02:09:27 [INFO] [Consumer clientId=consumer-school-group-2, groupId=school-group] Node 0 disconnected.
2026-05-10 02:09:27 [WARN] [Consumer clientId=consumer-school-group-2, groupId=school-group] Connection to node 0 (DESKTOP-8IHU6CM/192.168.56.1:9092) could not be established. Broker may not be available.
2026-05-10 02:09:27 [INFO] [Consumer clientId=consumer-school-group-2, groupId=school-group] Error sending fetch request (sessionId=1999736093, epoch=INITIAL) to node 0:
org.apache.kafka.common.errors.DisconnectException: null
2026-05-10 02:09:31 [INFO] [Consumer clientId=consumer-school-group-2, groupId=school-group] Node 0 disconnected.
2026-05-10 02:09:31 [WARN] [Consumer clientId=consumer-school-group-2, groupId=school-group] Connection to node 0 (DESKTOP-8IHU6CM/192.168.137.1:9092) could not be established. Broker may not be available.
2026-05-10 02:09:31 [INFO] [Consumer clientId=consumer-school-group-2, groupId=school-group] Error sending fetch request (sessionId=1999736093, epoch=INITIAL) to node 0:
org.apache.kafka.common.errors.DisconnectException: null
2026-05-10 02:09:34 [INFO] [Consumer clientId=consumer-school-group-2, groupId=school-group] Node 0 disconnected.
2026-05-10 02:09:34 [WARN] [Consumer clientId=consumer-school-group-2, groupId=school-group] Connection to node 0 (DESKTOP-8IHU6CM/192.168.1.9:9092) could not be established. Broker may not be available.
2026-05-10 02:09:37 [INFO] [Consumer clientId=consumer-school-group-2, groupId=school-group] Node 0 disconnected.
2026-05-10 02:09:37 [WARN] [Consumer clientId=consumer-school-group-2, groupId=school-group] Connection to node 0 (DESKTOP-8IHU6CM/192.168.56.1:9092) could not be established. Broker may not be available.
2026-05-10 02:09:37 [INFO] [Consumer clientId=consumer-school-group-2, groupId=school-group] Error sending fetch request (sessionId=1999736093, epoch=INITIAL) to node 0:
org.apache.kafka.common.errors.DisconnectException: null
2026-05-10 02:09:40 [INFO] [Consumer clientId=consumer-school-group-2, groupId=school-group] Node 0 disconnected.
2026-05-10 02:09:40 [WARN] [Consumer clientId=consumer-school-group-2, groupId=school-group] Connection to node 0 (DESKTOP-8IHU6CM/192.168.137.1:9092) could not be established. Broker may not be available.
2026-05-10 02:09:43 [INFO] [Consumer clientId=consumer-school-group-2, groupId=school-group] Node 0 disconnected.
2026-05-10 02:09:43 [WARN] [Consumer clientId=consumer-school-group-2, groupId=school-group] Connection to node 0 (DESKTOP-8IHU6CM/192.168.1.9:9092) could not be established. Broker may not be available.
2026-05-10 02:09:46 [INFO] [Consumer clientId=consumer-school-group-2, groupId=school-group] Node 0 disconnected.
2026-05-10 02:09:46 [WARN] [Consumer clientId=consumer-school-group-2, groupId=school-group] Connection to node 0 (DESKTOP-8IHU6CM/192.168.56.1:9092) could not be established. Broker may not be available.
2026-05-10 02:09:46 [INFO] [Consumer clientId=consumer-school-group-2, groupId=school-group] Error sending fetch request (sessionId=1999736093, epoch=INITIAL) to node 0:
org.apache.kafka.common.errors.DisconnectException: null
2026-05-10 02:09:49 [INFO] [Consumer clientId=consumer-school-group-2, groupId=school-group] Node 0 disconnected.
2026-05-10 02:09:49 [WARN] [Consumer clientId=consumer-school-group-2, groupId=school-group] Connection to node 0 (DESKTOP-8IHU6CM/192.168.137.1:9092) could not be established. Broker may not be available.
2026-05-10 02:09:52 [INFO] [Consumer clientId=consumer-school-group-2, groupId=school-group] Node 0 disconnected.
2026-05-10 02:09:52 [WARN] [Consumer clientId=consumer-school-group-2, groupId=school-group] Connection to node 0 (DESKTOP-8IHU6CM/192.168.1.9:9092) could not be established. Broker may not be available.
2026-05-10 02:09:52 [INFO] [Consumer clientId=consumer-school-group-2, groupId=school-group] Error sending fetch request (sessionId=1999736093, epoch=INITIAL) to node 0:
org.apache.kafka.common.errors.DisconnectException: null
2026-05-10 02:09:55 [INFO] [Consumer clientId=consumer-school-group-2, groupId=school-group] Node 0 disconnected.
2026-05-10 02:09:55 [WARN] [Consumer clientId=consumer-school-group-2, groupId=school-group] Connection to node 0 (DESKTOP-8IHU6CM/192.168.56.1:9092) could not be established. Broker may not be available.
2026-05-10 02:09:58 [INFO] [Consumer clientId=consumer-school-group-2, groupId=school-group] Node 0 disconnected.
2026-05-10 02:09:58 [WARN] [Consumer clientId=consumer-school-group-2, groupId=school-group] Connection to node 0 (DESKTOP-8IHU6CM/192.168.137.1:9092) could not be established. Broker may not be available.
2026-05-10 02:10:01 [INFO] [Consumer clientId=consumer-school-group-2, groupId=school-group] Node 0 disconnected.
2026-05-10 02:10:01 [WARN] [Consumer clientId=consumer-school-group-2, groupId=school-group] Connection to node 0 (DESKTOP-8IHU6CM/192.168.1.9:9092) could not be established. Broker may not be available.
2026-05-10 02:10:01 [INFO] [Consumer clientId=consumer-school-group-2, groupId=school-group] Error sending fetch request (sessionId=1999736093, epoch=INITIAL) to node 0:
org.apache.kafka.common.errors.DisconnectException: null
2026-05-10 02:10:04 [INFO] [Consumer clientId=consumer-school-group-2, groupId=school-group] Node 0 disconnected.
2026-05-10 02:10:04 [WARN] [Consumer clientId=consumer-school-group-2, groupId=school-group] Connection to node 0 (DESKTOP-8IHU6CM/192.168.56.1:9092) could not be established. Broker may not be available.
2026-05-10 02:10:08 [INFO] [Consumer clientId=consumer-school-group-2, groupId=school-group] Node 0 disconnected.
2026-05-10 02:10:08 [WARN] [Consumer clientId=consumer-school-group-2, groupId=school-group] Connection to node 0 (DESKTOP-8IHU6CM/192.168.137.1:9092) could not be established. Broker may not be available.
2026-05-10 02:10:11 [INFO] [Consumer clientId=consumer-school-group-2, groupId=school-group] Node 0 disconnected.
2026-05-10 02:10:11 [WARN] [Consumer clientId=consumer-school-group-2, groupId=school-group] Connection to node 0 (DESKTOP-8IHU6CM/192.168.1.9:9092) could not be established. Broker may not be available.
2026-05-10 02:10:11 [INFO] [Consumer clientId=consumer-school-group-2, groupId=school-group] Error sending fetch request (sessionId=1999736093, epoch=INITIAL) to node 0:
org.apache.kafka.common.errors.DisconnectException: null
2026-05-10 02:10:14 [INFO] [Consumer clientId=consumer-school-group-2, groupId=school-group] Node 0 disconnected.
2026-05-10 02:10:14 [WARN] [Consumer clientId=consumer-school-group-2, groupId=school-group] Connection to node 0 (DESKTOP-8IHU6CM/192.168.56.1:9092) could not be established. Broker may not be available.
2026-05-10 02:10:17 [INFO] [Consumer clientId=consumer-school-group-2, groupId=school-group] Node 0 disconnected.
2026-05-10 02:10:17 [WARN] [Consumer clientId=consumer-school-group-2, groupId=school-group] Connection to node 0 (DESKTOP-8IHU6CM/192.168.137.1:9092) could not be established. Broker may not be available.
2026-05-10 02:10:17 [INFO] [Consumer clientId=consumer-school-group-2, groupId=school-group] Error sending fetch request (sessionId=1999736093, epoch=INITIAL) to node 0:
org.apache.kafka.common.errors.DisconnectException: null
2026-05-10 02:10:20 [INFO] [Consumer clientId=consumer-school-group-2, groupId=school-group] Node 0 disconnected.
2026-05-10 02:10:20 [WARN] [Consumer clientId=consumer-school-group-2, groupId=school-group] Connection to node 0 (DESKTOP-8IHU6CM/192.168.1.9:9092) could not be established. Broker may not be available.
2026-05-10 02:10:23 [INFO] [Consumer clientId=consumer-school-group-2, groupId=school-group] Node 0 disconnected.
2026-05-10 02:10:23 [WARN] [Consumer clientId=consumer-school-group-2, groupId=school-group] Connection to node 0 (DESKTOP-8IHU6CM/192.168.56.1:9092) could not be established. Broker may not be available.
2026-05-10 02:10:26 [INFO] [Consumer clientId=consumer-school-group-2, groupId=school-group] Node 0 disconnected.
2026-05-10 02:10:26 [WARN] [Consumer clientId=consumer-school-group-2, groupId=school-group] Connection to node 0 (DESKTOP-8IHU6CM/192.168.137.1:9092) could not be established. Broker may not be available.
2026-05-10 02:10:26 [INFO] [Consumer clientId=consumer-school-group-2, groupId=school-group] Error sending fetch request (sessionId=1999736093, epoch=INITIAL) to node 0:
org.apache.kafka.common.errors.DisconnectException: null
2026-05-10 02:10:29 [INFO] [Consumer clientId=consumer-school-group-2, groupId=school-group] Node 0 disconnected.
2026-05-10 02:10:29 [WARN] [Consumer clientId=consumer-school-group-2, groupId=school-group] Connection to node 0 (DESKTOP-8IHU6CM/192.168.1.9:9092) could not be established. Broker may not be available.
2026-05-10 02:10:32 [INFO] [Consumer clientId=consumer-school-group-2, groupId=school-group] Node 0 disconnected.
2026-05-10 02:10:32 [WARN] [Consumer clientId=consumer-school-group-2, groupId=school-group] Connection to node 0 (DESKTOP-8IHU6CM/192.168.56.1:9092) could not be established. Broker may not be available.
2026-05-10 02:10:32 [INFO] [Consumer clientId=consumer-school-group-2, groupId=school-group] Error sending fetch request (sessionId=1999736093, epoch=INITIAL) to node 0:
org.apache.kafka.common.errors.DisconnectException: null
2026-05-10 02:10:35 [INFO] [Consumer clientId=consumer-school-group-2, groupId=school-group] Node 0 disconnected.
2026-05-10 02:10:35 [WARN] [Consumer clientId=consumer-school-group-2, groupId=school-group] Connection to node 0 (DESKTOP-8IHU6CM/192.168.137.1:9092) could not be established. Broker may not be available.
2026-05-10 02:10:39 [INFO] [Consumer clientId=consumer-school-group-2, groupId=school-group] Node 0 disconnected.
2026-05-10 02:10:39 [WARN] [Consumer clientId=consumer-school-group-2, groupId=school-group] Connection to node 0 (DESKTOP-8IHU6CM/192.168.1.9:9092) could not be established. Broker may not be available.
2026-05-10 02:10:42 [INFO] [Consumer clientId=consumer-school-group-2, groupId=school-group] Node 0 disconnected.
2026-05-10 02:10:42 [WARN] [Consumer clientId=consumer-school-group-2, groupId=school-group] Connection to node 0 (DESKTOP-8IHU6CM/192.168.56.1:9092) could not be established. Broker may not be available.
2026-05-10 02:10:42 [INFO] [Consumer clientId=consumer-school-group-2, groupId=school-group] Error sending fetch request (sessionId=1999736093, epoch=INITIAL) to node 0:
org.apache.kafka.common.errors.DisconnectException: null
2026-05-10 02:10:45 [INFO] [Consumer clientId=consumer-school-group-2, groupId=school-group] Node 0 disconnected.
2026-05-10 02:10:45 [WARN] [Consumer clientId=consumer-school-group-2, groupId=school-group] Connection to node 0 (DESKTOP-8IHU6CM/192.168.137.1:9092) could not be established. Broker may not be available.
2026-05-10 02:10:48 [INFO] [Consumer clientId=consumer-school-group-2, groupId=school-group] Node 0 disconnected.
2026-05-10 02:10:48 [WARN] [Consumer clientId=consumer-school-group-2, groupId=school-group] Connection to node 0 (DESKTOP-8IHU6CM/192.168.1.9:9092) could not be established. Broker may not be available.
2026-05-10 02:10:48 [INFO] [Consumer clientId=consumer-school-group-2, groupId=school-group] Error sending fetch request (sessionId=1999736093, epoch=INITIAL) to node 0:
org.apache.kafka.common.errors.DisconnectException: null
2026-05-10 02:10:51 [INFO] [Consumer clientId=consumer-school-group-2, groupId=school-group] Node 0 disconnected.
2026-05-10 02:10:51 [WARN] [Consumer clientId=consumer-school-group-2, groupId=school-group] Connection to node 0 (DESKTOP-8IHU6CM/192.168.56.1:9092) could not be established. Broker may not be available.
2026-05-10 02:10:51 [INFO] [Consumer clientId=consumer-school-group-2, groupId=school-group] Error sending fetch request (sessionId=1999736093, epoch=INITIAL) to node 0:
org.apache.kafka.common.errors.DisconnectException: null
2026-05-10 02:10:54 [INFO] [Consumer clientId=consumer-school-group-2, groupId=school-group] Node 0 disconnected.
2026-05-10 02:10:54 [WARN] [Consumer clientId=consumer-school-group-2, groupId=school-group] Connection to node 0 (DESKTOP-8IHU6CM/192.168.137.1:9092) could not be established. Broker may not be available.
2026-05-10 02:10:57 [INFO] [Consumer clientId=consumer-school-group-2, groupId=school-group] Node 0 disconnected.
2026-05-10 02:10:57 [WARN] [Consumer clientId=consumer-school-group-2, groupId=school-group] Connection to node 0 (DESKTOP-8IHU6CM/192.168.1.9:9092) could not be established. Broker may not be available.
2026-05-10 02:10:57 [INFO] [Consumer clientId=consumer-school-group-2, groupId=school-group] Error sending fetch request (sessionId=1999736093, epoch=INITIAL) to node 0:
org.apache.kafka.common.errors.DisconnectException: null
2026-05-10 02:11:00 [INFO] [Consumer clientId=consumer-school-group-2, groupId=school-group] Node 0 disconnected.
2026-05-10 02:11:00 [WARN] [Consumer clientId=consumer-school-group-2, groupId=school-group] Connection to node 0 (DESKTOP-8IHU6CM/192.168.56.1:9092) could not be established. Broker may not be available.
2026-05-10 02:11:03 [INFO] [Consumer clientId=consumer-school-group-2, groupId=school-group] Node 0 disconnected.
2026-05-10 02:11:03 [WARN] [Consumer clientId=consumer-school-group-2, groupId=school-group] Connection to node 0 (DESKTOP-8IHU6CM/192.168.137.1:9092) could not be established. Broker may not be available.
2026-05-10 02:11:06 [INFO] [Consumer clientId=consumer-school-group-2, groupId=school-group] Node 0 disconnected.
2026-05-10 02:11:06 [WARN] [Consumer clientId=consumer-school-group-2, groupId=school-group] Connection to node 0 (DESKTOP-8IHU6CM/192.168.1.9:9092) could not be established. Broker may not be available.
2026-05-10 02:11:06 [INFO] [Consumer clientId=consumer-school-group-2, groupId=school-group] Error sending fetch request (sessionId=1999736093, epoch=INITIAL) to node 0:
org.apache.kafka.common.errors.DisconnectException: null
2026-05-10 02:11:09 [INFO] [Consumer clientId=consumer-school-group-2, groupId=school-group] Node 0 disconnected.
2026-05-10 02:11:09 [WARN] [Consumer clientId=consumer-school-group-2, groupId=school-group] Connection to node 0 (DESKTOP-8IHU6CM/192.168.56.1:9092) could not be established. Broker may not be available.
2026-05-10 02:11:12 [INFO] [Consumer clientId=consumer-school-group-2, groupId=school-group] Node 0 disconnected.
2026-05-10 02:11:12 [WARN] [Consumer clientId=consumer-school-group-2, groupId=school-group] Connection to node 0 (DESKTOP-8IHU6CM/192.168.137.1:9092) could not be established. Broker may not be available.
2026-05-10 02:11:12 [INFO] [Consumer clientId=consumer-school-group-2, groupId=school-group] Error sending fetch request (sessionId=1999736093, epoch=INITIAL) to node 0:
org.apache.kafka.common.errors.DisconnectException: null
2026-05-10 02:11:15 [INFO] [Consumer clientId=consumer-school-group-2, groupId=school-group] Node 0 disconnected.
2026-05-10 02:11:15 [WARN] [Consumer clientId=consumer-school-group-2, groupId=school-group] Connection to node 0 (DESKTOP-8IHU6CM/192.168.1.9:9092) could not be established. Broker may not be available.
2026-05-10 02:11:18 [INFO] [Consumer clientId=consumer-school-group-2, groupId=school-group] Node 0 disconnected.
2026-05-10 02:11:18 [WARN] [Consumer clientId=consumer-school-group-2, groupId=school-group] Connection to node 0 (DESKTOP-8IHU6CM/192.168.56.1:9092) could not be established. Broker may not be available.
2026-05-10 02:11:21 [INFO] [Consumer clientId=consumer-school-group-2, groupId=school-group] Node 0 disconnected.
2026-05-10 02:11:21 [WARN] [Consumer clientId=consumer-school-group-2, groupId=school-group] Connection to node 0 (DESKTOP-8IHU6CM/192.168.137.1:9092) could not be established. Broker may not be available.
2026-05-10 02:11:21 [INFO] [Consumer clientId=consumer-school-group-2, groupId=school-group] Error sending fetch request (sessionId=1999736093, epoch=INITIAL) to node 0:
org.apache.kafka.common.errors.DisconnectException: null
2026-05-10 02:11:24 [INFO] [Consumer clientId=consumer-school-group-2, groupId=school-group] Node 0 disconnected.
2026-05-10 02:11:24 [WARN] [Consumer clientId=consumer-school-group-2, groupId=school-group] Connection to node 0 (DESKTOP-8IHU6CM/192.168.1.9:9092) could not be established. Broker may not be available.
2026-05-10 02:11:27 [INFO] [Consumer clientId=consumer-school-group-2, groupId=school-group] Node 0 disconnected.
2026-05-10 02:11:27 [WARN] [Consumer clientId=consumer-school-group-2, groupId=school-group] Connection to node 0 (DESKTOP-8IHU6CM/192.168.56.1:9092) could not be established. Broker may not be available.
2026-05-10 02:11:27 [INFO] [Consumer clientId=consumer-school-group-2, groupId=school-group] Error sending fetch request (sessionId=1999736093, epoch=INITIAL) to node 0:
org.apache.kafka.common.errors.DisconnectException: null
2026-05-10 02:11:31 [INFO] [Consumer clientId=consumer-school-group-2, groupId=school-group] Node 0 disconnected.
2026-05-10 02:11:31 [WARN] [Consumer clientId=consumer-school-group-2, groupId=school-group] Connection to node 0 (DESKTOP-8IHU6CM/192.168.137.1:9092) could not be established. Broker may not be available.
2026-05-10 02:11:34 [INFO] [Consumer clientId=consumer-school-group-2, groupId=school-group] Node 0 disconnected.
2026-05-10 02:11:34 [WARN] [Consumer clientId=consumer-school-group-2, groupId=school-group] Connection to node 0 (DESKTOP-8IHU6CM/192.168.1.9:9092) could not be established. Broker may not be available.
2026-05-10 02:11:37 [INFO] [Consumer clientId=consumer-school-group-2, groupId=school-group] Node 0 disconnected.
2026-05-10 02:11:37 [WARN] [Consumer clientId=consumer-school-group-2, groupId=school-group] Connection to node 0 (DESKTOP-8IHU6CM/192.168.56.1:9092) could not be established. Broker may not be available.
2026-05-10 02:11:37 [INFO] [Consumer clientId=consumer-school-group-2, groupId=school-group] Error sending fetch request (sessionId=1999736093, epoch=INITIAL) to node 0:
org.apache.kafka.common.errors.DisconnectException: null
2026-05-10 02:11:40 [INFO] [Consumer clientId=consumer-school-group-2, groupId=school-group] Node 0 disconnected.
2026-05-10 02:11:40 [WARN] [Consumer clientId=consumer-school-group-2, groupId=school-group] Connection to node 0 (DESKTOP-8IHU6CM/192.168.137.1:9092) could not be established. Broker may not be available.
2026-05-10 02:11:43 [INFO] [Consumer clientId=consumer-school-group-2, groupId=school-group] Node 0 disconnected.
2026-05-10 02:11:43 [WARN] [Consumer clientId=consumer-school-group-2, groupId=school-group] Connection to node 0 (DESKTOP-8IHU6CM/192.168.1.9:9092) could not be established. Broker may not be available.
2026-05-10 02:11:46 [INFO] [Consumer clientId=consumer-school-group-2, groupId=school-group] Node 0 disconnected.
2026-05-10 02:11:46 [WARN] [Consumer clientId=consumer-school-group-2, groupId=school-group] Connection to node 0 (DESKTOP-8IHU6CM/192.168.56.1:9092) could not be established. Broker may not be available.
2026-05-10 02:11:46 [INFO] [Consumer clientId=consumer-school-group-2, groupId=school-group] Error sending fetch request (sessionId=1999736093, epoch=INITIAL) to node 0:
org.apache.kafka.common.errors.DisconnectException: null
2026-05-10 02:11:49 [INFO] [Consumer clientId=consumer-school-group-2, groupId=school-group] Node 0 disconnected.
2026-05-10 02:11:49 [WARN] [Consumer clientId=consumer-school-group-2, groupId=school-group] Connection to node 0 (DESKTOP-8IHU6CM/192.168.137.1:9092) could not be established. Broker may not be available.
2026-05-10 02:11:52 [INFO] [Consumer clientId=consumer-school-group-2, groupId=school-group] Node 0 disconnected.
2026-05-10 02:11:52 [WARN] [Consumer clientId=consumer-school-group-2, groupId=school-group] Connection to node 0 (DESKTOP-8IHU6CM/192.168.1.9:9092) could not be established. Broker may not be available.
2026-05-10 02:11:52 [INFO] [Consumer clientId=consumer-school-group-2, groupId=school-group] Error sending fetch request (sessionId=1999736093, epoch=INITIAL) to node 0:
org.apache.kafka.common.errors.DisconnectException: null
2026-05-10 02:11:55 [INFO] [Consumer clientId=consumer-school-group-2, groupId=school-group] Node 0 disconnected.
2026-05-10 02:11:55 [WARN] [Consumer clientId=consumer-school-group-2, groupId=school-group] Connection to node 0 (DESKTOP-8IHU6CM/192.168.56.1:9092) could not be established. Broker may not be available.
2026-05-10 02:11:58 [INFO] [Consumer clientId=consumer-school-group-2, groupId=school-group] Node 0 disconnected.
2026-05-10 02:11:58 [WARN] [Consumer clientId=consumer-school-group-2, groupId=school-group] Connection to node 0 (DESKTOP-8IHU6CM/192.168.137.1:9092) could not be established. Broker may not be available.
2026-05-10 02:12:02 [INFO] [Consumer clientId=consumer-school-group-2, groupId=school-group] Node 0 disconnected.
2026-05-10 02:12:02 [WARN] [Consumer clientId=consumer-school-group-2, groupId=school-group] Connection to node 0 (DESKTOP-8IHU6CM/192.168.1.9:9092) could not be established. Broker may not be available.
2026-05-10 02:12:02 [INFO] [Consumer clientId=consumer-school-group-2, groupId=school-group] Error sending fetch request (sessionId=1999736093, epoch=INITIAL) to node 0:
org.apache.kafka.common.errors.DisconnectException: null
2026-05-10 02:12:05 [INFO] [Consumer clientId=consumer-school-group-2, groupId=school-group] Node 0 disconnected.
2026-05-10 02:12:05 [WARN] [Consumer clientId=consumer-school-group-2, groupId=school-group] Connection to node 0 (DESKTOP-8IHU6CM/192.168.56.1:9092) could not be established. Broker may not be available.
2026-05-10 02:12:08 [INFO] [Consumer clientId=consumer-school-group-2, groupId=school-group] Node 0 disconnected.
2026-05-10 02:12:08 [WARN] [Consumer clientId=consumer-school-group-2, groupId=school-group] Connection to node 0 (DESKTOP-8IHU6CM/192.168.137.1:9092) could not be established. Broker may not be available.
2026-05-10 02:12:11 [INFO] [Consumer clientId=consumer-school-group-2, groupId=school-group] Node 0 disconnected.
2026-05-10 02:12:11 [WARN] [Consumer clientId=consumer-school-group-2, groupId=school-group] Connection to node 0 (DESKTOP-8IHU6CM/192.168.1.9:9092) could not be established. Broker may not be available.
2026-05-10 02:12:11 [INFO] [Consumer clientId=consumer-school-group-2, groupId=school-group] Error sending fetch request (sessionId=1999736093, epoch=INITIAL) to node 0:
org.apache.kafka.common.errors.DisconnectException: null
2026-05-10 02:12:14 [INFO] [Consumer clientId=consumer-school-group-2, groupId=school-group] Node 0 disconnected.
2026-05-10 02:12:14 [WARN] [Consumer clientId=consumer-school-group-2, groupId=school-group] Connection to node 0 (DESKTOP-8IHU6CM/192.168.56.1:9092) could not be established. Broker may not be available.
2026-05-10 02:12:17 [INFO] [Consumer clientId=consumer-school-group-2, groupId=school-group] Node 0 disconnected.
2026-05-10 02:12:17 [WARN] [Consumer clientId=consumer-school-group-2, groupId=school-group] Connection to node 0 (DESKTOP-8IHU6CM/192.168.137.1:9092) could not be established. Broker may not be available.
2026-05-10 02:12:17 [INFO] [Consumer clientId=consumer-school-group-2, groupId=school-group] Error sending fetch request (sessionId=1999736093, epoch=INITIAL) to node 0:
org.apache.kafka.common.errors.DisconnectException: null
2026-05-10 02:12:20 [INFO] [Consumer clientId=consumer-school-group-2, groupId=school-group] Node 0 disconnected.
2026-05-10 02:12:20 [WARN] [Consumer clientId=consumer-school-group-2, groupId=school-group] Connection to node 0 (DESKTOP-8IHU6CM/192.168.1.9:9092) could not be established. Broker may not be available.
2026-05-10 02:12:23 [INFO] [Consumer clientId=consumer-school-group-2, groupId=school-group] Node 0 disconnected.
2026-05-10 02:12:23 [WARN] [Consumer clientId=consumer-school-group-2, groupId=school-group] Connection to node 0 (DESKTOP-8IHU6CM/192.168.56.1:9092) could not be established. Broker may not be available.
2026-05-10 02:12:26 [INFO] [Consumer clientId=consumer-school-group-2, groupId=school-group] Node 0 disconnected.
2026-05-10 02:12:26 [WARN] [Consumer clientId=consumer-school-group-2, groupId=school-group] Connection to node 0 (DESKTOP-8IHU6CM/192.168.137.1:9092) could not be established. Broker may not be available.
2026-05-10 02:12:26 [INFO] [Consumer clientId=consumer-school-group-2, groupId=school-group] Error sending fetch request (sessionId=1999736093, epoch=INITIAL) to node 0:
org.apache.kafka.common.errors.DisconnectException: null
2026-05-10 02:12:29 [INFO] [Consumer clientId=consumer-school-group-2, groupId=school-group] Node 0 disconnected.
2026-05-10 02:12:29 [WARN] [Consumer clientId=consumer-school-group-2, groupId=school-group] Connection to node 0 (DESKTOP-8IHU6CM/192.168.1.9:9092) could not be established. Broker may not be available.
2026-05-10 02:12:33 [INFO] [Consumer clientId=consumer-school-group-2, groupId=school-group] Node 0 disconnected.
2026-05-10 02:12:33 [WARN] [Consumer clientId=consumer-school-group-2, groupId=school-group] Connection to node 0 (DESKTOP-8IHU6CM/192.168.56.1:9092) could not be established. Broker may not be available.
2026-05-10 02:12:33 [INFO] [Consumer clientId=consumer-school-group-2, groupId=school-group] Error sending fetch request (sessionId=1999736093, epoch=INITIAL) to node 0:
org.apache.kafka.common.errors.DisconnectException: null
2026-05-10 02:12:36 [INFO] [Consumer clientId=consumer-school-group-2, groupId=school-group] Node 0 disconnected.
2026-05-10 02:12:36 [WARN] [Consumer clientId=consumer-school-group-2, groupId=school-group] Connection to node 0 (DESKTOP-8IHU6CM/192.168.137.1:9092) could not be established. Broker may not be available.
2026-05-10 02:12:39 [INFO] [Consumer clientId=consumer-school-group-2, groupId=school-group] Node 0 disconnected.
2026-05-10 02:12:39 [WARN] [Consumer clientId=consumer-school-group-2, groupId=school-group] Connection to node 0 (DESKTOP-8IHU6CM/192.168.1.9:9092) could not be established. Broker may not be available.
2026-05-10 02:12:42 [INFO] [Consumer clientId=consumer-school-group-2, groupId=school-group] Node 0 disconnected.
2026-05-10 02:12:42 [WARN] [Consumer clientId=consumer-school-group-2, groupId=school-group] Connection to node 0 (DESKTOP-8IHU6CM/192.168.56.1:9092) could not be established. Broker may not be available.
2026-05-10 02:12:42 [INFO] [Consumer clientId=consumer-school-group-2, groupId=school-group] Error sending fetch request (sessionId=1999736093, epoch=INITIAL) to node 0:
org.apache.kafka.common.errors.DisconnectException: null
2026-05-10 02:12:45 [INFO] [Consumer clientId=consumer-school-group-2, groupId=school-group] Node 0 disconnected.
2026-05-10 02:12:45 [WARN] [Consumer clientId=consumer-school-group-2, groupId=school-group] Connection to node 0 (DESKTOP-8IHU6CM/192.168.137.1:9092) could not be established. Broker may not be available.
2026-05-10 02:12:48 [INFO] [Consumer clientId=consumer-school-group-2, groupId=school-group] Node 0 disconnected.
2026-05-10 02:12:48 [WARN] [Consumer clientId=consumer-school-group-2, groupId=school-group] Connection to node 0 (DESKTOP-8IHU6CM/192.168.1.9:9092) could not be established. Broker may not be available.
2026-05-10 02:12:51 [INFO] [Consumer clientId=consumer-school-group-2, groupId=school-group] Node 0 disconnected.
2026-05-10 02:12:51 [WARN] [Consumer clientId=consumer-school-group-2, groupId=school-group] Connection to node 0 (DESKTOP-8IHU6CM/192.168.56.1:9092) could not be established. Broker may not be available.
2026-05-10 02:12:51 [INFO] [Consumer clientId=consumer-school-group-2, groupId=school-group] Error sending fetch request (sessionId=1999736093, epoch=INITIAL) to node 0:
org.apache.kafka.common.errors.DisconnectException: null
2026-05-10 02:12:54 [INFO] [Consumer clientId=consumer-school-group-2, groupId=school-group] Node 0 disconnected.
2026-05-10 02:12:54 [WARN] [Consumer clientId=consumer-school-group-2, groupId=school-group] Connection to node 0 (DESKTOP-8IHU6CM/192.168.137.1:9092) could not be established. Broker may not be available.
2026-05-10 02:12:57 [INFO] [Consumer clientId=consumer-school-group-2, groupId=school-group] Node 0 disconnected.
2026-05-10 02:12:57 [WARN] [Consumer clientId=consumer-school-group-2, groupId=school-group] Connection to node 0 (DESKTOP-8IHU6CM/192.168.1.9:9092) could not be established. Broker may not be available.
2026-05-10 02:12:57 [INFO] [Consumer clientId=consumer-school-group-2, groupId=school-group] Error sending fetch request (sessionId=1999736093, epoch=INITIAL) to node 0:
org.apache.kafka.common.errors.DisconnectException: null
2026-05-10 02:13:00 [INFO] [Consumer clientId=consumer-school-group-2, groupId=school-group] Node 0 disconnected.
2026-05-10 02:13:00 [WARN] [Consumer clientId=consumer-school-group-2, groupId=school-group] Connection to node 0 (DESKTOP-8IHU6CM/192.168.56.1:9092) could not be established. Broker may not be available.
2026-05-10 02:13:03 [INFO] [Consumer clientId=consumer-school-group-2, groupId=school-group] Node 0 disconnected.
2026-05-10 02:13:03 [WARN] [Consumer clientId=consumer-school-group-2, groupId=school-group] Connection to node 0 (DESKTOP-8IHU6CM/192.168.137.1:9092) could not be established. Broker may not be available.
2026-05-10 02:13:06 [INFO] [Consumer clientId=consumer-school-group-2, groupId=school-group] Node 0 disconnected.
2026-05-10 02:13:06 [WARN] [Consumer clientId=consumer-school-group-2, groupId=school-group] Connection to node 0 (DESKTOP-8IHU6CM/192.168.1.9:9092) could not be established. Broker may not be available.
2026-05-10 02:13:06 [INFO] [Consumer clientId=consumer-school-group-2, groupId=school-group] Error sending fetch request (sessionId=1999736093, epoch=INITIAL) to node 0:
org.apache.kafka.common.errors.DisconnectException: null
2026-05-10 02:13:09 [INFO] [Consumer clientId=consumer-school-group-2, groupId=school-group] Node 0 disconnected.
2026-05-10 02:13:09 [WARN] [Consumer clientId=consumer-school-group-2, groupId=school-group] Connection to node 0 (DESKTOP-8IHU6CM/192.168.56.1:9092) could not be established. Broker may not be available.
2026-05-10 02:13:12 [INFO] [Consumer clientId=consumer-school-group-2, groupId=school-group] Node 0 disconnected.
2026-05-10 02:13:12 [WARN] [Consumer clientId=consumer-school-group-2, groupId=school-group] Connection to node 0 (DESKTOP-8IHU6CM/192.168.137.1:9092) could not be established. Broker may not be available.
2026-05-10 02:13:12 [INFO] [Consumer clientId=consumer-school-group-2, groupId=school-group] Error sending fetch request (sessionId=1999736093, epoch=INITIAL) to node 0:
org.apache.kafka.common.errors.DisconnectException: null
2026-05-10 02:13:15 [INFO] [Consumer clientId=consumer-school-group-2, groupId=school-group] Node 0 disconnected.
2026-05-10 02:13:15 [WARN] [Consumer clientId=consumer-school-group-2, groupId=school-group] Connection to node 0 (DESKTOP-8IHU6CM/192.168.1.9:9092) could not be established. Broker may not be available.
2026-05-10 02:13:18 [INFO] [Consumer clientId=consumer-school-group-2, groupId=school-group] Node 0 disconnected.
2026-05-10 02:13:18 [WARN] [Consumer clientId=consumer-school-group-2, groupId=school-group] Connection to node 0 (DESKTOP-8IHU6CM/192.168.56.1:9092) could not be established. Broker may not be available.
2026-05-10 02:13:22 [INFO] [Consumer clientId=consumer-school-group-2, groupId=school-group] Node 0 disconnected.
2026-05-10 02:13:22 [WARN] [Consumer clientId=consumer-school-group-2, groupId=school-group] Connection to node 0 (DESKTOP-8IHU6CM/192.168.137.1:9092) could not be established. Broker may not be available.
2026-05-10 02:13:22 [INFO] [Consumer clientId=consumer-school-group-2, groupId=school-group] Error sending fetch request (sessionId=1999736093, epoch=INITIAL) to node 0:
org.apache.kafka.common.errors.DisconnectException: null
2026-05-10 02:13:25 [INFO] [Consumer clientId=consumer-school-group-2, groupId=school-group] Node 0 disconnected.
2026-05-10 02:13:25 [WARN] [Consumer clientId=consumer-school-group-2, groupId=school-group] Connection to node 0 (DESKTOP-8IHU6CM/192.168.1.9:9092) could not be established. Broker may not be available.
2026-05-10 02:13:28 [INFO] [Consumer clientId=consumer-school-group-2, groupId=school-group] Node 0 disconnected.
2026-05-10 02:13:28 [WARN] [Consumer clientId=consumer-school-group-2, groupId=school-group] Connection to node 0 (DESKTOP-8IHU6CM/192.168.56.1:9092) could not be established. Broker may not be available.
2026-05-10 02:13:28 [INFO] [Consumer clientId=consumer-school-group-2, groupId=school-group] Error sending fetch request (sessionId=1999736093, epoch=INITIAL) to node 0:
org.apache.kafka.common.errors.DisconnectException: null
2026-05-10 02:13:31 [INFO] [Consumer clientId=consumer-school-group-2, groupId=school-group] Node 0 disconnected.
2026-05-10 02:13:31 [WARN] [Consumer clientId=consumer-school-group-2, groupId=school-group] Connection to node 0 (DESKTOP-8IHU6CM/192.168.137.1:9092) could not be established. Broker may not be available.
2026-05-10 02:13:31 [INFO] [Consumer clientId=consumer-school-group-2, groupId=school-group] Error sending fetch request (sessionId=1999736093, epoch=INITIAL) to node 0:
org.apache.kafka.common.errors.DisconnectException: null
2026-05-10 02:13:34 [INFO] [Consumer clientId=consumer-school-group-2, groupId=school-group] Node 0 disconnected.
2026-05-10 02:13:34 [WARN] [Consumer clientId=consumer-school-group-2, groupId=school-group] Connection to node 0 (DESKTOP-8IHU6CM/192.168.1.9:9092) could not be established. Broker may not be available.
2026-05-10 02:13:37 [INFO] [Consumer clientId=consumer-school-group-2, groupId=school-group] Node 0 disconnected.
2026-05-10 02:13:37 [WARN] [Consumer clientId=consumer-school-group-2, groupId=school-group] Connection to node 0 (DESKTOP-8IHU6CM/192.168.56.1:9092) could not be established. Broker may not be available.
2026-05-10 02:13:37 [INFO] [Consumer clientId=consumer-school-group-2, groupId=school-group] Error sending fetch request (sessionId=1999736093, epoch=INITIAL) to node 0:
org.apache.kafka.common.errors.DisconnectException: null
2026-05-10 02:13:40 [INFO] [Consumer clientId=consumer-school-group-2, groupId=school-group] Node 0 disconnected.
2026-05-10 02:13:40 [WARN] [Consumer clientId=consumer-school-group-2, groupId=school-group] Connection to node 0 (DESKTOP-8IHU6CM/192.168.137.1:9092) could not be established. Broker may not be available.
2026-05-10 02:13:43 [INFO] [Consumer clientId=consumer-school-group-2, groupId=school-group] Node 0 disconnected.
2026-05-10 02:13:43 [WARN] [Consumer clientId=consumer-school-group-2, groupId=school-group] Connection to node 0 (DESKTOP-8IHU6CM/192.168.1.9:9092) could not be established. Broker may not be available.
2026-05-10 02:13:46 [INFO] [Consumer clientId=consumer-school-group-2, groupId=school-group] Node 0 disconnected.
2026-05-10 02:13:46 [WARN] [Consumer clientId=consumer-school-group-2, groupId=school-group] Connection to node 0 (DESKTOP-8IHU6CM/192.168.56.1:9092) could not be established. Broker may not be available.
2026-05-10 02:13:46 [INFO] [Consumer clientId=consumer-school-group-2, groupId=school-group] Error sending fetch request (sessionId=1999736093, epoch=INITIAL) to node 0:
org.apache.kafka.common.errors.DisconnectException: null
2026-05-10 02:13:49 [INFO] [Consumer clientId=consumer-school-group-2, groupId=school-group] Node 0 disconnected.
2026-05-10 02:13:49 [WARN] [Consumer clientId=consumer-school-group-2, groupId=school-group] Connection to node 0 (DESKTOP-8IHU6CM/192.168.137.1:9092) could not be established. Broker may not be available.
2026-05-10 02:13:52 [INFO] [Consumer clientId=consumer-school-group-2, groupId=school-group] Node 0 disconnected.
2026-05-10 02:13:52 [WARN] [Consumer clientId=consumer-school-group-2, groupId=school-group] Connection to node 0 (DESKTOP-8IHU6CM/192.168.1.9:9092) could not be established. Broker may not be available.
2026-05-10 02:13:52 [INFO] [Consumer clientId=consumer-school-group-2, groupId=school-group] Error sending fetch request (sessionId=1999736093, epoch=INITIAL) to node 0:
org.apache.kafka.common.errors.DisconnectException: null
2026-05-10 02:13:55 [INFO] [Consumer clientId=consumer-school-group-2, groupId=school-group] Node 0 disconnected.
2026-05-10 02:13:55 [WARN] [Consumer clientId=consumer-school-group-2, groupId=school-group] Connection to node 0 (DESKTOP-8IHU6CM/192.168.56.1:9092) could not be established. Broker may not be available.
2026-05-10 02:13:59 [INFO] [Consumer clientId=consumer-school-group-2, groupId=school-group] Node 0 disconnected.
2026-05-10 02:13:59 [WARN] [Consumer clientId=consumer-school-group-2, groupId=school-group] Connection to node 0 (DESKTOP-8IHU6CM/192.168.137.1:9092) could not be established. Broker may not be available.
2026-05-10 02:14:02 [INFO] [Consumer clientId=consumer-school-group-2, groupId=school-group] Node 0 disconnected.
2026-05-10 02:14:02 [WARN] [Consumer clientId=consumer-school-group-2, groupId=school-group] Connection to node 0 (DESKTOP-8IHU6CM/192.168.1.9:9092) could not be established. Broker may not be available.
2026-05-10 02:14:02 [INFO] [Consumer clientId=consumer-school-group-2, groupId=school-group] Error sending fetch request (sessionId=1999736093, epoch=INITIAL) to node 0:
org.apache.kafka.common.errors.DisconnectException: null
2026-05-10 02:14:05 [INFO] [Consumer clientId=consumer-school-group-2, groupId=school-group] Node 0 disconnected.
2026-05-10 02:14:05 [WARN] [Consumer clientId=consumer-school-group-2, groupId=school-group] Connection to node 0 (DESKTOP-8IHU6CM/192.168.56.1:9092) could not be established. Broker may not be available.
2026-05-10 02:14:08 [INFO] [Consumer clientId=consumer-school-group-2, groupId=school-group] Node 0 disconnected.
2026-05-10 02:14:08 [WARN] [Consumer clientId=consumer-school-group-2, groupId=school-group] Connection to node 0 (DESKTOP-8IHU6CM/192.168.137.1:9092) could not be established. Broker may not be available.
2026-05-10 02:14:08 [INFO] [Consumer clientId=consumer-school-group-2, groupId=school-group] Error sending fetch request (sessionId=1999736093, epoch=INITIAL) to node 0:
org.apache.kafka.common.errors.DisconnectException: null
2026-05-10 02:14:11 [INFO] [Consumer clientId=consumer-school-group-2, groupId=school-group] Node 0 disconnected.
2026-05-10 02:14:11 [WARN] [Consumer clientId=consumer-school-group-2, groupId=school-group] Connection to node 0 (DESKTOP-8IHU6CM/192.168.1.9:9092) could not be established. Broker may not be available.
2026-05-10 02:14:14 [INFO] [Consumer clientId=consumer-school-group-2, groupId=school-group] Node 0 disconnected.
2026-05-10 02:14:14 [WARN] [Consumer clientId=consumer-school-group-2, groupId=school-group] Connection to node 0 (DESKTOP-8IHU6CM/192.168.56.1:9092) could not be established. Broker may not be available.
2026-05-10 02:14:17 [INFO] [Consumer clientId=consumer-school-group-2, groupId=school-group] Node 0 disconnected.
2026-05-10 02:14:17 [WARN] [Consumer clientId=consumer-school-group-2, groupId=school-group] Connection to node 0 (DESKTOP-8IHU6CM/192.168.137.1:9092) could not be established. Broker may not be available.
2026-05-10 02:14:17 [INFO] [Consumer clientId=consumer-school-group-2, groupId=school-group] Error sending fetch request (sessionId=1999736093, epoch=INITIAL) to node 0:
org.apache.kafka.common.errors.DisconnectException: null
2026-05-10 02:14:21 [INFO] [Consumer clientId=consumer-school-group-2, groupId=school-group] Node 0 disconnected.
2026-05-10 02:14:21 [WARN] [Consumer clientId=consumer-school-group-2, groupId=school-group] Connection to node 0 (DESKTOP-8IHU6CM/192.168.1.9:9092) could not be established. Broker may not be available.
2026-05-10 02:14:24 [INFO] [Consumer clientId=consumer-school-group-2, groupId=school-group] Node 0 disconnected.
2026-05-10 02:14:24 [WARN] [Consumer clientId=consumer-school-group-2, groupId=school-group] Connection to node 0 (DESKTOP-8IHU6CM/192.168.56.1:9092) could not be established. Broker may not be available.
2026-05-10 02:14:27 [INFO] [Consumer clientId=consumer-school-group-2, groupId=school-group] Node 0 disconnected.
2026-05-10 02:14:27 [WARN] [Consumer clientId=consumer-school-group-2, groupId=school-group] Connection to node 0 (DESKTOP-8IHU6CM/192.168.137.1:9092) could not be established. Broker may not be available.
2026-05-10 02:14:27 [INFO] [Consumer clientId=consumer-school-group-2, groupId=school-group] Error sending fetch request (sessionId=1999736093, epoch=INITIAL) to node 0:
org.apache.kafka.common.errors.DisconnectException: null
2026-05-10 02:14:30 [INFO] [Consumer clientId=consumer-school-group-2, groupId=school-group] Node 0 disconnected.
2026-05-10 02:14:30 [WARN] [Consumer clientId=consumer-school-group-2, groupId=school-group] Connection to node 0 (DESKTOP-8IHU6CM/192.168.1.9:9092) could not be established. Broker may not be available.
2026-05-10 02:14:33 [INFO] [Consumer clientId=consumer-school-group-2, groupId=school-group] Node 0 disconnected.
2026-05-10 02:14:33 [WARN] [Consumer clientId=consumer-school-group-2, groupId=school-group] Connection to node 0 (DESKTOP-8IHU6CM/192.168.56.1:9092) could not be established. Broker may not be available.
2026-05-10 02:14:36 [INFO] [Consumer clientId=consumer-school-group-2, groupId=school-group] Node 0 disconnected.
2026-05-10 02:14:36 [WARN] [Consumer clientId=consumer-school-group-2, groupId=school-group] Connection to node 0 (DESKTOP-8IHU6CM/192.168.137.1:9092) could not be established. Broker may not be available.
2026-05-10 02:14:36 [INFO] [Consumer clientId=consumer-school-group-2, groupId=school-group] Error sending fetch request (sessionId=1999736093, epoch=INITIAL) to node 0:
org.apache.kafka.common.errors.DisconnectException: null
2026-05-10 02:14:39 [INFO] [Consumer clientId=consumer-school-group-2, groupId=school-group] Node 0 disconnected.
2026-05-10 02:14:39 [WARN] [Consumer clientId=consumer-school-group-2, groupId=school-group] Connection to node 0 (DESKTOP-8IHU6CM/192.168.1.9:9092) could not be established. Broker may not be available.
2026-05-10 02:14:42 [INFO] [Consumer clientId=consumer-school-group-2, groupId=school-group] Node 0 disconnected.
2026-05-10 02:14:42 [WARN] [Consumer clientId=consumer-school-group-2, groupId=school-group] Connection to node 0 (DESKTOP-8IHU6CM/192.168.56.1:9092) could not be established. Broker may not be available.
2026-05-10 02:14:42 [INFO] [Consumer clientId=consumer-school-group-2, groupId=school-group] Error sending fetch request (sessionId=1999736093, epoch=INITIAL) to node 0:
org.apache.kafka.common.errors.DisconnectException: null
2026-05-10 02:14:45 [INFO] [Consumer clientId=consumer-school-group-2, groupId=school-group] Node 0 disconnected.
2026-05-10 02:14:45 [WARN] [Consumer clientId=consumer-school-group-2, groupId=school-group] Connection to node 0 (DESKTOP-8IHU6CM/192.168.137.1:9092) could not be established. Broker may not be available.
2026-05-10 02:14:48 [INFO] [Consumer clientId=consumer-school-group-2, groupId=school-group] Node 0 disconnected.
2026-05-10 02:14:48 [WARN] [Consumer clientId=consumer-school-group-2, groupId=school-group] Connection to node 0 (DESKTOP-8IHU6CM/192.168.1.9:9092) could not be established. Broker may not be available.
2026-05-10 02:14:52 [INFO] [Consumer clientId=consumer-school-group-2, groupId=school-group] Node 0 disconnected.
2026-05-10 02:14:52 [WARN] [Consumer clientId=consumer-school-group-2, groupId=school-group] Connection to node 0 (DESKTOP-8IHU6CM/192.168.56.1:9092) could not be established. Broker may not be available.
2026-05-10 02:14:52 [INFO] [Consumer clientId=consumer-school-group-2, groupId=school-group] Error sending fetch request (sessionId=1999736093, epoch=INITIAL) to node 0:
org.apache.kafka.common.errors.DisconnectException: null
2026-05-10 02:14:55 [INFO] [Consumer clientId=consumer-school-group-2, groupId=school-group] Node 0 disconnected.
2026-05-10 02:14:55 [WARN] [Consumer clientId=consumer-school-group-2, groupId=school-group] Connection to node 0 (DESKTOP-8IHU6CM/192.168.137.1:9092) could not be established. Broker may not be available.
2026-05-10 02:14:58 [INFO] [Consumer clientId=consumer-school-group-2, groupId=school-group] Node 0 disconnected.
2026-05-10 02:14:58 [WARN] [Consumer clientId=consumer-school-group-2, groupId=school-group] Connection to node 0 (DESKTOP-8IHU6CM/192.168.1.9:9092) could not be established. Broker may not be available.
2026-05-10 02:14:58 [INFO] [Consumer clientId=consumer-school-group-2, groupId=school-group] Error sending fetch request (sessionId=1999736093, epoch=INITIAL) to node 0:
org.apache.kafka.common.errors.DisconnectException: null
2026-05-10 02:15:01 [INFO] [Consumer clientId=consumer-school-group-2, groupId=school-group] Node 0 disconnected.
2026-05-10 02:15:01 [WARN] [Consumer clientId=consumer-school-group-2, groupId=school-group] Connection to node 0 (DESKTOP-8IHU6CM/192.168.56.1:9092) could not be established. Broker may not be available.
2026-05-10 02:15:04 [INFO] [Consumer clientId=consumer-school-group-2, groupId=school-group] Node 0 disconnected.
2026-05-10 02:15:04 [WARN] [Consumer clientId=consumer-school-group-2, groupId=school-group] Connection to node 0 (DESKTOP-8IHU6CM/192.168.137.1:9092) could not be established. Broker may not be available.
2026-05-10 02:15:07 [INFO] [Consumer clientId=consumer-school-group-2, groupId=school-group] Node 0 disconnected.
2026-05-10 02:15:07 [WARN] [Consumer clientId=consumer-school-group-2, groupId=school-group] Connection to node 0 (DESKTOP-8IHU6CM/192.168.1.9:9092) could not be established. Broker may not be available.
2026-05-10 02:15:07 [INFO] [Consumer clientId=consumer-school-group-2, groupId=school-group] Error sending fetch request (sessionId=1999736093, epoch=INITIAL) to node 0:
org.apache.kafka.common.errors.DisconnectException: null
2026-05-10 02:15:10 [INFO] [Consumer clientId=consumer-school-group-2, groupId=school-group] Node 0 disconnected.
2026-05-10 02:15:10 [WARN] [Consumer clientId=consumer-school-group-2, groupId=school-group] Connection to node 0 (DESKTOP-8IHU6CM/192.168.56.1:9092) could not be established. Broker may not be available.
2026-05-10 02:15:13 [INFO] [Consumer clientId=consumer-school-group-2, groupId=school-group] Node 0 disconnected.
2026-05-10 02:15:13 [WARN] [Consumer clientId=consumer-school-group-2, groupId=school-group] Connection to node 0 (DESKTOP-8IHU6CM/192.168.137.1:9092) could not be established. Broker may not be available.
2026-05-10 02:15:13 [INFO] [Consumer clientId=consumer-school-group-2, groupId=school-group] Error sending fetch request (sessionId=1999736093, epoch=INITIAL) to node 0:
org.apache.kafka.common.errors.DisconnectException: null
2026-05-10 02:15:16 [INFO] [Consumer clientId=consumer-school-group-2, groupId=school-group] Node 0 disconnected.
2026-05-10 02:15:16 [WARN] [Consumer clientId=consumer-school-group-2, groupId=school-group] Connection to node 0 (DESKTOP-8IHU6CM/192.168.1.9:9092) could not be established. Broker may not be available.
2026-05-10 02:15:19 [INFO] [Consumer clientId=consumer-school-group-2, groupId=school-group] Node 0 disconnected.
2026-05-10 02:15:19 [WARN] [Consumer clientId=consumer-school-group-2, groupId=school-group] Connection to node 0 (DESKTOP-8IHU6CM/192.168.56.1:9092) could not be established. Broker may not be available.
2026-05-10 02:15:22 [INFO] [Consumer clientId=consumer-school-group-2, groupId=school-group] Node 0 disconnected.
2026-05-10 02:15:22 [WARN] [Consumer clientId=consumer-school-group-2, groupId=school-group] Connection to node 0 (DESKTOP-8IHU6CM/192.168.137.1:9092) could not be established. Broker may not be available.
2026-05-10 02:15:22 [INFO] [Consumer clientId=consumer-school-group-2, groupId=school-group] Error sending fetch request (sessionId=1999736093, epoch=INITIAL) to node 0:
org.apache.kafka.common.errors.DisconnectException: null
2026-05-10 02:15:25 [INFO] [Consumer clientId=consumer-school-group-2, groupId=school-group] Node 0 disconnected.
2026-05-10 02:15:25 [WARN] [Consumer clientId=consumer-school-group-2, groupId=school-group] Connection to node 0 (DESKTOP-8IHU6CM/192.168.1.9:9092) could not be established. Broker may not be available.
2026-05-10 02:15:28 [INFO] [Consumer clientId=consumer-school-group-2, groupId=school-group] Node 0 disconnected.
2026-05-10 02:15:28 [WARN] [Consumer clientId=consumer-school-group-2, groupId=school-group] Connection to node 0 (DESKTOP-8IHU6CM/192.168.56.1:9092) could not be established. Broker may not be available.
2026-05-10 02:15:28 [INFO] [Consumer clientId=consumer-school-group-2, groupId=school-group] Error sending fetch request (sessionId=1999736093, epoch=INITIAL) to node 0:
org.apache.kafka.common.errors.DisconnectException: null
2026-05-10 02:15:31 [INFO] [Consumer clientId=consumer-school-group-2, groupId=school-group] Node 0 disconnected.
2026-05-10 02:15:31 [WARN] [Consumer clientId=consumer-school-group-2, groupId=school-group] Connection to node 0 (DESKTOP-8IHU6CM/192.168.137.1:9092) could not be established. Broker may not be available.
2026-05-10 02:15:34 [INFO] [Consumer clientId=consumer-school-group-2, groupId=school-group] Node 0 disconnected.
2026-05-10 02:15:34 [WARN] [Consumer clientId=consumer-school-group-2, groupId=school-group] Connection to node 0 (DESKTOP-8IHU6CM/192.168.1.9:9092) could not be established. Broker may not be available.
2026-05-10 02:15:37 [INFO] [Consumer clientId=consumer-school-group-2, groupId=school-group] Node 0 disconnected.
2026-05-10 02:15:37 [WARN] [Consumer clientId=consumer-school-group-2, groupId=school-group] Connection to node 0 (DESKTOP-8IHU6CM/192.168.56.1:9092) could not be established. Broker may not be available.
2026-05-10 02:15:37 [INFO] [Consumer clientId=consumer-school-group-2, groupId=school-group] Error sending fetch request (sessionId=1999736093, epoch=INITIAL) to node 0:
org.apache.kafka.common.errors.DisconnectException: null
2026-05-10 02:15:40 [INFO] [Consumer clientId=consumer-school-group-2, groupId=school-group] Node 0 disconnected.
2026-05-10 02:15:40 [WARN] [Consumer clientId=consumer-school-group-2, groupId=school-group] Connection to node 0 (DESKTOP-8IHU6CM/192.168.137.1:9092) could not be established. Broker may not be available.
2026-05-10 02:15:44 [INFO] [Consumer clientId=consumer-school-group-2, groupId=school-group] Node 0 disconnected.
2026-05-10 02:15:44 [WARN] [Consumer clientId=consumer-school-group-2, groupId=school-group] Connection to node 0 (DESKTOP-8IHU6CM/192.168.1.9:9092) could not be established. Broker may not be available.
2026-05-10 02:15:46 [INFO] [Consumer clientId=consumer-school-group-2, groupId=school-group] Node 0 disconnected.
2026-05-10 02:15:46 [WARN] [Consumer clientId=consumer-school-group-2, groupId=school-group] Connection to node 0 (DESKTOP-8IHU6CM/192.168.56.1:9092) could not be established. Broker may not be available.
2026-05-10 02:15:46 [INFO] [Consumer clientId=consumer-school-group-2, groupId=school-group] Error sending fetch request (sessionId=1999736093, epoch=INITIAL) to node 0:
org.apache.kafka.common.errors.DisconnectException: null
2026-05-10 02:15:50 [INFO] [Consumer clientId=consumer-school-group-2, groupId=school-group] Node 0 disconnected.
2026-05-10 02:15:50 [WARN] [Consumer clientId=consumer-school-group-2, groupId=school-group] Connection to node 0 (DESKTOP-8IHU6CM/192.168.137.1:9092) could not be established. Broker may not be available.
2026-05-10 02:15:53 [INFO] [Consumer clientId=consumer-school-group-2, groupId=school-group] Node 0 disconnected.
2026-05-10 02:15:53 [WARN] [Consumer clientId=consumer-school-group-2, groupId=school-group] Connection to node 0 (DESKTOP-8IHU6CM/192.168.1.9:9092) could not be established. Broker may not be available.
2026-05-10 02:15:53 [INFO] [Consumer clientId=consumer-school-group-2, groupId=school-group] Error sending fetch request (sessionId=1999736093, epoch=INITIAL) to node 0:
org.apache.kafka.common.errors.DisconnectException: null
2026-05-10 02:15:56 [INFO] [Consumer clientId=consumer-school-group-2, groupId=school-group] Node 0 disconnected.
2026-05-10 02:15:56 [WARN] [Consumer clientId=consumer-school-group-2, groupId=school-group] Connection to node 0 (DESKTOP-8IHU6CM/192.168.56.1:9092) could not be established. Broker may not be available.
2026-05-10 02:15:59 [INFO] [Consumer clientId=consumer-school-group-2, groupId=school-group] Node 0 disconnected.
2026-05-10 02:15:59 [WARN] [Consumer clientId=consumer-school-group-2, groupId=school-group] Connection to node 0 (DESKTOP-8IHU6CM/192.168.137.1:9092) could not be established. Broker may not be available.
2026-05-10 02:16:02 [INFO] [Consumer clientId=consumer-school-group-2, groupId=school-group] Node 0 disconnected.
2026-05-10 02:16:02 [WARN] [Consumer clientId=consumer-school-group-2, groupId=school-group] Connection to node 0 (DESKTOP-8IHU6CM/192.168.1.9:9092) could not be established. Broker may not be available.
2026-05-10 02:16:02 [INFO] [Consumer clientId=consumer-school-group-2, groupId=school-group] Error sending fetch request (sessionId=1999736093, epoch=INITIAL) to node 0:
org.apache.kafka.common.errors.DisconnectException: null
2026-05-10 02:16:05 [INFO] [Consumer clientId=consumer-school-group-2, groupId=school-group] Node 0 disconnected.
2026-05-10 02:16:05 [WARN] [Consumer clientId=consumer-school-group-2, groupId=school-group] Connection to node 0 (DESKTOP-8IHU6CM/192.168.56.1:9092) could not be established. Broker may not be available.
2026-05-10 02:16:08 [INFO] [Consumer clientId=consumer-school-group-2, groupId=school-group] Node 0 disconnected.
2026-05-10 02:16:08 [WARN] [Consumer clientId=consumer-school-group-2, groupId=school-group] Connection to node 0 (DESKTOP-8IHU6CM/192.168.137.1:9092) could not be established. Broker may not be available.
2026-05-10 02:16:08 [INFO] [Consumer clientId=consumer-school-group-2, groupId=school-group] Error sending fetch request (sessionId=1999736093, epoch=INITIAL) to node 0:
org.apache.kafka.common.errors.DisconnectException: null
2026-05-10 02:16:11 [INFO] [Consumer clientId=consumer-school-group-2, groupId=school-group] Node 0 disconnected.
2026-05-10 02:16:11 [WARN] [Consumer clientId=consumer-school-group-2, groupId=school-group] Connection to node 0 (DESKTOP-8IHU6CM/192.168.1.9:9092) could not be established. Broker may not be available.
2026-05-10 02:16:14 [INFO] [Consumer clientId=consumer-school-group-2, groupId=school-group] Node 0 disconnected.
2026-05-10 02:16:14 [WARN] [Consumer clientId=consumer-school-group-2, groupId=school-group] Connection to node 0 (DESKTOP-8IHU6CM/192.168.56.1:9092) could not be established. Broker may not be available.
2026-05-10 02:16:17 [INFO] [Consumer clientId=consumer-school-group-2, groupId=school-group] Node 0 disconnected.
2026-05-10 02:16:17 [WARN] [Consumer clientId=consumer-school-group-2, groupId=school-group] Connection to node 0 (DESKTOP-8IHU6CM/192.168.137.1:9092) could not be established. Broker may not be available.
2026-05-10 02:16:17 [INFO] [Consumer clientId=consumer-school-group-2, groupId=school-group] Error sending fetch request (sessionId=1999736093, epoch=INITIAL) to node 0:
org.apache.kafka.common.errors.DisconnectException: null
2026-05-10 02:16:20 [INFO] [Consumer clientId=consumer-school-group-2, groupId=school-group] Node 0 disconnected.
2026-05-10 02:16:20 [WARN] [Consumer clientId=consumer-school-group-2, groupId=school-group] Connection to node 0 (DESKTOP-8IHU6CM/192.168.1.9:9092) could not be established. Broker may not be available.
2026-05-10 02:16:23 [INFO] [Consumer clientId=consumer-school-group-2, groupId=school-group] Node 0 disconnected.
2026-05-10 02:16:23 [WARN] [Consumer clientId=consumer-school-group-2, groupId=school-group] Connection to node 0 (DESKTOP-8IHU6CM/192.168.56.1:9092) could not be established. Broker may not be available.
2026-05-10 02:16:23 [INFO] [Consumer clientId=consumer-school-group-2, groupId=school-group] Error sending fetch request (sessionId=1999736093, epoch=INITIAL) to node 0:
org.apache.kafka.common.errors.DisconnectException: null
2026-05-10 02:16:26 [INFO] [Consumer clientId=consumer-school-group-2, groupId=school-group] Node 0 disconnected.
2026-05-10 02:16:26 [WARN] [Consumer clientId=consumer-school-group-2, groupId=school-group] Connection to node 0 (DESKTOP-8IHU6CM/192.168.137.1:9092) could not be established. Broker may not be available.
2026-05-10 02:16:26 [INFO] [Consumer clientId=consumer-school-group-2, groupId=school-group] Error sending fetch request (sessionId=1999736093, epoch=INITIAL) to node 0:
org.apache.kafka.common.errors.DisconnectException: null
2026-05-10 02:16:29 [INFO] [Consumer clientId=consumer-school-group-2, groupId=school-group] Node 0 disconnected.
2026-05-10 02:16:29 [WARN] [Consumer clientId=consumer-school-group-2, groupId=school-group] Connection to node 0 (DESKTOP-8IHU6CM/192.168.1.9:9092) could not be established. Broker may not be available.
2026-05-10 02:16:32 [INFO] [Consumer clientId=consumer-school-group-2, groupId=school-group] Node 0 disconnected.
2026-05-10 02:16:32 [WARN] [Consumer clientId=consumer-school-group-2, groupId=school-group] Connection to node 0 (DESKTOP-8IHU6CM/192.168.56.1:9092) could not be established. Broker may not be available.
2026-05-10 02:16:32 [INFO] [Consumer clientId=consumer-school-group-2, groupId=school-group] Error sending fetch request (sessionId=1999736093, epoch=INITIAL) to node 0:
org.apache.kafka.common.errors.DisconnectException: null
2026-05-10 02:16:35 [INFO] [Consumer clientId=consumer-school-group-2, groupId=school-group] Node 0 disconnected.
2026-05-10 02:16:35 [WARN] [Consumer clientId=consumer-school-group-2, groupId=school-group] Connection to node 0 (DESKTOP-8IHU6CM/192.168.137.1:9092) could not be established. Broker may not be available.
2026-05-10 02:16:38 [INFO] [Consumer clientId=consumer-school-group-2, groupId=school-group] Node 0 disconnected.
2026-05-10 02:16:38 [WARN] [Consumer clientId=consumer-school-group-2, groupId=school-group] Connection to node 0 (DESKTOP-8IHU6CM/192.168.1.9:9092) could not be established. Broker may not be available.
2026-05-10 02:16:38 [INFO] [Consumer clientId=consumer-school-group-2, groupId=school-group] Error sending fetch request (sessionId=1999736093, epoch=INITIAL) to node 0:
org.apache.kafka.common.errors.DisconnectException: null
2026-05-10 02:16:41 [INFO] [Consumer clientId=consumer-school-group-2, groupId=school-group] Node 0 disconnected.
2026-05-10 02:16:41 [WARN] [Consumer clientId=consumer-school-group-2, groupId=school-group] Connection to node 0 (DESKTOP-8IHU6CM/192.168.56.1:9092) could not be established. Broker may not be available.
2026-05-10 02:16:41 [INFO] [Consumer clientId=consumer-school-group-2, groupId=school-group] Error sending fetch request (sessionId=1999736093, epoch=INITIAL) to node 0:
org.apache.kafka.common.errors.DisconnectException: null
2026-05-10 02:16:44 [INFO] [Consumer clientId=consumer-school-group-2, groupId=school-group] Node 0 disconnected.
2026-05-10 02:16:44 [WARN] [Consumer clientId=consumer-school-group-2, groupId=school-group] Connection to node 0 (DESKTOP-8IHU6CM/192.168.137.1:9092) could not be established. Broker may not be available.
2026-05-10 02:16:48 [INFO] [Consumer clientId=consumer-school-group-2, groupId=school-group] Node 0 disconnected.
2026-05-10 02:16:48 [WARN] [Consumer clientId=consumer-school-group-2, groupId=school-group] Connection to node 0 (DESKTOP-8IHU6CM/192.168.1.9:9092) could not be established. Broker may not be available.
2026-05-10 02:16:48 [INFO] [Consumer clientId=consumer-school-group-2, groupId=school-group] Error sending fetch request (sessionId=1999736093, epoch=INITIAL) to node 0:
org.apache.kafka.common.errors.DisconnectException: null
2026-05-10 02:16:51 [INFO] [Consumer clientId=consumer-school-group-2, groupId=school-group] Node 0 disconnected.
2026-05-10 02:16:51 [WARN] [Consumer clientId=consumer-school-group-2, groupId=school-group] Connection to node 0 (DESKTOP-8IHU6CM/192.168.56.1:9092) could not be established. Broker may not be available.
2026-05-10 02:16:54 [INFO] [Consumer clientId=consumer-school-group-2, groupId=school-group] Node 0 disconnected.
2026-05-10 02:16:54 [WARN] [Consumer clientId=consumer-school-group-2, groupId=school-group] Connection to node 0 (DESKTOP-8IHU6CM/192.168.137.1:9092) could not be established. Broker may not be available.
2026-05-10 02:16:57 [INFO] [Consumer clientId=consumer-school-group-2, groupId=school-group] Node 0 disconnected.
2026-05-10 02:16:57 [WARN] [Consumer clientId=consumer-school-group-2, groupId=school-group] Connection to node 0 (DESKTOP-8IHU6CM/192.168.1.9:9092) could not be established. Broker may not be available.
2026-05-10 02:16:57 [INFO] [Consumer clientId=consumer-school-group-2, groupId=school-group] Error sending fetch request (sessionId=1999736093, epoch=INITIAL) to node 0:
org.apache.kafka.common.errors.DisconnectException: null
2026-05-10 02:17:00 [INFO] [Consumer clientId=consumer-school-group-2, groupId=school-group] Node 0 disconnected.
2026-05-10 02:17:00 [WARN] [Consumer clientId=consumer-school-group-2, groupId=school-group] Connection to node 0 (DESKTOP-8IHU6CM/192.168.56.1:9092) could not be established. Broker may not be available.
2026-05-10 02:17:03 [INFO] [Consumer clientId=consumer-school-group-2, groupId=school-group] Node 0 disconnected.
2026-05-10 02:17:03 [WARN] [Consumer clientId=consumer-school-group-2, groupId=school-group] Connection to node 0 (DESKTOP-8IHU6CM/192.168.137.1:9092) could not be established. Broker may not be available.
2026-05-10 02:17:03 [INFO] [Consumer clientId=consumer-school-group-2, groupId=school-group] Error sending fetch request (sessionId=1999736093, epoch=INITIAL) to node 0:
org.apache.kafka.common.errors.DisconnectException: null
2026-05-10 02:17:06 [INFO] [Consumer clientId=consumer-school-group-2, groupId=school-group] Node 0 disconnected.
2026-05-10 02:17:06 [WARN] [Consumer clientId=consumer-school-group-2, groupId=school-group] Connection to node 0 (DESKTOP-8IHU6CM/192.168.1.9:9092) could not be established. Broker may not be available.
2026-05-10 02:17:09 [INFO] [Consumer clientId=consumer-school-group-2, groupId=school-group] Node 0 disconnected.
2026-05-10 02:17:09 [WARN] [Consumer clientId=consumer-school-group-2, groupId=school-group] Connection to node 0 (DESKTOP-8IHU6CM/192.168.56.1:9092) could not be established. Broker may not be available.
2026-05-10 02:17:12 [INFO] [Consumer clientId=consumer-school-group-2, groupId=school-group] Node 0 disconnected.
2026-05-10 02:17:12 [WARN] [Consumer clientId=consumer-school-group-2, groupId=school-group] Connection to node 0 (DESKTOP-8IHU6CM/192.168.137.1:9092) could not be established. Broker may not be available.
2026-05-10 02:17:12 [INFO] [Consumer clientId=consumer-school-group-2, groupId=school-group] Error sending fetch request (sessionId=1999736093, epoch=INITIAL) to node 0:
org.apache.kafka.common.errors.DisconnectException: null
2026-05-10 02:17:15 [INFO] [Consumer clientId=consumer-school-group-2, groupId=school-group] Node 0 disconnected.
2026-05-10 02:17:15 [WARN] [Consumer clientId=consumer-school-group-2, groupId=school-group] Connection to node 0 (DESKTOP-8IHU6CM/192.168.1.9:9092) could not be established. Broker may not be available.
2026-05-10 02:17:18 [INFO] [Consumer clientId=consumer-school-group-2, groupId=school-group] Node 0 disconnected.
2026-05-10 02:17:18 [WARN] [Consumer clientId=consumer-school-group-2, groupId=school-group] Connection to node 0 (DESKTOP-8IHU6CM/192.168.56.1:9092) could not be established. Broker may not be available.
2026-05-10 02:17:21 [INFO] [Consumer clientId=consumer-school-group-2, groupId=school-group] Node 0 disconnected.
2026-05-10 02:17:21 [WARN] [Consumer clientId=consumer-school-group-2, groupId=school-group] Connection to node 0 (DESKTOP-8IHU6CM/192.168.137.1:9092) could not be established. Broker may not be available.
2026-05-10 02:17:24 [INFO] [Consumer clientId=consumer-school-group-2, groupId=school-group] Node 0 disconnected.
2026-05-10 02:17:24 [WARN] [Consumer clientId=consumer-school-group-2, groupId=school-group] Connection to node 0 (DESKTOP-8IHU6CM/192.168.1.9:9092) could not be established. Broker may not be available.
2026-05-10 02:17:27 [INFO] [Consumer clientId=consumer-school-group-2, groupId=school-group] Node 0 disconnected.
2026-05-10 02:17:27 [WARN] [Consumer clientId=consumer-school-group-2, groupId=school-group] Connection to node 0 (DESKTOP-8IHU6CM/192.168.56.1:9092) could not be established. Broker may not be available.
2026-05-10 02:17:27 [INFO] [Consumer clientId=consumer-school-group-2, groupId=school-group] Error sending fetch request (sessionId=1999736093, epoch=INITIAL) to node 0:
org.apache.kafka.common.errors.DisconnectException: null
2026-05-10 02:17:30 [INFO] [Consumer clientId=consumer-school-group-2, groupId=school-group] Node 0 disconnected.
2026-05-10 02:17:30 [WARN] [Consumer clientId=consumer-school-group-2, groupId=school-group] Connection to node 0 (DESKTOP-8IHU6CM/192.168.137.1:9092) could not be established. Broker may not be available.
2026-05-10 02:17:33 [INFO] [Consumer clientId=consumer-school-group-2, groupId=school-group] Node 0 disconnected.
2026-05-10 02:17:33 [WARN] [Consumer clientId=consumer-school-group-2, groupId=school-group] Connection to node 0 (DESKTOP-8IHU6CM/192.168.1.9:9092) could not be established. Broker may not be available.
2026-05-10 02:17:33 [INFO] [Consumer clientId=consumer-school-group-2, groupId=school-group] Error sending fetch request (sessionId=1999736093, epoch=INITIAL) to node 0:
org.apache.kafka.common.errors.DisconnectException: null
2026-05-10 02:17:36 [INFO] [Consumer clientId=consumer-school-group-2, groupId=school-group] Node 0 disconnected.
2026-05-10 02:17:36 [WARN] [Consumer clientId=consumer-school-group-2, groupId=school-group] Connection to node 0 (DESKTOP-8IHU6CM/192.168.56.1:9092) could not be established. Broker may not be available.
2026-05-10 02:17:36 [INFO] [Consumer clientId=consumer-school-group-2, groupId=school-group] Error sending fetch request (sessionId=1999736093, epoch=INITIAL) to node 0:
org.apache.kafka.common.errors.DisconnectException: null
2026-05-10 02:17:39 [INFO] [Consumer clientId=consumer-school-group-2, groupId=school-group] Node 0 disconnected.
2026-05-10 02:17:39 [WARN] [Consumer clientId=consumer-school-group-2, groupId=school-group] Connection to node 0 (DESKTOP-8IHU6CM/192.168.137.1:9092) could not be established. Broker may not be available.
2026-05-10 02:17:42 [INFO] [Consumer clientId=consumer-school-group-2, groupId=school-group] Node 0 disconnected.
2026-05-10 02:17:42 [WARN] [Consumer clientId=consumer-school-group-2, groupId=school-group] Connection to node 0 (DESKTOP-8IHU6CM/192.168.1.9:9092) could not be established. Broker may not be available.
2026-05-10 02:17:42 [INFO] [Consumer clientId=consumer-school-group-2, groupId=school-group] Error sending fetch request (sessionId=1999736093, epoch=INITIAL) to node 0:
org.apache.kafka.common.errors.DisconnectException: null
